[05/Jul/2026:16:31:07 +0200] [upstream] Upstream starting: npm install && npm run build && npm start (env: {'HOME': '/home/groza-bot', 'LANG': 'en_US.UTF-8', 'LC_ALL': 'en_US.UTF-8', 'PATH': '/home/groza-bot/.local/bin:/home/groza-bot/.local/share/gem/ruby/3.4.0/bin:/home/groza-bot/.gem/ruby/3.4.0/bin:/home/groza-bot/.composer/vendor/bin:/home/groza-bot/.npm-packages/bin:/usr/local/bin:/usr/bin:/bin', 'TMPDIR': '/home/groza-bot/admin/tmp', '# ': '=========================================', '# GROZA - PERSONAL LIGHTNING ROD (Zero-Cost)': '', '# Environment Variables Template': '', '# 1. TELEGRAM BOT': '', '# Обязательно: Получите токен у @BotFather': '', 'TELEGRAM_BOT_TOKEN': '"8516017309:AAHZ4PVY46dywE1nmGLOFCclzy1MKA07Ppo"', '# 2. TEMBO POSTGRES (PostGIS)': '', '# Обязательно: Строка подключения из Tembo Cloud': '', 'DATABASE_URL': '"postgresql://neondb_owner:npg_tWIvK3DGLl0w@ep-purple-morning-at630e0v-pooler.c-9.us-east-1.aws.neon.tech/neondb?sslmode=require&channel_binding=require"', '# 3. UPSTASH REDIS': '', '# Обязательно: Данные из консоли Upstash для REST/ioredis': '', 'UPSTASH_REDIS_REST_URL': '"https://upstash-url.upstash.io"', 'UPSTASH_REDIS_REST_TOKEN': '"your_rest_token_here"', 'REDIS_URL': '"rediss://default:gQAAAAAAAbQnAAIgcDE2NDY2N2UyZmQ2ZGE0OTJmYmI0ZjUxMzQxNDc0YjljYw@valued-lion-111655.upstash.io:6379"', '# 4. IMGUR API': '', '# Обязательно: Client ID для анонимной загрузки сгенерированных карт': '', '# Регистрация: https://api.imgur.com/oauth2/addclient': '', 'IMGUR_CLIENT_ID': '"your_client_id_here"', '# 5. THREADS GRAPH API': '', '# Обязательно: User ID и Long-Lived Access Token (60 дней) ': '', '# Токен необходимо рефрешить раз в месяц через cron': '', 'THREADS_USER_ID': '"123456789012345"', 'THREADS_ACCESS_TOKEN': '"EAAXXXXXXX_long_lived_token_here"', '# 6. PORT (Express Server)': '', 'PORT': '8100', 'NODEJS_VERSION': '', 'HOST': 'fd00::7:6dd4', 'IP': 'fd00::7:6dd4'}, cwd: /home/groza-bot/)
[05/Jul/2026:16:31:07 +0200] [upstream] Upstream started PID: 1833232
[05/Jul/2026:16:31:07 +0200] [upstream] [1833232] STDERR: npm error code ENOENT
[05/Jul/2026:16:31:07 +0200] [upstream] [1833232] STDERR: npm error syscall open
[05/Jul/2026:16:31:07 +0200] [upstream] [1833232] STDERR: npm error path /home/groza-bot/package.json
[05/Jul/2026:16:31:07 +0200] [upstream] [1833232] STDERR: npm error errno -2
[05/Jul/2026:16:31:07 +0200] [upstream] [1833232] STDERR: npm error enoent Could not read package.json: Error: ENOENT: no such file or directory, open '/home/groza-bot/package.json'
[05/Jul/2026:16:31:07 +0200] [upstream] [1833232] STDERR: npm error enoent This is related to npm not being able to find a file.
[05/Jul/2026:16:31:07 +0200] [upstream] [1833232] STDERR: npm error enoent
[05/Jul/2026:16:31:07 +0200] [upstream] [1833232] STDERR: npm error A complete log of this run can be found in: /home/groza-bot/.npm/_logs/2026-07-05T14_31_07_490Z-debug-0.log
[05/Jul/2026:16:31:07 +0200] [upstream] Upstream starting failed: npm install && npm run build && npm start (return code: 254 | reason: -)
[05/Jul/2026:16:31:08 +0200] [upstream] Upstream npm install && npm run build && npm start previously failed to start, will not start again until 16:31:08
[05/Jul/2026:16:31:08 +0200] [upstream] Upstream starting: npm install && npm run build && npm start (env: {'HOME': '/home/groza-bot', 'LANG': 'en_US.UTF-8', 'LC_ALL': 'en_US.UTF-8', 'PATH': '/home/groza-bot/.local/bin:/home/groza-bot/.local/share/gem/ruby/3.4.0/bin:/home/groza-bot/.gem/ruby/3.4.0/bin:/home/groza-bot/.composer/vendor/bin:/home/groza-bot/.npm-packages/bin:/usr/local/bin:/usr/bin:/bin', 'TMPDIR': '/home/groza-bot/admin/tmp', '# ': '=========================================', '# GROZA - PERSONAL LIGHTNING ROD (Zero-Cost)': '', '# Environment Variables Template': '', '# 1. TELEGRAM BOT': '', '# Обязательно: Получите токен у @BotFather': '', 'TELEGRAM_BOT_TOKEN': '"8516017309:AAHZ4PVY46dywE1nmGLOFCclzy1MKA07Ppo"', '# 2. TEMBO POSTGRES (PostGIS)': '', '# Обязательно: Строка подключения из Tembo Cloud': '', 'DATABASE_URL': '"postgresql://neondb_owner:npg_tWIvK3DGLl0w@ep-purple-morning-at630e0v-pooler.c-9.us-east-1.aws.neon.tech/neondb?sslmode=require&channel_binding=require"', '# 3. UPSTASH REDIS': '', '# Обязательно: Данные из консоли Upstash для REST/ioredis': '', 'UPSTASH_REDIS_REST_URL': '"https://upstash-url.upstash.io"', 'UPSTASH_REDIS_REST_TOKEN': '"your_rest_token_here"', 'REDIS_URL': '"rediss://default:gQAAAAAAAbQnAAIgcDE2NDY2N2UyZmQ2ZGE0OTJmYmI0ZjUxMzQxNDc0YjljYw@valued-lion-111655.upstash.io:6379"', '# 4. IMGUR API': '', '# Обязательно: Client ID для анонимной загрузки сгенерированных карт': '', '# Регистрация: https://api.imgur.com/oauth2/addclient': '', 'IMGUR_CLIENT_ID': '"your_client_id_here"', '# 5. THREADS GRAPH API': '', '# Обязательно: User ID и Long-Lived Access Token (60 дней) ': '', '# Токен необходимо рефрешить раз в месяц через cron': '', 'THREADS_USER_ID': '"123456789012345"', 'THREADS_ACCESS_TOKEN': '"EAAXXXXXXX_long_lived_token_here"', '# 6. PORT (Express Server)': '', 'PORT': '8100', 'NODEJS_VERSION': '', 'HOST': 'fd00::7:6dd4', 'IP': 'fd00::7:6dd4'}, cwd: /home/groza-bot/)
[05/Jul/2026:16:31:08 +0200] [upstream] Upstream started PID: 1833278
[05/Jul/2026:16:31:09 +0200] [upstream] [1833278] STDERR: npm error code ENOENT
[05/Jul/2026:16:31:09 +0200] [upstream] [1833278] STDERR: npm error syscall open
[05/Jul/2026:16:31:09 +0200] [upstream] [1833278] STDERR: npm error path /home/groza-bot/package.json
[05/Jul/2026:16:31:09 +0200] [upstream] [1833278] STDERR: npm error errno -2
[05/Jul/2026:16:31:09 +0200] [upstream] [1833278] STDERR: npm error enoent Could not read package.json: Error: ENOENT: no such file or directory, open '/home/groza-bot/package.json'
[05/Jul/2026:16:31:09 +0200] [upstream] [1833278] STDERR: npm error enoent This is related to npm not being able to find a file.
[05/Jul/2026:16:31:09 +0200] [upstream] [1833278] STDERR: npm error enoent
[05/Jul/2026:16:31:09 +0200] [upstream] [1833278] STDERR: npm error A complete log of this run can be found in: /home/groza-bot/.npm/_logs/2026-07-05T14_31_08_917Z-debug-0.log
[05/Jul/2026:16:31:09 +0200] [upstream] Upstream starting failed: npm install && npm run build && npm start (return code: 254 | reason: -)
[05/Jul/2026:16:31:09 +0200] [upstream] Upstream npm install && npm run build && npm start previously failed to start, will not start again until 16:31:11
[05/Jul/2026:16:33:22 +0200] [upstream] Upstream starting: npm install && npm run build && npm start (env: {'HOME': '/home/groza-bot', 'LANG': 'en_US.UTF-8', 'LC_ALL': 'en_US.UTF-8', 'PATH': '/home/groza-bot/.local/bin:/home/groza-bot/.local/share/gem/ruby/3.4.0/bin:/home/groza-bot/.gem/ruby/3.4.0/bin:/home/groza-bot/.composer/vendor/bin:/home/groza-bot/.npm-packages/bin:/usr/local/bin:/usr/bin:/bin', 'TMPDIR': '/home/groza-bot/admin/tmp', '# ': '=========================================', '# GROZA - PERSONAL LIGHTNING ROD (Zero-Cost)': '', '# Environment Variables Template': '', '# 1. TELEGRAM BOT': '', '# Обязательно: Получите токен у @BotFather': '', 'TELEGRAM_BOT_TOKEN': '"8516017309:AAHZ4PVY46dywE1nmGLOFCclzy1MKA07Ppo"', '# 2. TEMBO POSTGRES (PostGIS)': '', '# Обязательно: Строка подключения из Tembo Cloud': '', 'DATABASE_URL': '"postgresql://neondb_owner:npg_tWIvK3DGLl0w@ep-purple-morning-at630e0v-pooler.c-9.us-east-1.aws.neon.tech/neondb?sslmode=require&channel_binding=require"', '# 3. UPSTASH REDIS': '', '# Обязательно: Данные из консоли Upstash для REST/ioredis': '', 'UPSTASH_REDIS_REST_URL': '"https://upstash-url.upstash.io"', 'UPSTASH_REDIS_REST_TOKEN': '"your_rest_token_here"', 'REDIS_URL': '"rediss://default:gQAAAAAAAbQnAAIgcDE2NDY2N2UyZmQ2ZGE0OTJmYmI0ZjUxMzQxNDc0YjljYw@valued-lion-111655.upstash.io:6379"', '# 4. IMGUR API': '', '# Обязательно: Client ID для анонимной загрузки сгенерированных карт': '', '# Регистрация: https://api.imgur.com/oauth2/addclient': '', 'IMGUR_CLIENT_ID': '"your_client_id_here"', '# 5. THREADS GRAPH API': '', '# Обязательно: User ID и Long-Lived Access Token (60 дней) ': '', '# Токен необходимо рефрешить раз в месяц через cron': '', 'THREADS_USER_ID': '"123456789012345"', 'THREADS_ACCESS_TOKEN': '"EAAXXXXXXX_long_lived_token_here"', '# 6. PORT (Express Server)': '', 'PORT': '8100', 'NODEJS_VERSION': '', 'HOST': 'fd00::7:6dd4', 'IP': 'fd00::7:6dd4'}, cwd: /home/groza-bot/)
[05/Jul/2026:16:33:22 +0200] [upstream] Upstream started PID: 1836677
[05/Jul/2026:16:33:22 +0200] [upstream] [1836677] STDERR: npm error code ENOENT
[05/Jul/2026:16:33:22 +0200] [upstream] [1836677] STDERR: npm error syscall open
[05/Jul/2026:16:33:22 +0200] [upstream] [1836677] STDERR: npm error path /home/groza-bot/package.json
[05/Jul/2026:16:33:22 +0200] [upstream] [1836677] STDERR: npm error errno -2
[05/Jul/2026:16:33:22 +0200] [upstream] [1836677] STDERR: npm error enoent Could not read package.json: Error: ENOENT: no such file or directory, open '/home/groza-bot/package.json'
[05/Jul/2026:16:33:22 +0200] [upstream] [1836677] STDERR: npm error enoent This is related to npm not being able to find a file.
[05/Jul/2026:16:33:22 +0200] [upstream] [1836677] STDERR: npm error enoent
[05/Jul/2026:16:33:22 +0200] [upstream] [1836677] STDERR: npm error A complete log of this run can be found in: /home/groza-bot/.npm/_logs/2026-07-05T14_33_22_151Z-debug-0.log
[05/Jul/2026:16:33:22 +0200] [upstream] Upstream starting failed: npm install && npm run build && npm start (return code: 254 | reason: -)
[05/Jul/2026:16:33:22 +0200] [upstream] Upstream npm install && npm run build && npm start previously failed to start, will not start again until 16:33:23
[05/Jul/2026:16:33:23 +0200] [upstream] Upstream npm install && npm run build && npm start previously failed to start, will not start again until 16:33:23
[05/Jul/2026:16:46:54 +0200] [upstream] Upstream starting: cd www && npm install && npm run build && npm start (env: {'HOME': '/home/groza-bot', 'LANG': 'en_US.UTF-8', 'LC_ALL': 'en_US.UTF-8', 'PATH': '/home/groza-bot/.local/bin:/home/groza-bot/.local/share/gem/ruby/3.4.0/bin:/home/groza-bot/.gem/ruby/3.4.0/bin:/home/groza-bot/.composer/vendor/bin:/home/groza-bot/.npm-packages/bin:/usr/local/bin:/usr/bin:/bin', 'TMPDIR': '/home/groza-bot/admin/tmp', '# ': '=========================================', '# GROZA - PERSONAL LIGHTNING ROD (Zero-Cost)': '', '# Environment Variables Template': '', '# 1. TELEGRAM BOT': '', '# Обязательно: Получите токен у @BotFather': '', 'TELEGRAM_BOT_TOKEN': '"8516017309:AAHZ4PVY46dywE1nmGLOFCclzy1MKA07Ppo"', '# 2. TEMBO POSTGRES (PostGIS)': '', '# Обязательно: Строка подключения из Tembo Cloud': '', 'DATABASE_URL': '"postgresql://neondb_owner:npg_tWIvK3DGLl0w@ep-purple-morning-at630e0v-pooler.c-9.us-east-1.aws.neon.tech/neondb?sslmode=require&channel_binding=require"', '# 3. UPSTASH REDIS': '', '# Обязательно: Данные из консоли Upstash для REST/ioredis': '', 'UPSTASH_REDIS_REST_URL': '"https://upstash-url.upstash.io"', 'UPSTASH_REDIS_REST_TOKEN': '"your_rest_token_here"', 'REDIS_URL': '"rediss://default:gQAAAAAAAbQnAAIgcDE2NDY2N2UyZmQ2ZGE0OTJmYmI0ZjUxMzQxNDc0YjljYw@valued-lion-111655.upstash.io:6379"', '# 4. IMGUR API': '', '# Обязательно: Client ID для анонимной загрузки сгенерированных карт': '', '# Регистрация: https://api.imgur.com/oauth2/addclient': '', 'IMGUR_CLIENT_ID': '"your_client_id_here"', '# 5. THREADS GRAPH API': '', '# Обязательно: User ID и Long-Lived Access Token (60 дней) ': '', '# Токен необходимо рефрешить раз в месяц через cron': '', 'THREADS_USER_ID': '"123456789012345"', 'THREADS_ACCESS_TOKEN': '"EAAXXXXXXX_long_lived_token_here"', '# 6. PORT (Express Server)': '', 'PORT': '8100', 'NODEJS_VERSION': '', 'HOST': 'fd00::7:6dd4', 'IP': 'fd00::7:6dd4'}, cwd: /home/groza-bot/)
[05/Jul/2026:16:46:54 +0200] [upstream] Upstream started PID: 1856498
[05/Jul/2026:16:46:54 +0200] [upstream] Upstream starting failed: cd www && npm install && npm run build && npm start (return code: 127 | reason: -)
[05/Jul/2026:16:46:55 +0200] [upstream] Upstream cd www && npm install && npm run build && npm start previously failed to start, will not start again until 16:46:55
[05/Jul/2026:16:50:12 +0200] [upstream] Upstream starting: npm start (env: {'HOME': '/home/groza-bot', 'LANG': 'en_US.UTF-8', 'LC_ALL': 'en_US.UTF-8', 'PATH': '/home/groza-bot/.local/bin:/home/groza-bot/.local/share/gem/ruby/3.4.0/bin:/home/groza-bot/.gem/ruby/3.4.0/bin:/home/groza-bot/.composer/vendor/bin:/home/groza-bot/.npm-packages/bin:/usr/local/bin:/usr/bin:/bin', 'TMPDIR': '/home/groza-bot/admin/tmp', '# ': '=========================================', '# GROZA - PERSONAL LIGHTNING ROD (Zero-Cost)': '', '# Environment Variables Template': '', '# 1. TELEGRAM BOT': '', '# Обязательно: Получите токен у @BotFather': '', 'TELEGRAM_BOT_TOKEN': '"8516017309:AAHZ4PVY46dywE1nmGLOFCclzy1MKA07Ppo"', '# 2. TEMBO POSTGRES (PostGIS)': '', '# Обязательно: Строка подключения из Tembo Cloud': '', 'DATABASE_URL': '"postgresql://neondb_owner:npg_tWIvK3DGLl0w@ep-purple-morning-at630e0v-pooler.c-9.us-east-1.aws.neon.tech/neondb?sslmode=require&channel_binding=require"', '# 3. UPSTASH REDIS': '', '# Обязательно: Данные из консоли Upstash для REST/ioredis': '', 'UPSTASH_REDIS_REST_URL': '"https://upstash-url.upstash.io"', 'UPSTASH_REDIS_REST_TOKEN': '"your_rest_token_here"', 'REDIS_URL': '"rediss://default:gQAAAAAAAbQnAAIgcDE2NDY2N2UyZmQ2ZGE0OTJmYmI0ZjUxMzQxNDc0YjljYw@valued-lion-111655.upstash.io:6379"', '# 4. IMGUR API': '', '# Обязательно: Client ID для анонимной загрузки сгенерированных карт': '', '# Регистрация: https://api.imgur.com/oauth2/addclient': '', 'IMGUR_CLIENT_ID': '"your_client_id_here"', '# 5. THREADS GRAPH API': '', '# Обязательно: User ID и Long-Lived Access Token (60 дней) ': '', '# Токен необходимо рефрешить раз в месяц через cron': '', 'THREADS_USER_ID': '"123456789012345"', 'THREADS_ACCESS_TOKEN': '"EAAXXXXXXX_long_lived_token_here"', '# 6. PORT (Express Server)': '', 'PORT': '8100', 'NODEJS_VERSION': '', 'HOST': 'fd00::7:6dd4', 'IP': 'fd00::7:6dd4'}, cwd: /home/groza-bot/home/groza-bot/www/)
[05/Jul/2026:16:50:12 +0200] [upstream] Upstream starting failed: npm start (return code: - | reason: No such file or directory)
[05/Jul/2026:16:50:12 +0200] [upstream] Upstream npm start previously failed to start, will not start again until 16:50:13
[05/Jul/2026:16:52:16 +0200] [upstream] Upstream starting: npm start (env: {'HOME': '/home/groza-bot', 'LANG': 'en_US.UTF-8', 'LC_ALL': 'en_US.UTF-8', 'PATH': '/home/groza-bot/.local/bin:/home/groza-bot/.local/share/gem/ruby/3.4.0/bin:/home/groza-bot/.gem/ruby/3.4.0/bin:/home/groza-bot/.composer/vendor/bin:/home/groza-bot/.npm-packages/bin:/usr/local/bin:/usr/bin:/bin', 'TMPDIR': '/home/groza-bot/admin/tmp', '# ': '=========================================', '# GROZA - PERSONAL LIGHTNING ROD (Zero-Cost)': '', '# Environment Variables Template': '', '# 1. TELEGRAM BOT': '', '# Обязательно: Получите токен у @BotFather': '', 'TELEGRAM_BOT_TOKEN': '"8516017309:AAHZ4PVY46dywE1nmGLOFCclzy1MKA07Ppo"', '# 2. TEMBO POSTGRES (PostGIS)': '', '# Обязательно: Строка подключения из Tembo Cloud': '', 'DATABASE_URL': '"postgresql://neondb_owner:npg_tWIvK3DGLl0w@ep-purple-morning-at630e0v-pooler.c-9.us-east-1.aws.neon.tech/neondb?sslmode=require&channel_binding=require"', '# 3. UPSTASH REDIS': '', '# Обязательно: Данные из консоли Upstash для REST/ioredis': '', 'UPSTASH_REDIS_REST_URL': '"https://upstash-url.upstash.io"', 'UPSTASH_REDIS_REST_TOKEN': '"your_rest_token_here"', 'REDIS_URL': '"rediss://default:gQAAAAAAAbQnAAIgcDE2NDY2N2UyZmQ2ZGE0OTJmYmI0ZjUxMzQxNDc0YjljYw@valued-lion-111655.upstash.io:6379"', '# 4. IMGUR API': '', '# Обязательно: Client ID для анонимной загрузки сгенерированных карт': '', '# Регистрация: https://api.imgur.com/oauth2/addclient': '', 'IMGUR_CLIENT_ID': '"your_client_id_here"', '# 5. THREADS GRAPH API': '', '# Обязательно: User ID и Long-Lived Access Token (60 дней) ': '', '# Токен необходимо рефрешить раз в месяц через cron': '', 'THREADS_USER_ID': '"123456789012345"', 'THREADS_ACCESS_TOKEN': '"EAAXXXXXXX_long_lived_token_here"', '# 6. PORT (Express Server)': '', 'PORT': '8100', 'NODEJS_VERSION': '', 'HOST': 'fd00::7:6dd4', 'IP': 'fd00::7:6dd4'}, cwd: /home/groza-bot/www)
[05/Jul/2026:16:52:16 +0200] [upstream] Upstream started PID: 1864841
[05/Jul/2026:16:52:16 +0200] [upstream] [1864841] STDOUT: 
[05/Jul/2026:16:52:16 +0200] [upstream] [1864841] STDOUT: > groza@1.0.0 start
[05/Jul/2026:16:52:16 +0200] [upstream] [1864841] STDOUT: > node dist/index.js
[05/Jul/2026:16:52:16 +0200] [upstream] [1864841] STDOUT: 
[05/Jul/2026:16:52:16 +0200] [upstream] [1864841] STDERR: node:internal/modules/cjs/loader:1503
[05/Jul/2026:16:52:16 +0200] [upstream] [1864841] STDERR:   throw err;
[05/Jul/2026:16:52:16 +0200] [upstream] [1864841] STDERR:   ^
[05/Jul/2026:16:52:16 +0200] [upstream] [1864841] STDERR: 
[05/Jul/2026:16:52:16 +0200] [upstream] [1864841] STDERR: Error: Cannot find module '/home/groza-bot/www/dist/index.js'
[05/Jul/2026:16:52:16 +0200] [upstream] [1864841] STDERR:     at Module._resolveFilename (node:internal/modules/cjs/loader:1500:15)
[05/Jul/2026:16:52:16 +0200] [upstream] [1864841] STDERR:     at wrapResolveFilename (node:internal/modules/cjs/loader:1071:27)
[05/Jul/2026:16:52:16 +0200] [upstream] [1864841] STDERR:     at defaultResolveImplForCJSLoading (node:internal/modules/cjs/loader:1095:10)
[05/Jul/2026:16:52:16 +0200] [upstream] [1864841] STDERR:     at resolveForCJSWithHooks (node:internal/modules/cjs/loader:1116:12)
[05/Jul/2026:16:52:16 +0200] [upstream] [1864841] STDERR:     at Module._load (node:internal/modules/cjs/loader:1285:25)
[05/Jul/2026:16:52:16 +0200] [upstream] [1864841] STDERR:     at wrapModuleLoad (node:internal/modules/cjs/loader:255:19)
[05/Jul/2026:16:52:16 +0200] [upstream] [1864841] STDERR:     at Module.executeUserEntryPoint [as runMain] (node:internal/modules/run_main:154:5)
[05/Jul/2026:16:52:16 +0200] [upstream] [1864841] STDERR:     at node:internal/main/run_main_module:33:47 {
[05/Jul/2026:16:52:16 +0200] [upstream] [1864841] STDERR:   code: 'MODULE_NOT_FOUND',
[05/Jul/2026:16:52:16 +0200] [upstream] [1864841] STDERR:   requireStack: []
[05/Jul/2026:16:52:16 +0200] [upstream] [1864841] STDERR: }
[05/Jul/2026:16:52:16 +0200] [upstream] [1864841] STDERR: 
[05/Jul/2026:16:52:16 +0200] [upstream] [1864841] STDERR: Node.js v24.17.0
[05/Jul/2026:16:52:16 +0200] [upstream] Upstream starting failed: npm start (return code: 1 | reason: -)
[05/Jul/2026:16:52:16 +0200] [upstream] Upstream npm start previously failed to start, will not start again until 16:52:17
[05/Jul/2026:16:52:18 +0200] [upstream] Upstream starting: npm start (env: {'HOME': '/home/groza-bot', 'LANG': 'en_US.UTF-8', 'LC_ALL': 'en_US.UTF-8', 'PATH': '/home/groza-bot/.local/bin:/home/groza-bot/.local/share/gem/ruby/3.4.0/bin:/home/groza-bot/.gem/ruby/3.4.0/bin:/home/groza-bot/.composer/vendor/bin:/home/groza-bot/.npm-packages/bin:/usr/local/bin:/usr/bin:/bin', 'TMPDIR': '/home/groza-bot/admin/tmp', '# ': '=========================================', '# GROZA - PERSONAL LIGHTNING ROD (Zero-Cost)': '', '# Environment Variables Template': '', '# 1. TELEGRAM BOT': '', '# Обязательно: Получите токен у @BotFather': '', 'TELEGRAM_BOT_TOKEN': '"8516017309:AAHZ4PVY46dywE1nmGLOFCclzy1MKA07Ppo"', '# 2. TEMBO POSTGRES (PostGIS)': '', '# Обязательно: Строка подключения из Tembo Cloud': '', 'DATABASE_URL': '"postgresql://neondb_owner:npg_tWIvK3DGLl0w@ep-purple-morning-at630e0v-pooler.c-9.us-east-1.aws.neon.tech/neondb?sslmode=require&channel_binding=require"', '# 3. UPSTASH REDIS': '', '# Обязательно: Данные из консоли Upstash для REST/ioredis': '', 'UPSTASH_REDIS_REST_URL': '"https://upstash-url.upstash.io"', 'UPSTASH_REDIS_REST_TOKEN': '"your_rest_token_here"', 'REDIS_URL': '"rediss://default:gQAAAAAAAbQnAAIgcDE2NDY2N2UyZmQ2ZGE0OTJmYmI0ZjUxMzQxNDc0YjljYw@valued-lion-111655.upstash.io:6379"', '# 4. IMGUR API': '', '# Обязательно: Client ID для анонимной загрузки сгенерированных карт': '', '# Регистрация: https://api.imgur.com/oauth2/addclient': '', 'IMGUR_CLIENT_ID': '"your_client_id_here"', '# 5. THREADS GRAPH API': '', '# Обязательно: User ID и Long-Lived Access Token (60 дней) ': '', '# Токен необходимо рефрешить раз в месяц через cron': '', 'THREADS_USER_ID': '"123456789012345"', 'THREADS_ACCESS_TOKEN': '"EAAXXXXXXX_long_lived_token_here"', '# 6. PORT (Express Server)': '', 'PORT': '8100', 'NODEJS_VERSION': '', 'HOST': 'fd00::7:6dd4', 'IP': 'fd00::7:6dd4'}, cwd: /home/groza-bot/www)
[05/Jul/2026:16:52:18 +0200] [upstream] Upstream started PID: 1864905
[05/Jul/2026:16:52:18 +0200] [upstream] [1864905] STDOUT: 
[05/Jul/2026:16:52:18 +0200] [upstream] [1864905] STDOUT: > groza@1.0.0 start
[05/Jul/2026:16:52:18 +0200] [upstream] [1864905] STDOUT: > node dist/index.js
[05/Jul/2026:16:52:18 +0200] [upstream] [1864905] STDOUT: 
[05/Jul/2026:16:52:18 +0200] [upstream] [1864905] STDERR: node:internal/modules/cjs/loader:1503
[05/Jul/2026:16:52:18 +0200] [upstream] [1864905] STDERR:   throw err;
[05/Jul/2026:16:52:18 +0200] [upstream] [1864905] STDERR:   ^
[05/Jul/2026:16:52:18 +0200] [upstream] [1864905] STDERR: 
[05/Jul/2026:16:52:18 +0200] [upstream] [1864905] STDERR: Error: Cannot find module '/home/groza-bot/www/dist/index.js'
[05/Jul/2026:16:52:18 +0200] [upstream] [1864905] STDERR:     at Module._resolveFilename (node:internal/modules/cjs/loader:1500:15)
[05/Jul/2026:16:52:18 +0200] [upstream] [1864905] STDERR:     at wrapResolveFilename (node:internal/modules/cjs/loader:1071:27)
[05/Jul/2026:16:52:18 +0200] [upstream] [1864905] STDERR:     at defaultResolveImplForCJSLoading (node:internal/modules/cjs/loader:1095:10)
[05/Jul/2026:16:52:18 +0200] [upstream] [1864905] STDERR:     at resolveForCJSWithHooks (node:internal/modules/cjs/loader:1116:12)
[05/Jul/2026:16:52:18 +0200] [upstream] [1864905] STDERR:     at Module._load (node:internal/modules/cjs/loader:1285:25)
[05/Jul/2026:16:52:18 +0200] [upstream] [1864905] STDERR:     at wrapModuleLoad (node:internal/modules/cjs/loader:255:19)
[05/Jul/2026:16:52:18 +0200] [upstream] [1864905] STDERR:     at Module.executeUserEntryPoint [as runMain] (node:internal/modules/run_main:154:5)
[05/Jul/2026:16:52:18 +0200] [upstream] [1864905] STDERR:     at node:internal/main/run_main_module:33:47 {
[05/Jul/2026:16:52:18 +0200] [upstream] [1864905] STDERR:   code: 'MODULE_NOT_FOUND',
[05/Jul/2026:16:52:18 +0200] [upstream] [1864905] STDERR:   requireStack: []
[05/Jul/2026:16:52:18 +0200] [upstream] [1864905] STDERR: }
[05/Jul/2026:16:52:18 +0200] [upstream] [1864905] STDERR: 
[05/Jul/2026:16:52:18 +0200] [upstream] [1864905] STDERR: Node.js v24.17.0
[05/Jul/2026:16:52:18 +0200] [upstream] Upstream starting failed: npm start (return code: 1 | reason: -)
[05/Jul/2026:16:52:18 +0200] [upstream] Upstream npm start previously failed to start, will not start again until 16:52:20
[05/Jul/2026:16:54:40 +0200] [upstream] Upstream starting: npm start (env: {'HOME': '/home/groza-bot', 'LANG': 'en_US.UTF-8', 'LC_ALL': 'en_US.UTF-8', 'PATH': '/home/groza-bot/.local/bin:/home/groza-bot/.local/share/gem/ruby/3.4.0/bin:/home/groza-bot/.gem/ruby/3.4.0/bin:/home/groza-bot/.composer/vendor/bin:/home/groza-bot/.npm-packages/bin:/usr/local/bin:/usr/bin:/bin', 'TMPDIR': '/home/groza-bot/admin/tmp', '# ': '=========================================', '# GROZA - PERSONAL LIGHTNING ROD (Zero-Cost)': '', '# Environment Variables Template': '', '# 1. TELEGRAM BOT': '', '# Обязательно: Получите токен у @BotFather': '', 'TELEGRAM_BOT_TOKEN': '"8516017309:AAHZ4PVY46dywE1nmGLOFCclzy1MKA07Ppo"', '# 2. TEMBO POSTGRES (PostGIS)': '', '# Обязательно: Строка подключения из Tembo Cloud': '', 'DATABASE_URL': '"postgresql://neondb_owner:npg_tWIvK3DGLl0w@ep-purple-morning-at630e0v-pooler.c-9.us-east-1.aws.neon.tech/neondb?sslmode=require&channel_binding=require"', '# 3. UPSTASH REDIS': '', '# Обязательно: Данные из консоли Upstash для REST/ioredis': '', 'UPSTASH_REDIS_REST_URL': '"https://upstash-url.upstash.io"', 'UPSTASH_REDIS_REST_TOKEN': '"your_rest_token_here"', 'REDIS_URL': '"rediss://default:gQAAAAAAAbQnAAIgcDE2NDY2N2UyZmQ2ZGE0OTJmYmI0ZjUxMzQxNDc0YjljYw@valued-lion-111655.upstash.io:6379"', '# 4. IMGUR API': '', '# Обязательно: Client ID для анонимной загрузки сгенерированных карт': '', '# Регистрация: https://api.imgur.com/oauth2/addclient': '', 'IMGUR_CLIENT_ID': '"your_client_id_here"', '# 5. THREADS GRAPH API': '', '# Обязательно: User ID и Long-Lived Access Token (60 дней) ': '', '# Токен необходимо рефрешить раз в месяц через cron': '', 'THREADS_USER_ID': '"123456789012345"', 'THREADS_ACCESS_TOKEN': '"EAAXXXXXXX_long_lived_token_here"', '# 6. PORT (Express Server)': '', 'PORT': '8100', 'NODEJS_VERSION': '', 'HOST': 'fd00::7:6dd4', 'IP': 'fd00::7:6dd4'}, cwd: /home/groza-bot/www)
[05/Jul/2026:16:54:40 +0200] [upstream] Upstream started PID: 1868381
[05/Jul/2026:16:54:40 +0200] [upstream] [1868381] STDOUT: 
[05/Jul/2026:16:54:40 +0200] [upstream] [1868381] STDOUT: > groza@1.0.0 start
[05/Jul/2026:16:54:40 +0200] [upstream] [1868381] STDOUT: > node dist/index.js
[05/Jul/2026:16:54:40 +0200] [upstream] [1868381] STDOUT: 
[05/Jul/2026:16:54:40 +0200] [upstream] [1868381] STDERR: node:internal/modules/cjs/loader:1503
[05/Jul/2026:16:54:40 +0200] [upstream] [1868381] STDERR:   throw err;
[05/Jul/2026:16:54:40 +0200] [upstream] [1868381] STDERR:   ^
[05/Jul/2026:16:54:40 +0200] [upstream] [1868381] STDERR: 
[05/Jul/2026:16:54:40 +0200] [upstream] [1868381] STDERR: Error: Cannot find module 'pg'
[05/Jul/2026:16:54:40 +0200] [upstream] [1868381] STDERR: Require stack:
[05/Jul/2026:16:54:40 +0200] [upstream] [1868381] STDERR: - /home/groza-bot/www/dist/db/tembo.js
[05/Jul/2026:16:54:40 +0200] [upstream] [1868381] STDERR: - /home/groza-bot/www/dist/index.js
[05/Jul/2026:16:54:40 +0200] [upstream] [1868381] STDERR:     at Module._resolveFilename (node:internal/modules/cjs/loader:1500:15)
[05/Jul/2026:16:54:40 +0200] [upstream] [1868381] STDERR:     at wrapResolveFilename (node:internal/modules/cjs/loader:1071:27)
[05/Jul/2026:16:54:40 +0200] [upstream] [1868381] STDERR:     at defaultResolveImplForCJSLoading (node:internal/modules/cjs/loader:1095:10)
[05/Jul/2026:16:54:40 +0200] [upstream] [1868381] STDERR:     at resolveForCJSWithHooks (node:internal/modules/cjs/loader:1116:12)
[05/Jul/2026:16:54:40 +0200] [upstream] [1868381] STDERR:     at Module._load (node:internal/modules/cjs/loader:1285:25)
[05/Jul/2026:16:54:40 +0200] [upstream] [1868381] STDERR:     at wrapModuleLoad (node:internal/modules/cjs/loader:255:19)
[05/Jul/2026:16:54:40 +0200] [upstream] [1868381] STDERR:     at Module.require (node:internal/modules/cjs/loader:1600:12)
[05/Jul/2026:16:54:40 +0200] [upstream] [1868381] STDERR:     at require (node:internal/modules/helpers:153:16)
[05/Jul/2026:16:54:40 +0200] [upstream] [1868381] STDERR:     at Object.<anonymous> (/home/groza-bot/www/dist/db/tembo.js:8:14)
[05/Jul/2026:16:54:40 +0200] [upstream] [1868381] STDERR:     at Module._compile (node:internal/modules/cjs/loader:1854:14) {
[05/Jul/2026:16:54:40 +0200] [upstream] [1868381] STDERR:   code: 'MODULE_NOT_FOUND',
[05/Jul/2026:16:54:40 +0200] [upstream] [1868381] STDERR:   requireStack: [
[05/Jul/2026:16:54:40 +0200] [upstream] [1868381] STDERR:     '/home/groza-bot/www/dist/db/tembo.js',
[05/Jul/2026:16:54:40 +0200] [upstream] [1868381] STDERR:     '/home/groza-bot/www/dist/index.js'
[05/Jul/2026:16:54:40 +0200] [upstream] [1868381] STDERR:   ]
[05/Jul/2026:16:54:40 +0200] [upstream] [1868381] STDERR: }
[05/Jul/2026:16:54:40 +0200] [upstream] [1868381] STDERR: 
[05/Jul/2026:16:54:40 +0200] [upstream] [1868381] STDERR: Node.js v24.17.0
[05/Jul/2026:16:54:40 +0200] [upstream] Upstream starting failed: npm start (return code: 1 | reason: -)
[05/Jul/2026:16:54:40 +0200] [upstream] Upstream npm start previously failed to start, will not start again until 16:54:41
[05/Jul/2026:16:54:41 +0200] [upstream] Upstream npm start previously failed to start, will not start again until 16:54:41
[05/Jul/2026:16:56:05 +0200] [upstream] Upstream starting: npm start (env: {'HOME': '/home/groza-bot', 'LANG': 'en_US.UTF-8', 'LC_ALL': 'en_US.UTF-8', 'PATH': '/home/groza-bot/.local/bin:/home/groza-bot/.local/share/gem/ruby/3.4.0/bin:/home/groza-bot/.gem/ruby/3.4.0/bin:/home/groza-bot/.composer/vendor/bin:/home/groza-bot/.npm-packages/bin:/usr/local/bin:/usr/bin:/bin', 'TMPDIR': '/home/groza-bot/admin/tmp', '# ': '=========================================', '# GROZA - PERSONAL LIGHTNING ROD (Zero-Cost)': '', '# Environment Variables Template': '', '# 1. TELEGRAM BOT': '', '# Обязательно: Получите токен у @BotFather': '', 'TELEGRAM_BOT_TOKEN': '"8516017309:AAHZ4PVY46dywE1nmGLOFCclzy1MKA07Ppo"', '# 2. TEMBO POSTGRES (PostGIS)': '', '# Обязательно: Строка подключения из Tembo Cloud': '', 'DATABASE_URL': '"postgresql://neondb_owner:npg_tWIvK3DGLl0w@ep-purple-morning-at630e0v-pooler.c-9.us-east-1.aws.neon.tech/neondb?sslmode=require&channel_binding=require"', '# 3. UPSTASH REDIS': '', '# Обязательно: Данные из консоли Upstash для REST/ioredis': '', 'UPSTASH_REDIS_REST_URL': '"https://upstash-url.upstash.io"', 'UPSTASH_REDIS_REST_TOKEN': '"your_rest_token_here"', 'REDIS_URL': '"rediss://default:gQAAAAAAAbQnAAIgcDE2NDY2N2UyZmQ2ZGE0OTJmYmI0ZjUxMzQxNDc0YjljYw@valued-lion-111655.upstash.io:6379"', '# 4. IMGUR API': '', '# Обязательно: Client ID для анонимной загрузки сгенерированных карт': '', '# Регистрация: https://api.imgur.com/oauth2/addclient': '', 'IMGUR_CLIENT_ID': '"your_client_id_here"', '# 5. THREADS GRAPH API': '', '# Обязательно: User ID и Long-Lived Access Token (60 дней) ': '', '# Токен необходимо рефрешить раз в месяц через cron': '', 'THREADS_USER_ID': '"123456789012345"', 'THREADS_ACCESS_TOKEN': '"EAAXXXXXXX_long_lived_token_here"', '# 6. PORT (Express Server)': '', 'PORT': '8100', 'NODEJS_VERSION': '', 'HOST': 'fd00::7:6dd4', 'IP': 'fd00::7:6dd4'}, cwd: /home/groza-bot/www)
[05/Jul/2026:16:56:05 +0200] [upstream] Upstream started PID: 1870595
[05/Jul/2026:16:56:05 +0200] [upstream] [1870595] STDOUT: 
[05/Jul/2026:16:56:05 +0200] [upstream] [1870595] STDOUT: > groza@1.0.0 start
[05/Jul/2026:16:56:05 +0200] [upstream] [1870595] STDOUT: > npm install && node dist/index.js
[05/Jul/2026:16:56:05 +0200] [upstream] [1870595] STDOUT: 
[05/Jul/2026:16:56:21 +0200] [upstream] [1870595] STDERR: Killed
[05/Jul/2026:16:56:21 +0200] [upstream] [1870595] Upstream stopped (reason: exited spontaneously with return code 137)
[05/Jul/2026:16:56:21 +0200] [upstream] Upstream starting: npm start (env: {'HOME': '/home/groza-bot', 'LANG': 'en_US.UTF-8', 'LC_ALL': 'en_US.UTF-8', 'PATH': '/home/groza-bot/.local/bin:/home/groza-bot/.local/share/gem/ruby/3.4.0/bin:/home/groza-bot/.gem/ruby/3.4.0/bin:/home/groza-bot/.composer/vendor/bin:/home/groza-bot/.npm-packages/bin:/usr/local/bin:/usr/bin:/bin', 'TMPDIR': '/home/groza-bot/admin/tmp', '# ': '=========================================', '# GROZA - PERSONAL LIGHTNING ROD (Zero-Cost)': '', '# Environment Variables Template': '', '# 1. TELEGRAM BOT': '', '# Обязательно: Получите токен у @BotFather': '', 'TELEGRAM_BOT_TOKEN': '"8516017309:AAHZ4PVY46dywE1nmGLOFCclzy1MKA07Ppo"', '# 2. TEMBO POSTGRES (PostGIS)': '', '# Обязательно: Строка подключения из Tembo Cloud': '', 'DATABASE_URL': '"postgresql://neondb_owner:npg_tWIvK3DGLl0w@ep-purple-morning-at630e0v-pooler.c-9.us-east-1.aws.neon.tech/neondb?sslmode=require&channel_binding=require"', '# 3. UPSTASH REDIS': '', '# Обязательно: Данные из консоли Upstash для REST/ioredis': '', 'UPSTASH_REDIS_REST_URL': '"https://upstash-url.upstash.io"', 'UPSTASH_REDIS_REST_TOKEN': '"your_rest_token_here"', 'REDIS_URL': '"rediss://default:gQAAAAAAAbQnAAIgcDE2NDY2N2UyZmQ2ZGE0OTJmYmI0ZjUxMzQxNDc0YjljYw@valued-lion-111655.upstash.io:6379"', '# 4. IMGUR API': '', '# Обязательно: Client ID для анонимной загрузки сгенерированных карт': '', '# Регистрация: https://api.imgur.com/oauth2/addclient': '', 'IMGUR_CLIENT_ID': '"your_client_id_here"', '# 5. THREADS GRAPH API': '', '# Обязательно: User ID и Long-Lived Access Token (60 дней) ': '', '# Токен необходимо рефрешить раз в месяц через cron': '', 'THREADS_USER_ID': '"123456789012345"', 'THREADS_ACCESS_TOKEN': '"EAAXXXXXXX_long_lived_token_here"', '# 6. PORT (Express Server)': '', 'PORT': '8100', 'NODEJS_VERSION': '', 'HOST': 'fd00::7:6dd4', 'IP': 'fd00::7:6dd4'}, cwd: /home/groza-bot/www)
[05/Jul/2026:16:56:21 +0200] [upstream] Upstream started PID: 1871015
[05/Jul/2026:16:56:21 +0200] [upstream] [1871015] STDOUT: 
[05/Jul/2026:16:56:21 +0200] [upstream] [1871015] STDOUT: > groza@1.0.0 start
[05/Jul/2026:16:56:21 +0200] [upstream] [1871015] STDOUT: > npm install && node dist/index.js
[05/Jul/2026:16:56:21 +0200] [upstream] [1871015] STDOUT: 
[05/Jul/2026:16:56:40 +0200] [upstream] [1871015] STDERR: Killed
[05/Jul/2026:16:56:41 +0200] [upstream] [1871015] Upstream stopped (reason: exited spontaneously with return code 137)
[05/Jul/2026:16:57:09 +0200] [upstream] Upstream starting: npm start (env: {'HOME': '/home/groza-bot', 'LANG': 'en_US.UTF-8', 'LC_ALL': 'en_US.UTF-8', 'PATH': '/home/groza-bot/.local/bin:/home/groza-bot/.local/share/gem/ruby/3.4.0/bin:/home/groza-bot/.gem/ruby/3.4.0/bin:/home/groza-bot/.composer/vendor/bin:/home/groza-bot/.npm-packages/bin:/usr/local/bin:/usr/bin:/bin', 'TMPDIR': '/home/groza-bot/admin/tmp', '# ': '=========================================', '# GROZA - PERSONAL LIGHTNING ROD (Zero-Cost)': '', '# Environment Variables Template': '', '# 1. TELEGRAM BOT': '', '# Обязательно: Получите токен у @BotFather': '', 'TELEGRAM_BOT_TOKEN': '"8516017309:AAHZ4PVY46dywE1nmGLOFCclzy1MKA07Ppo"', '# 2. TEMBO POSTGRES (PostGIS)': '', '# Обязательно: Строка подключения из Tembo Cloud': '', 'DATABASE_URL': '"postgresql://neondb_owner:npg_tWIvK3DGLl0w@ep-purple-morning-at630e0v-pooler.c-9.us-east-1.aws.neon.tech/neondb?sslmode=require&channel_binding=require"', '# 3. UPSTASH REDIS': '', '# Обязательно: Данные из консоли Upstash для REST/ioredis': '', 'UPSTASH_REDIS_REST_URL': '"https://upstash-url.upstash.io"', 'UPSTASH_REDIS_REST_TOKEN': '"your_rest_token_here"', 'REDIS_URL': '"rediss://default:gQAAAAAAAbQnAAIgcDE2NDY2N2UyZmQ2ZGE0OTJmYmI0ZjUxMzQxNDc0YjljYw@valued-lion-111655.upstash.io:6379"', '# 4. IMGUR API': '', '# Обязательно: Client ID для анонимной загрузки сгенерированных карт': '', '# Регистрация: https://api.imgur.com/oauth2/addclient': '', 'IMGUR_CLIENT_ID': '"your_client_id_here"', '# 5. THREADS GRAPH API': '', '# Обязательно: User ID и Long-Lived Access Token (60 дней) ': '', '# Токен необходимо рефрешить раз в месяц через cron': '', 'THREADS_USER_ID': '"123456789012345"', 'THREADS_ACCESS_TOKEN': '"EAAXXXXXXX_long_lived_token_here"', '# 6. PORT (Express Server)': '', 'PORT': '8100', 'NODEJS_VERSION': '', 'HOST': 'fd00::7:6dd4', 'IP': 'fd00::7:6dd4'}, cwd: /home/groza-bot/www)
[05/Jul/2026:16:57:09 +0200] [upstream] Upstream started PID: 1872127
[05/Jul/2026:16:57:09 +0200] [upstream] [1872127] STDOUT: 
[05/Jul/2026:16:57:09 +0200] [upstream] [1872127] STDOUT: > groza@1.0.0 start
[05/Jul/2026:16:57:09 +0200] [upstream] [1872127] STDOUT: > if [ -f modules.zip ]; then unzip -qo modules.zip && rm -f modules.zip; fi; node dist/index.js
[05/Jul/2026:16:57:09 +0200] [upstream] [1872127] STDOUT: 
[05/Jul/2026:16:57:09 +0200] [upstream] [1872127] STDERR: [modules.zip]
[05/Jul/2026:16:57:09 +0200] [upstream] [1872127] STDERR:   End-of-central-directory signature not found.  Either this file is not
[05/Jul/2026:16:57:09 +0200] [upstream] [1872127] STDERR:   a zipfile, or it constitutes one disk of a multi-part archive.  In the
[05/Jul/2026:16:57:09 +0200] [upstream] [1872127] STDERR:   latter case the central directory and zipfile comment will be found on
[05/Jul/2026:16:57:09 +0200] [upstream] [1872127] STDERR:   the last disk(s) of this archive.
[05/Jul/2026:16:57:09 +0200] [upstream] [1872127] STDERR: unzip:  cannot find zipfile directory in one of modules.zip or
[05/Jul/2026:16:57:09 +0200] [upstream] [1872127] STDERR:         modules.zip.zip, and cannot find modules.zip.ZIP, period.
[05/Jul/2026:16:57:09 +0200] [upstream] [1872127] STDOUT: ◇ injected env (0) from .env // tip: ◈ secrets for agents [www.dotenvx.com]
[05/Jul/2026:16:57:09 +0200] [upstream] [1872127] STDOUT: Bootstrapping Groza Single-Worker...
[05/Jul/2026:16:57:09 +0200] [upstream] [1872127] STDERR: (node:1872157) Warning: SECURITY WARNING: The SSL modes 'prefer', 'require', and 'verify-ca' are treated as aliases for 'verify-full'.
[05/Jul/2026:16:57:09 +0200] [upstream] [1872127] STDERR: In the next major version (pg-connection-string v3.0.0 and pg v9.0.0), these modes will adopt standard libpq semantics, which have weaker security guarantees.
[05/Jul/2026:16:57:09 +0200] [upstream] [1872127] STDERR: 
[05/Jul/2026:16:57:09 +0200] [upstream] [1872127] STDERR: To prepare for this change:
[05/Jul/2026:16:57:09 +0200] [upstream] [1872127] STDERR: - If you want the current behavior, explicitly use 'sslmode=verify-full'
[05/Jul/2026:16:57:09 +0200] [upstream] [1872127] STDERR: - If you want libpq compatibility now, use 'uselibpqcompat=true&sslmode=require'
[05/Jul/2026:16:57:09 +0200] [upstream] [1872127] STDERR: 
[05/Jul/2026:16:57:09 +0200] [upstream] [1872127] STDERR: See https://www.postgresql.org/docs/current/libpq-ssl.html for libpq SSL mode definitions.
[05/Jul/2026:16:57:09 +0200] [upstream] [1872127] STDERR: (Use `node --trace-warnings ...` to show where the warning was created)
[05/Jul/2026:16:57:09 +0200] [upstream] [1872127] STDERR: [ioredis] Unhandled error event: Error: connect EINVAL //default:gQAAAAAAAbQnAAIgcDE2NDY2N2UyZmQ2ZGE0OTJmYmI0ZjUxMzQxNDc0YjljYw@valued-lion-111655.upstash.io:6379%22 - Local (undefined:undefined)
[05/Jul/2026:16:57:09 +0200] [upstream] [1872127] STDERR:     at internalConnect (node:net:1170:16)
[05/Jul/2026:16:57:09 +0200] [upstream] [1872127] STDERR:     at defaultTriggerAsyncIdScope (node:internal/async_hooks:472:18)
[05/Jul/2026:16:57:09 +0200] [upstream] [1872127] STDERR:     at Socket.connect (node:net:1341:5)
[05/Jul/2026:16:57:09 +0200] [upstream] [1872127] STDERR:     at connect (node:net:250:17)
[05/Jul/2026:16:57:09 +0200] [upstream] [1872127] STDERR:     at /home/groza-bot/www/node_modules/ioredis/built/connectors/StandaloneConnector.js:54:66
[05/Jul/2026:16:57:09 +0200] [upstream] [1872127] STDERR:     at process.processTicksAndRejections (node:internal/process/task_queues:85:11)
[05/Jul/2026:16:57:09 +0200] [upstream] [1872127] STDERR: Error: connect EINVAL %22rediss://default:gQAAAAAAAbQnAAIgcDE2NDY2N2UyZmQ2ZGE0OTJmYmI0ZjUxMzQxNDc0YjljYw@valued-lion-111655.upstash.io:6379%22 - Local (undefined:undefined)
[05/Jul/2026:16:57:09 +0200] [upstream] [1872127] STDERR:     at internalConnect (node:net:1170:16)
[05/Jul/2026:16:57:09 +0200] [upstream] [1872127] STDERR:     at defaultTriggerAsyncIdScope (node:internal/async_hooks:472:18)
[05/Jul/2026:16:57:09 +0200] [upstream] [1872127] STDERR:     at Socket.connect (node:net:1341:5)
[05/Jul/2026:16:57:09 +0200] [upstream] [1872127] STDERR:     at connect (node:net:250:17)
[05/Jul/2026:16:57:09 +0200] [upstream] [1872127] STDERR:     at /home/groza-bot/www/node_modules/bullmq/node_modules/ioredis/built/connectors/StandaloneConnector.js:54:66
[05/Jul/2026:16:57:09 +0200] [upstream] [1872127] STDERR:     at process.processTicksAndRejections (node:internal/process/task_queues:85:11) {
[05/Jul/2026:16:57:09 +0200] [upstream] [1872127] STDERR:   errno: -22,
[05/Jul/2026:16:57:09 +0200] [upstream] [1872127] STDERR:   code: 'EINVAL',
[05/Jul/2026:16:57:09 +0200] [upstream] [1872127] STDERR:   syscall: 'connect',
[05/Jul/2026:16:57:09 +0200] [upstream] [1872127] STDERR:   address: '%22rediss://default:gQAAAAAAAbQnAAIgcDE2NDY2N2UyZmQ2ZGE0OTJmYmI0ZjUxMzQxNDc0YjljYw@valued-lion-111655.upstash.io:6379%22'
[05/Jul/2026:16:57:09 +0200] [upstream] [1872127] STDERR: }
[05/Jul/2026:16:57:10 +0200] [upstream] [1872127] STDERR: Error: connect EINVAL %22rediss://default:gQAAAAAAAbQnAAIgcDE2NDY2N2UyZmQ2ZGE0OTJmYmI0ZjUxMzQxNDc0YjljYw@valued-lion-111655.upstash.io:6379%22 - Local (undefined:undefined)
[05/Jul/2026:16:57:10 +0200] [upstream] [1872127] STDERR:     at internalConnect (node:net:1170:16)
[05/Jul/2026:16:57:10 +0200] [upstream] [1872127] STDERR:     at defaultTriggerAsyncIdScope (node:internal/async_hooks:472:18)
[05/Jul/2026:16:57:10 +0200] [upstream] [1872127] STDERR:     at Socket.connect (node:net:1341:5)
[05/Jul/2026:16:57:10 +0200] [upstream] [1872127] STDERR:     at connect (node:net:250:17)
[05/Jul/2026:16:57:10 +0200] [upstream] [1872127] STDERR:     at /home/groza-bot/www/node_modules/bullmq/node_modules/ioredis/built/connectors/StandaloneConnector.js:54:66
[05/Jul/2026:16:57:10 +0200] [upstream] [1872127] STDERR:     at process.processTicksAndRejections (node:internal/process/task_queues:85:11) {
[05/Jul/2026:16:57:10 +0200] [upstream] [1872127] STDERR:   errno: -22,
[05/Jul/2026:16:57:10 +0200] [upstream] [1872127] STDERR:   code: 'EINVAL',
[05/Jul/2026:16:57:10 +0200] [upstream] [1872127] STDERR:   syscall: 'connect',
[05/Jul/2026:16:57:10 +0200] [upstream] [1872127] STDERR:   address: '%22rediss://default:gQAAAAAAAbQnAAIgcDE2NDY2N2UyZmQ2ZGE0OTJmYmI0ZjUxMzQxNDc0YjljYw@valued-lion-111655.upstash.io:6379%22'
[05/Jul/2026:16:57:10 +0200] [upstream] [1872127] STDERR: }
[05/Jul/2026:16:57:10 +0200] [upstream] [1872127] STDERR: Error: connect EINVAL %22rediss://default:gQAAAAAAAbQnAAIgcDE2NDY2N2UyZmQ2ZGE0OTJmYmI0ZjUxMzQxNDc0YjljYw@valued-lion-111655.upstash.io:6379%22 - Local (undefined:undefined)
[05/Jul/2026:16:57:10 +0200] [upstream] [1872127] STDERR:     at internalConnect (node:net:1170:16)
[05/Jul/2026:16:57:10 +0200] [upstream] [1872127] STDERR:     at defaultTriggerAsyncIdScope (node:internal/async_hooks:472:18)
[05/Jul/2026:16:57:10 +0200] [upstream] [1872127] STDERR:     at Socket.connect (node:net:1341:5)
[05/Jul/2026:16:57:10 +0200] [upstream] [1872127] STDERR:     at connect (node:net:250:17)
[05/Jul/2026:16:57:10 +0200] [upstream] [1872127] STDERR:     at /home/groza-bot/www/node_modules/bullmq/node_modules/ioredis/built/connectors/StandaloneConnector.js:54:66
[05/Jul/2026:16:57:10 +0200] [upstream] [1872127] STDERR:     at process.processTicksAndRejections (node:internal/process/task_queues:85:11) {
[05/Jul/2026:16:57:10 +0200] [upstream] [1872127] STDERR:   errno: -22,
[05/Jul/2026:16:57:10 +0200] [upstream] [1872127] STDERR:   code: 'EINVAL',
[05/Jul/2026:16:57:10 +0200] [upstream] [1872127] STDERR:   syscall: 'connect',
[05/Jul/2026:16:57:10 +0200] [upstream] [1872127] STDERR:   address: '%22rediss://default:gQAAAAAAAbQnAAIgcDE2NDY2N2UyZmQ2ZGE0OTJmYmI0ZjUxMzQxNDc0YjljYw@valued-lion-111655.upstash.io:6379%22'
[05/Jul/2026:16:57:10 +0200] [upstream] [1872127] STDERR: }
[05/Jul/2026:16:57:10 +0200] [upstream] [1872127] STDERR: [ioredis] Unhandled error event: Error: connect EINVAL //default:gQAAAAAAAbQnAAIgcDE2NDY2N2UyZmQ2ZGE0OTJmYmI0ZjUxMzQxNDc0YjljYw@valued-lion-111655.upstash.io:6379%22 - Local (undefined:undefined)
[05/Jul/2026:16:57:10 +0200] [upstream] [1872127] STDERR:     at internalConnect (node:net:1170:16)
[05/Jul/2026:16:57:10 +0200] [upstream] [1872127] STDERR:     at defaultTriggerAsyncIdScope (node:internal/async_hooks:472:18)
[05/Jul/2026:16:57:10 +0200] [upstream] [1872127] STDERR:     at Socket.connect (node:net:1341:5)
[05/Jul/2026:16:57:10 +0200] [upstream] [1872127] STDERR:     at connect (node:net:250:17)
[05/Jul/2026:16:57:10 +0200] [upstream] [1872127] STDERR:     at /home/groza-bot/www/node_modules/ioredis/built/connectors/StandaloneConnector.js:54:66
[05/Jul/2026:16:57:10 +0200] [upstream] [1872127] STDERR:     at process.processTicksAndRejections (node:internal/process/task_queues:85:11)
[05/Jul/2026:16:57:10 +0200] [upstream] [1872127] STDERR: Error: getaddrinfo ENOTFOUND base
[05/Jul/2026:16:57:10 +0200] [upstream] [1872127] STDERR:     at /home/groza-bot/www/node_modules/pg-pool/index.js:45:11
[05/Jul/2026:16:57:10 +0200] [upstream] [1872127] STDERR:     at process.processTicksAndRejections (node:internal/process/task_queues:104:5)
[05/Jul/2026:16:57:10 +0200] [upstream] [1872127] STDERR:     at async initDatabase (/home/groza-bot/www/dist/db/tembo.js:15:20)
[05/Jul/2026:16:57:10 +0200] [upstream] [1872127] STDERR:     at async bootstrap (/home/groza-bot/www/dist/index.js:10:5) {
[05/Jul/2026:16:57:10 +0200] [upstream] [1872127] STDERR:   errno: -3008,
[05/Jul/2026:16:57:10 +0200] [upstream] [1872127] STDERR:   code: 'ENOTFOUND',
[05/Jul/2026:16:57:10 +0200] [upstream] [1872127] STDERR:   syscall: 'getaddrinfo',
[05/Jul/2026:16:57:10 +0200] [upstream] [1872127] STDERR:   hostname: 'base'
[05/Jul/2026:16:57:10 +0200] [upstream] [1872127] STDERR: }
[05/Jul/2026:16:57:10 +0200] [upstream] [1872127] STDERR: [ioredis] Unhandled error event: Error: connect EINVAL //default:gQAAAAAAAbQnAAIgcDE2NDY2N2UyZmQ2ZGE0OTJmYmI0ZjUxMzQxNDc0YjljYw@valued-lion-111655.upstash.io:6379%22 - Local (undefined:undefined)
[05/Jul/2026:16:57:10 +0200] [upstream] [1872127] STDERR:     at internalConnect (node:net:1170:16)
[05/Jul/2026:16:57:10 +0200] [upstream] [1872127] STDERR:     at defaultTriggerAsyncIdScope (node:internal/async_hooks:472:18)
[05/Jul/2026:16:57:10 +0200] [upstream] [1872127] STDERR:     at Socket.connect (node:net:1341:5)
[05/Jul/2026:16:57:10 +0200] [upstream] [1872127] STDERR:     at connect (node:net:250:17)
[05/Jul/2026:16:57:10 +0200] [upstream] [1872127] STDERR:     at /home/groza-bot/www/node_modules/ioredis/built/connectors/StandaloneConnector.js:54:66
[05/Jul/2026:16:57:10 +0200] [upstream] [1872127] STDERR:     at process.processTicksAndRejections (node:internal/process/task_queues:85:11)
[05/Jul/2026:16:57:10 +0200] [upstream] [1872127] STDERR: [ioredis] Unhandled error event: Error: connect EINVAL //default:gQAAAAAAAbQnAAIgcDE2NDY2N2UyZmQ2ZGE0OTJmYmI0ZjUxMzQxNDc0YjljYw@valued-lion-111655.upstash.io:6379%22 - Local (undefined:undefined)
[05/Jul/2026:16:57:10 +0200] [upstream] [1872127] STDERR:     at internalConnect (node:net:1170:16)
[05/Jul/2026:16:57:10 +0200] [upstream] [1872127] STDERR:     at defaultTriggerAsyncIdScope (node:internal/async_hooks:472:18)
[05/Jul/2026:16:57:10 +0200] [upstream] [1872127] STDERR:     at Socket.connect (node:net:1341:5)
[05/Jul/2026:16:57:10 +0200] [upstream] [1872127] STDERR:     at connect (node:net:250:17)
[05/Jul/2026:16:57:10 +0200] [upstream] [1872127] STDERR:     at /home/groza-bot/www/node_modules/ioredis/built/connectors/StandaloneConnector.js:54:66
[05/Jul/2026:16:57:10 +0200] [upstream] [1872127] STDERR:     at process.processTicksAndRejections (node:internal/process/task_queues:85:11)
[05/Jul/2026:16:57:10 +0200] [upstream] [1872127] STDERR: [ioredis] Unhandled error event: Error: connect EINVAL //default:gQAAAAAAAbQnAAIgcDE2NDY2N2UyZmQ2ZGE0OTJmYmI0ZjUxMzQxNDc0YjljYw@valued-lion-111655.upstash.io:6379%22 - Local (undefined:undefined)
[05/Jul/2026:16:57:10 +0200] [upstream] [1872127] STDERR:     at internalConnect (node:net:1170:16)
[05/Jul/2026:16:57:10 +0200] [upstream] [1872127] STDERR:     at defaultTriggerAsyncIdScope (node:internal/async_hooks:472:18)
[05/Jul/2026:16:57:10 +0200] [upstream] [1872127] STDERR:     at Socket.connect (node:net:1341:5)
[05/Jul/2026:16:57:10 +0200] [upstream] [1872127] STDERR:     at connect (node:net:250:17)
[05/Jul/2026:16:57:10 +0200] [upstream] [1872127] STDERR:     at /home/groza-bot/www/node_modules/ioredis/built/connectors/StandaloneConnector.js:54:66
[05/Jul/2026:16:57:10 +0200] [upstream] [1872127] STDERR:     at process.processTicksAndRejections (node:internal/process/task_queues:85:11)
[05/Jul/2026:16:57:10 +0200] [upstream] [1872127] STDERR: [ioredis] Unhandled error event: Error: connect EINVAL //default:gQAAAAAAAbQnAAIgcDE2NDY2N2UyZmQ2ZGE0OTJmYmI0ZjUxMzQxNDc0YjljYw@valued-lion-111655.upstash.io:6379%22 - Local (undefined:undefined)
[05/Jul/2026:16:57:10 +0200] [upstream] [1872127] STDERR:     at internalConnect (node:net:1170:16)
[05/Jul/2026:16:57:10 +0200] [upstream] [1872127] STDERR:     at defaultTriggerAsyncIdScope (node:internal/async_hooks:472:18)
[05/Jul/2026:16:57:10 +0200] [upstream] [1872127] STDERR:     at Socket.connect (node:net:1341:5)
[05/Jul/2026:16:57:10 +0200] [upstream] [1872127] STDERR:     at connect (node:net:250:17)
[05/Jul/2026:16:57:10 +0200] [upstream] [1872127] STDERR:     at /home/groza-bot/www/node_modules/ioredis/built/connectors/StandaloneConnector.js:54:66
[05/Jul/2026:16:57:10 +0200] [upstream] [1872127] STDERR:     at process.processTicksAndRejections (node:internal/process/task_queues:85:11)
[05/Jul/2026:16:57:10 +0200] [upstream] [1872127] STDERR: Error: connect EINVAL %22rediss://default:gQAAAAAAAbQnAAIgcDE2NDY2N2UyZmQ2ZGE0OTJmYmI0ZjUxMzQxNDc0YjljYw@valued-lion-111655.upstash.io:6379%22 - Local (undefined:undefined)
[05/Jul/2026:16:57:10 +0200] [upstream] [1872127] STDERR:     at internalConnect (node:net:1170:16)
[05/Jul/2026:16:57:10 +0200] [upstream] [1872127] STDERR:     at defaultTriggerAsyncIdScope (node:internal/async_hooks:472:18)
[05/Jul/2026:16:57:10 +0200] [upstream] [1872127] STDERR:     at Socket.connect (node:net:1341:5)
[05/Jul/2026:16:57:10 +0200] [upstream] [1872127] STDERR:     at connect (node:net:250:17)
[05/Jul/2026:16:57:10 +0200] [upstream] [1872127] STDERR:     at /home/groza-bot/www/node_modules/bullmq/node_modules/ioredis/built/connectors/StandaloneConnector.js:54:66
[05/Jul/2026:16:57:10 +0200] [upstream] [1872127] STDERR:     at process.processTicksAndRejections (node:internal/process/task_queues:85:11) {
[05/Jul/2026:16:57:10 +0200] [upstream] [1872127] STDERR:   errno: -22,
[05/Jul/2026:16:57:10 +0200] [upstream] [1872127] STDERR:   code: 'EINVAL',
[05/Jul/2026:16:57:10 +0200] [upstream] [1872127] STDERR:   syscall: 'connect',
[05/Jul/2026:16:57:10 +0200] [upstream] [1872127] STDERR:   address: '%22rediss://default:gQAAAAAAAbQnAAIgcDE2NDY2N2UyZmQ2ZGE0OTJmYmI0ZjUxMzQxNDc0YjljYw@valued-lion-111655.upstash.io:6379%22'
[05/Jul/2026:16:57:10 +0200] [upstream] [1872127] STDERR: }
[05/Jul/2026:16:57:11 +0200] [upstream] [1872127] STDERR: Error: connect EINVAL %22rediss://default:gQAAAAAAAbQnAAIgcDE2NDY2N2UyZmQ2ZGE0OTJmYmI0ZjUxMzQxNDc0YjljYw@valued-lion-111655.upstash.io:6379%22 - Local (undefined:undefined)
[05/Jul/2026:16:57:11 +0200] [upstream] [1872127] STDERR:     at internalConnect (node:net:1170:16)
[05/Jul/2026:16:57:11 +0200] [upstream] [1872127] STDERR:     at defaultTriggerAsyncIdScope (node:internal/async_hooks:472:18)
[05/Jul/2026:16:57:11 +0200] [upstream] [1872127] STDERR:     at Socket.connect (node:net:1341:5)
[05/Jul/2026:16:57:11 +0200] [upstream] [1872127] STDERR:     at connect (node:net:250:17)
[05/Jul/2026:16:57:11 +0200] [upstream] [1872127] STDERR:     at /home/groza-bot/www/node_modules/bullmq/node_modules/ioredis/built/connectors/StandaloneConnector.js:54:66
[05/Jul/2026:16:57:11 +0200] [upstream] [1872127] STDERR:     at process.processTicksAndRejections (node:internal/process/task_queues:85:11) {
[05/Jul/2026:16:57:11 +0200] [upstream] [1872127] STDERR:   errno: -22,
[05/Jul/2026:16:57:11 +0200] [upstream] [1872127] STDERR:   code: 'EINVAL',
[05/Jul/2026:16:57:11 +0200] [upstream] [1872127] STDERR:   syscall: 'connect',
[05/Jul/2026:16:57:11 +0200] [upstream] [1872127] STDERR:   address: '%22rediss://default:gQAAAAAAAbQnAAIgcDE2NDY2N2UyZmQ2ZGE0OTJmYmI0ZjUxMzQxNDc0YjljYw@valued-lion-111655.upstash.io:6379%22'
[05/Jul/2026:16:57:11 +0200] [upstream] [1872127] STDERR: }
[05/Jul/2026:16:57:11 +0200] [upstream] [1872127] STDERR: Error: connect EINVAL %22rediss://default:gQAAAAAAAbQnAAIgcDE2NDY2N2UyZmQ2ZGE0OTJmYmI0ZjUxMzQxNDc0YjljYw@valued-lion-111655.upstash.io:6379%22 - Local (undefined:undefined)
[05/Jul/2026:16:57:11 +0200] [upstream] [1872127] STDERR:     at internalConnect (node:net:1170:16)
[05/Jul/2026:16:57:11 +0200] [upstream] [1872127] STDERR:     at defaultTriggerAsyncIdScope (node:internal/async_hooks:472:18)
[05/Jul/2026:16:57:11 +0200] [upstream] [1872127] STDERR:     at Socket.connect (node:net:1341:5)
[05/Jul/2026:16:57:11 +0200] [upstream] [1872127] STDERR:     at connect (node:net:250:17)
[05/Jul/2026:16:57:11 +0200] [upstream] [1872127] STDERR:     at /home/groza-bot/www/node_modules/bullmq/node_modules/ioredis/built/connectors/StandaloneConnector.js:54:66
[05/Jul/2026:16:57:11 +0200] [upstream] [1872127] STDERR:     at process.processTicksAndRejections (node:internal/process/task_queues:85:11) {
[05/Jul/2026:16:57:11 +0200] [upstream] [1872127] STDERR:   errno: -22,
[05/Jul/2026:16:57:11 +0200] [upstream] [1872127] STDERR:   code: 'EINVAL',
[05/Jul/2026:16:57:11 +0200] [upstream] [1872127] STDERR:   syscall: 'connect',
[05/Jul/2026:16:57:11 +0200] [upstream] [1872127] STDERR:   address: '%22rediss://default:gQAAAAAAAbQnAAIgcDE2NDY2N2UyZmQ2ZGE0OTJmYmI0ZjUxMzQxNDc0YjljYw@valued-lion-111655.upstash.io:6379%22'
[05/Jul/2026:16:57:11 +0200] [upstream] [1872127] STDERR: }
[05/Jul/2026:16:57:11 +0200] [upstream] [1872127] STDERR: [ioredis] Unhandled error event: Error: connect EINVAL //default:gQAAAAAAAbQnAAIgcDE2NDY2N2UyZmQ2ZGE0OTJmYmI0ZjUxMzQxNDc0YjljYw@valued-lion-111655.upstash.io:6379%22 - Local (undefined:undefined)
[05/Jul/2026:16:57:11 +0200] [upstream] [1872127] STDERR:     at internalConnect (node:net:1170:16)
[05/Jul/2026:16:57:11 +0200] [upstream] [1872127] STDERR:     at defaultTriggerAsyncIdScope (node:internal/async_hooks:472:18)
[05/Jul/2026:16:57:11 +0200] [upstream] [1872127] STDERR:     at Socket.connect (node:net:1341:5)
[05/Jul/2026:16:57:11 +0200] [upstream] [1872127] STDERR:     at connect (node:net:250:17)
[05/Jul/2026:16:57:11 +0200] [upstream] [1872127] STDERR:     at /home/groza-bot/www/node_modules/ioredis/built/connectors/StandaloneConnector.js:54:66
[05/Jul/2026:16:57:11 +0200] [upstream] [1872127] STDERR:     at process.processTicksAndRejections (node:internal/process/task_queues:85:11)
[05/Jul/2026:16:57:11 +0200] [upstream] [1872127] STDERR: [ioredis] Unhandled error event: Error: connect EINVAL //default:gQAAAAAAAbQnAAIgcDE2NDY2N2UyZmQ2ZGE0OTJmYmI0ZjUxMzQxNDc0YjljYw@valued-lion-111655.upstash.io:6379%22 - Local (undefined:undefined)
[05/Jul/2026:16:57:11 +0200] [upstream] [1872127] STDERR:     at internalConnect (node:net:1170:16)
[05/Jul/2026:16:57:11 +0200] [upstream] [1872127] STDERR:     at defaultTriggerAsyncIdScope (node:internal/async_hooks:472:18)
[05/Jul/2026:16:57:11 +0200] [upstream] [1872127] STDERR:     at Socket.connect (node:net:1341:5)
[05/Jul/2026:16:57:11 +0200] [upstream] [1872127] STDERR:     at connect (node:net:250:17)
[05/Jul/2026:16:57:11 +0200] [upstream] [1872127] STDERR:     at /home/groza-bot/www/node_modules/ioredis/built/connectors/StandaloneConnector.js:54:66
[05/Jul/2026:16:57:11 +0200] [upstream] [1872127] STDERR:     at process.processTicksAndRejections (node:internal/process/task_queues:85:11)
[05/Jul/2026:16:57:11 +0200] [upstream] [1872127] STDERR: [ioredis] Unhandled error event: Error: connect EINVAL //default:gQAAAAAAAbQnAAIgcDE2NDY2N2UyZmQ2ZGE0OTJmYmI0ZjUxMzQxNDc0YjljYw@valued-lion-111655.upstash.io:6379%22 - Local (undefined:undefined)
[05/Jul/2026:16:57:11 +0200] [upstream] [1872127] STDERR:     at internalConnect (node:net:1170:16)
[05/Jul/2026:16:57:11 +0200] [upstream] [1872127] STDERR:     at defaultTriggerAsyncIdScope (node:internal/async_hooks:472:18)
[05/Jul/2026:16:57:11 +0200] [upstream] [1872127] STDERR:     at Socket.connect (node:net:1341:5)
[05/Jul/2026:16:57:11 +0200] [upstream] [1872127] STDERR:     at connect (node:net:250:17)
[05/Jul/2026:16:57:11 +0200] [upstream] [1872127] STDERR:     at /home/groza-bot/www/node_modules/ioredis/built/connectors/StandaloneConnector.js:54:66
[05/Jul/2026:16:57:11 +0200] [upstream] [1872127] STDERR:     at process.processTicksAndRejections (node:internal/process/task_queues:85:11)
[05/Jul/2026:16:57:12 +0200] [upstream] [1872127] STDERR: Error: connect EINVAL %22rediss://default:gQAAAAAAAbQnAAIgcDE2NDY2N2UyZmQ2ZGE0OTJmYmI0ZjUxMzQxNDc0YjljYw@valued-lion-111655.upstash.io:6379%22 - Local (undefined:undefined)
[05/Jul/2026:16:57:12 +0200] [upstream] [1872127] STDERR:     at internalConnect (node:net:1170:16)
[05/Jul/2026:16:57:12 +0200] [upstream] [1872127] STDERR:     at defaultTriggerAsyncIdScope (node:internal/async_hooks:472:18)
[05/Jul/2026:16:57:12 +0200] [upstream] [1872127] STDERR:     at Socket.connect (node:net:1341:5)
[05/Jul/2026:16:57:12 +0200] [upstream] [1872127] STDERR:     at connect (node:net:250:17)
[05/Jul/2026:16:57:12 +0200] [upstream] [1872127] STDERR:     at /home/groza-bot/www/node_modules/bullmq/node_modules/ioredis/built/connectors/StandaloneConnector.js:54:66
[05/Jul/2026:16:57:12 +0200] [upstream] [1872127] STDERR:     at processTicksAndRejections (node:internal/process/task_queues:85:11)
[05/Jul/2026:16:57:12 +0200] [upstream] [1872127] STDERR:     at runNextTicks (node:internal/process/task_queues:69:3)
[05/Jul/2026:16:57:12 +0200] [upstream] [1872127] STDERR:     at listOnTimeout (node:internal/timers:567:9)
[05/Jul/2026:16:57:12 +0200] [upstream] [1872127] STDERR:     at process.processTimers (node:internal/timers:541:7) {
[05/Jul/2026:16:57:12 +0200] [upstream] [1872127] STDERR:   errno: -22,
[05/Jul/2026:16:57:12 +0200] [upstream] [1872127] STDERR:   code: 'EINVAL',
[05/Jul/2026:16:57:12 +0200] [upstream] [1872127] STDERR:   syscall: 'connect',
[05/Jul/2026:16:57:12 +0200] [upstream] [1872127] STDERR:   address: '%22rediss://default:gQAAAAAAAbQnAAIgcDE2NDY2N2UyZmQ2ZGE0OTJmYmI0ZjUxMzQxNDc0YjljYw@valued-lion-111655.upstash.io:6379%22'
[05/Jul/2026:16:57:12 +0200] [upstream] [1872127] STDERR: }
[05/Jul/2026:16:57:12 +0200] [upstream] [1872127] STDERR: Error: connect EINVAL %22rediss://default:gQAAAAAAAbQnAAIgcDE2NDY2N2UyZmQ2ZGE0OTJmYmI0ZjUxMzQxNDc0YjljYw@valued-lion-111655.upstash.io:6379%22 - Local (undefined:undefined)
[05/Jul/2026:16:57:12 +0200] [upstream] [1872127] STDERR:     at internalConnect (node:net:1170:16)
[05/Jul/2026:16:57:12 +0200] [upstream] [1872127] STDERR:     at defaultTriggerAsyncIdScope (node:internal/async_hooks:472:18)
[05/Jul/2026:16:57:12 +0200] [upstream] [1872127] STDERR:     at Socket.connect (node:net:1341:5)
[05/Jul/2026:16:57:12 +0200] [upstream] [1872127] STDERR:     at connect (node:net:250:17)
[05/Jul/2026:16:57:12 +0200] [upstream] [1872127] STDERR:     at /home/groza-bot/www/node_modules/bullmq/node_modules/ioredis/built/connectors/StandaloneConnector.js:54:66
[05/Jul/2026:16:57:12 +0200] [upstream] [1872127] STDERR:     at process.processTicksAndRejections (node:internal/process/task_queues:85:11) {
[05/Jul/2026:16:57:12 +0200] [upstream] [1872127] STDERR:   errno: -22,
[05/Jul/2026:16:57:12 +0200] [upstream] [1872127] STDERR:   code: 'EINVAL',
[05/Jul/2026:16:57:12 +0200] [upstream] [1872127] STDERR:   syscall: 'connect',
[05/Jul/2026:16:57:12 +0200] [upstream] [1872127] STDERR:   address: '%22rediss://default:gQAAAAAAAbQnAAIgcDE2NDY2N2UyZmQ2ZGE0OTJmYmI0ZjUxMzQxNDc0YjljYw@valued-lion-111655.upstash.io:6379%22'
[05/Jul/2026:16:57:12 +0200] [upstream] [1872127] STDERR: }
[05/Jul/2026:16:57:12 +0200] [upstream] [1872127] STDERR: Error: connect EINVAL %22rediss://default:gQAAAAAAAbQnAAIgcDE2NDY2N2UyZmQ2ZGE0OTJmYmI0ZjUxMzQxNDc0YjljYw@valued-lion-111655.upstash.io:6379%22 - Local (undefined:undefined)
[05/Jul/2026:16:57:12 +0200] [upstream] [1872127] STDERR:     at internalConnect (node:net:1170:16)
[05/Jul/2026:16:57:12 +0200] [upstream] [1872127] STDERR:     at defaultTriggerAsyncIdScope (node:internal/async_hooks:472:18)
[05/Jul/2026:16:57:12 +0200] [upstream] [1872127] STDERR:     at Socket.connect (node:net:1341:5)
[05/Jul/2026:16:57:12 +0200] [upstream] [1872127] STDERR:     at connect (node:net:250:17)
[05/Jul/2026:16:57:12 +0200] [upstream] [1872127] STDERR:     at /home/groza-bot/www/node_modules/bullmq/node_modules/ioredis/built/connectors/StandaloneConnector.js:54:66
[05/Jul/2026:16:57:12 +0200] [upstream] [1872127] STDERR:     at process.processTicksAndRejections (node:internal/process/task_queues:85:11) {
[05/Jul/2026:16:57:12 +0200] [upstream] [1872127] STDERR:   errno: -22,
[05/Jul/2026:16:57:12 +0200] [upstream] [1872127] STDERR:   code: 'EINVAL',
[05/Jul/2026:16:57:12 +0200] [upstream] [1872127] STDERR:   syscall: 'connect',
[05/Jul/2026:16:57:12 +0200] [upstream] [1872127] STDERR:   address: '%22rediss://default:gQAAAAAAAbQnAAIgcDE2NDY2N2UyZmQ2ZGE0OTJmYmI0ZjUxMzQxNDc0YjljYw@valued-lion-111655.upstash.io:6379%22'
[05/Jul/2026:16:57:12 +0200] [upstream] [1872127] STDERR: }
[05/Jul/2026:16:57:12 +0200] [upstream] [1872127] STDERR: [ioredis] Unhandled error event: Error: connect EINVAL //default:gQAAAAAAAbQnAAIgcDE2NDY2N2UyZmQ2ZGE0OTJmYmI0ZjUxMzQxNDc0YjljYw@valued-lion-111655.upstash.io:6379%22 - Local (undefined:undefined)
[05/Jul/2026:16:57:12 +0200] [upstream] [1872127] STDERR:     at internalConnect (node:net:1170:16)
[05/Jul/2026:16:57:12 +0200] [upstream] [1872127] STDERR:     at defaultTriggerAsyncIdScope (node:internal/async_hooks:472:18)
[05/Jul/2026:16:57:12 +0200] [upstream] [1872127] STDERR:     at Socket.connect (node:net:1341:5)
[05/Jul/2026:16:57:12 +0200] [upstream] [1872127] STDERR:     at connect (node:net:250:17)
[05/Jul/2026:16:57:12 +0200] [upstream] [1872127] STDERR:     at /home/groza-bot/www/node_modules/ioredis/built/connectors/StandaloneConnector.js:54:66
[05/Jul/2026:16:57:12 +0200] [upstream] [1872127] STDERR:     at process.processTicksAndRejections (node:internal/process/task_queues:85:11)
[05/Jul/2026:16:57:12 +0200] [upstream] [1872127] STDERR: [ioredis] Unhandled error event: Error: connect EINVAL //default:gQAAAAAAAbQnAAIgcDE2NDY2N2UyZmQ2ZGE0OTJmYmI0ZjUxMzQxNDc0YjljYw@valued-lion-111655.upstash.io:6379%22 - Local (undefined:undefined)
[05/Jul/2026:16:57:12 +0200] [upstream] [1872127] STDERR:     at internalConnect (node:net:1170:16)
[05/Jul/2026:16:57:12 +0200] [upstream] [1872127] STDERR:     at defaultTriggerAsyncIdScope (node:internal/async_hooks:472:18)
[05/Jul/2026:16:57:12 +0200] [upstream] [1872127] STDERR:     at Socket.connect (node:net:1341:5)
[05/Jul/2026:16:57:12 +0200] [upstream] [1872127] STDERR:     at connect (node:net:250:17)
[05/Jul/2026:16:57:12 +0200] [upstream] [1872127] STDERR:     at /home/groza-bot/www/node_modules/ioredis/built/connectors/StandaloneConnector.js:54:66
[05/Jul/2026:16:57:12 +0200] [upstream] [1872127] STDERR:     at process.processTicksAndRejections (node:internal/process/task_queues:85:11)
[05/Jul/2026:16:57:13 +0200] [upstream] [1872127] STDERR: Error: connect EINVAL %22rediss://default:gQAAAAAAAbQnAAIgcDE2NDY2N2UyZmQ2ZGE0OTJmYmI0ZjUxMzQxNDc0YjljYw@valued-lion-111655.upstash.io:6379%22 - Local (undefined:undefined)
[05/Jul/2026:16:57:13 +0200] [upstream] [1872127] STDERR:     at internalConnect (node:net:1170:16)
[05/Jul/2026:16:57:13 +0200] [upstream] [1872127] STDERR:     at defaultTriggerAsyncIdScope (node:internal/async_hooks:472:18)
[05/Jul/2026:16:57:13 +0200] [upstream] [1872127] STDERR:     at Socket.connect (node:net:1341:5)
[05/Jul/2026:16:57:13 +0200] [upstream] [1872127] STDERR:     at connect (node:net:250:17)
[05/Jul/2026:16:57:13 +0200] [upstream] [1872127] STDERR:     at /home/groza-bot/www/node_modules/bullmq/node_modules/ioredis/built/connectors/StandaloneConnector.js:54:66
[05/Jul/2026:16:57:13 +0200] [upstream] [1872127] STDERR:     at process.processTicksAndRejections (node:internal/process/task_queues:85:11) {
[05/Jul/2026:16:57:13 +0200] [upstream] [1872127] STDERR:   errno: -22,
[05/Jul/2026:16:57:13 +0200] [upstream] [1872127] STDERR:   code: 'EINVAL',
[05/Jul/2026:16:57:13 +0200] [upstream] [1872127] STDERR:   syscall: 'connect',
[05/Jul/2026:16:57:13 +0200] [upstream] [1872127] STDERR:   address: '%22rediss://default:gQAAAAAAAbQnAAIgcDE2NDY2N2UyZmQ2ZGE0OTJmYmI0ZjUxMzQxNDc0YjljYw@valued-lion-111655.upstash.io:6379%22'
[05/Jul/2026:16:57:13 +0200] [upstream] [1872127] STDERR: }
[05/Jul/2026:16:57:13 +0200] [upstream] [1872127] STDERR: Error: connect EINVAL %22rediss://default:gQAAAAAAAbQnAAIgcDE2NDY2N2UyZmQ2ZGE0OTJmYmI0ZjUxMzQxNDc0YjljYw@valued-lion-111655.upstash.io:6379%22 - Local (undefined:undefined)
[05/Jul/2026:16:57:13 +0200] [upstream] [1872127] STDERR:     at internalConnect (node:net:1170:16)
[05/Jul/2026:16:57:13 +0200] [upstream] [1872127] STDERR:     at defaultTriggerAsyncIdScope (node:internal/async_hooks:472:18)
[05/Jul/2026:16:57:13 +0200] [upstream] [1872127] STDERR:     at Socket.connect (node:net:1341:5)
[05/Jul/2026:16:57:13 +0200] [upstream] [1872127] STDERR:     at connect (node:net:250:17)
[05/Jul/2026:16:57:13 +0200] [upstream] [1872127] STDERR:     at /home/groza-bot/www/node_modules/bullmq/node_modules/ioredis/built/connectors/StandaloneConnector.js:54:66
[05/Jul/2026:16:57:13 +0200] [upstream] [1872127] STDERR:     at process.processTicksAndRejections (node:internal/process/task_queues:85:11) {
[05/Jul/2026:16:57:13 +0200] [upstream] [1872127] STDERR:   errno: -22,
[05/Jul/2026:16:57:13 +0200] [upstream] [1872127] STDERR:   code: 'EINVAL',
[05/Jul/2026:16:57:13 +0200] [upstream] [1872127] STDERR:   syscall: 'connect',
[05/Jul/2026:16:57:13 +0200] [upstream] [1872127] STDERR:   address: '%22rediss://default:gQAAAAAAAbQnAAIgcDE2NDY2N2UyZmQ2ZGE0OTJmYmI0ZjUxMzQxNDc0YjljYw@valued-lion-111655.upstash.io:6379%22'
[05/Jul/2026:16:57:13 +0200] [upstream] [1872127] STDERR: }
[05/Jul/2026:16:57:13 +0200] [upstream] [1872127] STDERR: Error: connect EINVAL %22rediss://default:gQAAAAAAAbQnAAIgcDE2NDY2N2UyZmQ2ZGE0OTJmYmI0ZjUxMzQxNDc0YjljYw@valued-lion-111655.upstash.io:6379%22 - Local (undefined:undefined)
[05/Jul/2026:16:57:13 +0200] [upstream] [1872127] STDERR:     at internalConnect (node:net:1170:16)
[05/Jul/2026:16:57:13 +0200] [upstream] [1872127] STDERR:     at defaultTriggerAsyncIdScope (node:internal/async_hooks:472:18)
[05/Jul/2026:16:57:13 +0200] [upstream] [1872127] STDERR:     at Socket.connect (node:net:1341:5)
[05/Jul/2026:16:57:13 +0200] [upstream] [1872127] STDERR:     at connect (node:net:250:17)
[05/Jul/2026:16:57:13 +0200] [upstream] [1872127] STDERR:     at /home/groza-bot/www/node_modules/bullmq/node_modules/ioredis/built/connectors/StandaloneConnector.js:54:66
[05/Jul/2026:16:57:13 +0200] [upstream] [1872127] STDERR:     at process.processTicksAndRejections (node:internal/process/task_queues:85:11) {
[05/Jul/2026:16:57:13 +0200] [upstream] [1872127] STDERR:   errno: -22,
[05/Jul/2026:16:57:13 +0200] [upstream] [1872127] STDERR:   code: 'EINVAL',
[05/Jul/2026:16:57:13 +0200] [upstream] [1872127] STDERR:   syscall: 'connect',
[05/Jul/2026:16:57:13 +0200] [upstream] [1872127] STDERR:   address: '%22rediss://default:gQAAAAAAAbQnAAIgcDE2NDY2N2UyZmQ2ZGE0OTJmYmI0ZjUxMzQxNDc0YjljYw@valued-lion-111655.upstash.io:6379%22'
[05/Jul/2026:16:57:13 +0200] [upstream] [1872127] STDERR: }
[05/Jul/2026:16:57:13 +0200] [upstream] [1872127] STDERR: [ioredis] Unhandled error event: Error: connect EINVAL //default:gQAAAAAAAbQnAAIgcDE2NDY2N2UyZmQ2ZGE0OTJmYmI0ZjUxMzQxNDc0YjljYw@valued-lion-111655.upstash.io:6379%22 - Local (undefined:undefined)
[05/Jul/2026:16:57:13 +0200] [upstream] [1872127] STDERR:     at internalConnect (node:net:1170:16)
[05/Jul/2026:16:57:13 +0200] [upstream] [1872127] STDERR:     at defaultTriggerAsyncIdScope (node:internal/async_hooks:472:18)
[05/Jul/2026:16:57:13 +0200] [upstream] [1872127] STDERR:     at Socket.connect (node:net:1341:5)
[05/Jul/2026:16:57:13 +0200] [upstream] [1872127] STDERR:     at connect (node:net:250:17)
[05/Jul/2026:16:57:13 +0200] [upstream] [1872127] STDERR:     at /home/groza-bot/www/node_modules/ioredis/built/connectors/StandaloneConnector.js:54:66
[05/Jul/2026:16:57:13 +0200] [upstream] [1872127] STDERR:     at process.processTicksAndRejections (node:internal/process/task_queues:85:11)
[05/Jul/2026:16:57:13 +0200] [upstream] [1872127] STDERR: [ioredis] Unhandled error event: Error: connect EINVAL //default:gQAAAAAAAbQnAAIgcDE2NDY2N2UyZmQ2ZGE0OTJmYmI0ZjUxMzQxNDc0YjljYw@valued-lion-111655.upstash.io:6379%22 - Local (undefined:undefined)
[05/Jul/2026:16:57:13 +0200] [upstream] [1872127] STDERR:     at internalConnect (node:net:1170:16)
[05/Jul/2026:16:57:13 +0200] [upstream] [1872127] STDERR:     at defaultTriggerAsyncIdScope (node:internal/async_hooks:472:18)
[05/Jul/2026:16:57:13 +0200] [upstream] [1872127] STDERR:     at Socket.connect (node:net:1341:5)
[05/Jul/2026:16:57:13 +0200] [upstream] [1872127] STDERR:     at connect (node:net:250:17)
[05/Jul/2026:16:57:13 +0200] [upstream] [1872127] STDERR:     at /home/groza-bot/www/node_modules/ioredis/built/connectors/StandaloneConnector.js:54:66
[05/Jul/2026:16:57:13 +0200] [upstream] [1872127] STDERR:     at process.processTicksAndRejections (node:internal/process/task_queues:85:11)
[05/Jul/2026:16:57:14 +0200] [upstream] [1872127] STDERR: Error: connect EINVAL %22rediss://default:gQAAAAAAAbQnAAIgcDE2NDY2N2UyZmQ2ZGE0OTJmYmI0ZjUxMzQxNDc0YjljYw@valued-lion-111655.upstash.io:6379%22 - Local (undefined:undefined)
[05/Jul/2026:16:57:14 +0200] [upstream] [1872127] STDERR:     at internalConnect (node:net:1170:16)
[05/Jul/2026:16:57:14 +0200] [upstream] [1872127] STDERR:     at defaultTriggerAsyncIdScope (node:internal/async_hooks:472:18)
[05/Jul/2026:16:57:14 +0200] [upstream] [1872127] STDERR:     at Socket.connect (node:net:1341:5)
[05/Jul/2026:16:57:14 +0200] [upstream] [1872127] STDERR:     at connect (node:net:250:17)
[05/Jul/2026:16:57:14 +0200] [upstream] [1872127] STDERR:     at /home/groza-bot/www/node_modules/bullmq/node_modules/ioredis/built/connectors/StandaloneConnector.js:54:66
[05/Jul/2026:16:57:14 +0200] [upstream] [1872127] STDERR:     at processTicksAndRejections (node:internal/process/task_queues:85:11)
[05/Jul/2026:16:57:14 +0200] [upstream] [1872127] STDERR:     at runNextTicks (node:internal/process/task_queues:69:3)
[05/Jul/2026:16:57:14 +0200] [upstream] [1872127] STDERR:     at listOnTimeout (node:internal/timers:567:9)
[05/Jul/2026:16:57:14 +0200] [upstream] [1872127] STDERR:     at process.processTimers (node:internal/timers:541:7) {
[05/Jul/2026:16:57:14 +0200] [upstream] [1872127] STDERR:   errno: -22,
[05/Jul/2026:16:57:14 +0200] [upstream] [1872127] STDERR:   code: 'EINVAL',
[05/Jul/2026:16:57:14 +0200] [upstream] [1872127] STDERR:   syscall: 'connect',
[05/Jul/2026:16:57:14 +0200] [upstream] [1872127] STDERR:   address: '%22rediss://default:gQAAAAAAAbQnAAIgcDE2NDY2N2UyZmQ2ZGE0OTJmYmI0ZjUxMzQxNDc0YjljYw@valued-lion-111655.upstash.io:6379%22'
[05/Jul/2026:16:57:14 +0200] [upstream] [1872127] STDERR: }
[05/Jul/2026:16:57:14 +0200] [upstream] [1872127] STDERR: Error: connect EINVAL %22rediss://default:gQAAAAAAAbQnAAIgcDE2NDY2N2UyZmQ2ZGE0OTJmYmI0ZjUxMzQxNDc0YjljYw@valued-lion-111655.upstash.io:6379%22 - Local (undefined:undefined)
[05/Jul/2026:16:57:14 +0200] [upstream] [1872127] STDERR:     at internalConnect (node:net:1170:16)
[05/Jul/2026:16:57:14 +0200] [upstream] [1872127] STDERR:     at defaultTriggerAsyncIdScope (node:internal/async_hooks:472:18)
[05/Jul/2026:16:57:14 +0200] [upstream] [1872127] STDERR:     at Socket.connect (node:net:1341:5)
[05/Jul/2026:16:57:14 +0200] [upstream] [1872127] STDERR:     at connect (node:net:250:17)
[05/Jul/2026:16:57:14 +0200] [upstream] [1872127] STDERR:     at /home/groza-bot/www/node_modules/bullmq/node_modules/ioredis/built/connectors/StandaloneConnector.js:54:66
[05/Jul/2026:16:57:14 +0200] [upstream] [1872127] STDERR:     at process.processTicksAndRejections (node:internal/process/task_queues:85:11) {
[05/Jul/2026:16:57:14 +0200] [upstream] [1872127] STDERR:   errno: -22,
[05/Jul/2026:16:57:14 +0200] [upstream] [1872127] STDERR:   code: 'EINVAL',
[05/Jul/2026:16:57:14 +0200] [upstream] [1872127] STDERR:   syscall: 'connect',
[05/Jul/2026:16:57:14 +0200] [upstream] [1872127] STDERR:   address: '%22rediss://default:gQAAAAAAAbQnAAIgcDE2NDY2N2UyZmQ2ZGE0OTJmYmI0ZjUxMzQxNDc0YjljYw@valued-lion-111655.upstash.io:6379%22'
[05/Jul/2026:16:57:14 +0200] [upstream] [1872127] STDERR: }
[05/Jul/2026:16:57:14 +0200] [upstream] [1872127] STDERR: Error: connect EINVAL %22rediss://default:gQAAAAAAAbQnAAIgcDE2NDY2N2UyZmQ2ZGE0OTJmYmI0ZjUxMzQxNDc0YjljYw@valued-lion-111655.upstash.io:6379%22 - Local (undefined:undefined)
[05/Jul/2026:16:57:14 +0200] [upstream] [1872127] STDERR:     at internalConnect (node:net:1170:16)
[05/Jul/2026:16:57:14 +0200] [upstream] [1872127] STDERR:     at defaultTriggerAsyncIdScope (node:internal/async_hooks:472:18)
[05/Jul/2026:16:57:14 +0200] [upstream] [1872127] STDERR:     at Socket.connect (node:net:1341:5)
[05/Jul/2026:16:57:14 +0200] [upstream] [1872127] STDERR:     at connect (node:net:250:17)
[05/Jul/2026:16:57:14 +0200] [upstream] [1872127] STDERR:     at /home/groza-bot/www/node_modules/bullmq/node_modules/ioredis/built/connectors/StandaloneConnector.js:54:66
[05/Jul/2026:16:57:14 +0200] [upstream] [1872127] STDERR:     at process.processTicksAndRejections (node:internal/process/task_queues:85:11) {
[05/Jul/2026:16:57:14 +0200] [upstream] [1872127] STDERR:   errno: -22,
[05/Jul/2026:16:57:14 +0200] [upstream] [1872127] STDERR:   code: 'EINVAL',
[05/Jul/2026:16:57:14 +0200] [upstream] [1872127] STDERR:   syscall: 'connect',
[05/Jul/2026:16:57:14 +0200] [upstream] [1872127] STDERR:   address: '%22rediss://default:gQAAAAAAAbQnAAIgcDE2NDY2N2UyZmQ2ZGE0OTJmYmI0ZjUxMzQxNDc0YjljYw@valued-lion-111655.upstash.io:6379%22'
[05/Jul/2026:16:57:14 +0200] [upstream] [1872127] STDERR: }
[05/Jul/2026:16:57:14 +0200] [upstream] [1872127] STDERR: [ioredis] Unhandled error event: Error: connect EINVAL //default:gQAAAAAAAbQnAAIgcDE2NDY2N2UyZmQ2ZGE0OTJmYmI0ZjUxMzQxNDc0YjljYw@valued-lion-111655.upstash.io:6379%22 - Local (undefined:undefined)
[05/Jul/2026:16:57:14 +0200] [upstream] [1872127] STDERR:     at internalConnect (node:net:1170:16)
[05/Jul/2026:16:57:14 +0200] [upstream] [1872127] STDERR:     at defaultTriggerAsyncIdScope (node:internal/async_hooks:472:18)
[05/Jul/2026:16:57:14 +0200] [upstream] [1872127] STDERR:     at Socket.connect (node:net:1341:5)
[05/Jul/2026:16:57:14 +0200] [upstream] [1872127] STDERR:     at connect (node:net:250:17)
[05/Jul/2026:16:57:14 +0200] [upstream] [1872127] STDERR:     at /home/groza-bot/www/node_modules/ioredis/built/connectors/StandaloneConnector.js:54:66
[05/Jul/2026:16:57:14 +0200] [upstream] [1872127] STDERR:     at process.processTicksAndRejections (node:internal/process/task_queues:85:11)
[05/Jul/2026:16:57:15 +0200] [upstream] [1872127] STDERR: Error: connect EINVAL %22rediss://default:gQAAAAAAAbQnAAIgcDE2NDY2N2UyZmQ2ZGE0OTJmYmI0ZjUxMzQxNDc0YjljYw@valued-lion-111655.upstash.io:6379%22 - Local (undefined:undefined)
[05/Jul/2026:16:57:15 +0200] [upstream] [1872127] STDERR:     at internalConnect (node:net:1170:16)
[05/Jul/2026:16:57:15 +0200] [upstream] [1872127] STDERR:     at defaultTriggerAsyncIdScope (node:internal/async_hooks:472:18)
[05/Jul/2026:16:57:15 +0200] [upstream] [1872127] STDERR:     at Socket.connect (node:net:1341:5)
[05/Jul/2026:16:57:15 +0200] [upstream] [1872127] STDERR:     at connect (node:net:250:17)
[05/Jul/2026:16:57:15 +0200] [upstream] [1872127] STDERR:     at /home/groza-bot/www/node_modules/bullmq/node_modules/ioredis/built/connectors/StandaloneConnector.js:54:66
[05/Jul/2026:16:57:15 +0200] [upstream] [1872127] STDERR:     at processTicksAndRejections (node:internal/process/task_queues:85:11)
[05/Jul/2026:16:57:15 +0200] [upstream] [1872127] STDERR:     at runNextTicks (node:internal/process/task_queues:69:3)
[05/Jul/2026:16:57:15 +0200] [upstream] [1872127] STDERR:     at listOnTimeout (node:internal/timers:567:9)
[05/Jul/2026:16:57:15 +0200] [upstream] [1872127] STDERR:     at process.processTimers (node:internal/timers:541:7) {
[05/Jul/2026:16:57:15 +0200] [upstream] [1872127] STDERR:   errno: -22,
[05/Jul/2026:16:57:15 +0200] [upstream] [1872127] STDERR:   code: 'EINVAL',
[05/Jul/2026:16:57:15 +0200] [upstream] [1872127] STDERR:   syscall: 'connect',
[05/Jul/2026:16:57:15 +0200] [upstream] [1872127] STDERR:   address: '%22rediss://default:gQAAAAAAAbQnAAIgcDE2NDY2N2UyZmQ2ZGE0OTJmYmI0ZjUxMzQxNDc0YjljYw@valued-lion-111655.upstash.io:6379%22'
[05/Jul/2026:16:57:15 +0200] [upstream] [1872127] STDERR: }
[05/Jul/2026:16:57:15 +0200] [upstream] [1872127] STDERR: Error: connect EINVAL %22rediss://default:gQAAAAAAAbQnAAIgcDE2NDY2N2UyZmQ2ZGE0OTJmYmI0ZjUxMzQxNDc0YjljYw@valued-lion-111655.upstash.io:6379%22 - Local (undefined:undefined)
[05/Jul/2026:16:57:15 +0200] [upstream] [1872127] STDERR:     at internalConnect (node:net:1170:16)
[05/Jul/2026:16:57:15 +0200] [upstream] [1872127] STDERR:     at defaultTriggerAsyncIdScope (node:internal/async_hooks:472:18)
[05/Jul/2026:16:57:15 +0200] [upstream] [1872127] STDERR:     at Socket.connect (node:net:1341:5)
[05/Jul/2026:16:57:15 +0200] [upstream] [1872127] STDERR:     at connect (node:net:250:17)
[05/Jul/2026:16:57:15 +0200] [upstream] [1872127] STDERR:     at /home/groza-bot/www/node_modules/bullmq/node_modules/ioredis/built/connectors/StandaloneConnector.js:54:66
[05/Jul/2026:16:57:15 +0200] [upstream] [1872127] STDERR:     at process.processTicksAndRejections (node:internal/process/task_queues:85:11) {
[05/Jul/2026:16:57:15 +0200] [upstream] [1872127] STDERR:   errno: -22,
[05/Jul/2026:16:57:15 +0200] [upstream] [1872127] STDERR:   code: 'EINVAL',
[05/Jul/2026:16:57:15 +0200] [upstream] [1872127] STDERR:   syscall: 'connect',
[05/Jul/2026:16:57:15 +0200] [upstream] [1872127] STDERR:   address: '%22rediss://default:gQAAAAAAAbQnAAIgcDE2NDY2N2UyZmQ2ZGE0OTJmYmI0ZjUxMzQxNDc0YjljYw@valued-lion-111655.upstash.io:6379%22'
[05/Jul/2026:16:57:15 +0200] [upstream] [1872127] STDERR: }
[05/Jul/2026:16:57:15 +0200] [upstream] [1872127] STDERR: Error: connect EINVAL %22rediss://default:gQAAAAAAAbQnAAIgcDE2NDY2N2UyZmQ2ZGE0OTJmYmI0ZjUxMzQxNDc0YjljYw@valued-lion-111655.upstash.io:6379%22 - Local (undefined:undefined)
[05/Jul/2026:16:57:15 +0200] [upstream] [1872127] STDERR:     at internalConnect (node:net:1170:16)
[05/Jul/2026:16:57:15 +0200] [upstream] [1872127] STDERR:     at defaultTriggerAsyncIdScope (node:internal/async_hooks:472:18)
[05/Jul/2026:16:57:15 +0200] [upstream] [1872127] STDERR:     at Socket.connect (node:net:1341:5)
[05/Jul/2026:16:57:15 +0200] [upstream] [1872127] STDERR:     at connect (node:net:250:17)
[05/Jul/2026:16:57:15 +0200] [upstream] [1872127] STDERR:     at /home/groza-bot/www/node_modules/bullmq/node_modules/ioredis/built/connectors/StandaloneConnector.js:54:66
[05/Jul/2026:16:57:15 +0200] [upstream] [1872127] STDERR:     at process.processTicksAndRejections (node:internal/process/task_queues:85:11) {
[05/Jul/2026:16:57:15 +0200] [upstream] [1872127] STDERR:   errno: -22,
[05/Jul/2026:16:57:15 +0200] [upstream] [1872127] STDERR:   code: 'EINVAL',
[05/Jul/2026:16:57:15 +0200] [upstream] [1872127] STDERR:   syscall: 'connect',
[05/Jul/2026:16:57:15 +0200] [upstream] [1872127] STDERR:   address: '%22rediss://default:gQAAAAAAAbQnAAIgcDE2NDY2N2UyZmQ2ZGE0OTJmYmI0ZjUxMzQxNDc0YjljYw@valued-lion-111655.upstash.io:6379%22'
[05/Jul/2026:16:57:15 +0200] [upstream] [1872127] STDERR: }
[05/Jul/2026:16:57:15 +0200] [upstream] [1872127] STDERR: [ioredis] Unhandled error event: Error: connect EINVAL //default:gQAAAAAAAbQnAAIgcDE2NDY2N2UyZmQ2ZGE0OTJmYmI0ZjUxMzQxNDc0YjljYw@valued-lion-111655.upstash.io:6379%22 - Local (undefined:undefined)
[05/Jul/2026:16:57:15 +0200] [upstream] [1872127] STDERR:     at internalConnect (node:net:1170:16)
[05/Jul/2026:16:57:15 +0200] [upstream] [1872127] STDERR:     at defaultTriggerAsyncIdScope (node:internal/async_hooks:472:18)
[05/Jul/2026:16:57:15 +0200] [upstream] [1872127] STDERR:     at Socket.connect (node:net:1341:5)
[05/Jul/2026:16:57:15 +0200] [upstream] [1872127] STDERR:     at connect (node:net:250:17)
[05/Jul/2026:16:57:15 +0200] [upstream] [1872127] STDERR:     at /home/groza-bot/www/node_modules/ioredis/built/connectors/StandaloneConnector.js:54:66
[05/Jul/2026:16:57:15 +0200] [upstream] [1872127] STDERR:     at process.processTicksAndRejections (node:internal/process/task_queues:85:11)
[05/Jul/2026:16:57:16 +0200] [upstream] [1872127] STDERR: Error: connect EINVAL %22rediss://default:gQAAAAAAAbQnAAIgcDE2NDY2N2UyZmQ2ZGE0OTJmYmI0ZjUxMzQxNDc0YjljYw@valued-lion-111655.upstash.io:6379%22 - Local (undefined:undefined)
[05/Jul/2026:16:57:16 +0200] [upstream] [1872127] STDERR:     at internalConnect (node:net:1170:16)
[05/Jul/2026:16:57:16 +0200] [upstream] [1872127] STDERR:     at defaultTriggerAsyncIdScope (node:internal/async_hooks:472:18)
[05/Jul/2026:16:57:16 +0200] [upstream] [1872127] STDERR:     at Socket.connect (node:net:1341:5)
[05/Jul/2026:16:57:16 +0200] [upstream] [1872127] STDERR:     at connect (node:net:250:17)
[05/Jul/2026:16:57:16 +0200] [upstream] [1872127] STDERR:     at /home/groza-bot/www/node_modules/bullmq/node_modules/ioredis/built/connectors/StandaloneConnector.js:54:66
[05/Jul/2026:16:57:16 +0200] [upstream] [1872127] STDERR:     at processTicksAndRejections (node:internal/process/task_queues:85:11)
[05/Jul/2026:16:57:16 +0200] [upstream] [1872127] STDERR:     at runNextTicks (node:internal/process/task_queues:69:3)
[05/Jul/2026:16:57:16 +0200] [upstream] [1872127] STDERR:     at listOnTimeout (node:internal/timers:567:9)
[05/Jul/2026:16:57:16 +0200] [upstream] [1872127] STDERR:     at process.processTimers (node:internal/timers:541:7) {
[05/Jul/2026:16:57:16 +0200] [upstream] [1872127] STDERR:   errno: -22,
[05/Jul/2026:16:57:16 +0200] [upstream] [1872127] STDERR:   code: 'EINVAL',
[05/Jul/2026:16:57:16 +0200] [upstream] [1872127] STDERR:   syscall: 'connect',
[05/Jul/2026:16:57:16 +0200] [upstream] [1872127] STDERR:   address: '%22rediss://default:gQAAAAAAAbQnAAIgcDE2NDY2N2UyZmQ2ZGE0OTJmYmI0ZjUxMzQxNDc0YjljYw@valued-lion-111655.upstash.io:6379%22'
[05/Jul/2026:16:57:16 +0200] [upstream] [1872127] STDERR: }
[05/Jul/2026:16:57:16 +0200] [upstream] [1872127] STDERR: Error: connect EINVAL %22rediss://default:gQAAAAAAAbQnAAIgcDE2NDY2N2UyZmQ2ZGE0OTJmYmI0ZjUxMzQxNDc0YjljYw@valued-lion-111655.upstash.io:6379%22 - Local (undefined:undefined)
[05/Jul/2026:16:57:16 +0200] [upstream] [1872127] STDERR:     at internalConnect (node:net:1170:16)
[05/Jul/2026:16:57:16 +0200] [upstream] [1872127] STDERR:     at defaultTriggerAsyncIdScope (node:internal/async_hooks:472:18)
[05/Jul/2026:16:57:16 +0200] [upstream] [1872127] STDERR:     at Socket.connect (node:net:1341:5)
[05/Jul/2026:16:57:16 +0200] [upstream] [1872127] STDERR:     at connect (node:net:250:17)
[05/Jul/2026:16:57:16 +0200] [upstream] [1872127] STDERR:     at /home/groza-bot/www/node_modules/bullmq/node_modules/ioredis/built/connectors/StandaloneConnector.js:54:66
[05/Jul/2026:16:57:16 +0200] [upstream] [1872127] STDERR:     at process.processTicksAndRejections (node:internal/process/task_queues:85:11) {
[05/Jul/2026:16:57:16 +0200] [upstream] [1872127] STDERR:   errno: -22,
[05/Jul/2026:16:57:16 +0200] [upstream] [1872127] STDERR:   code: 'EINVAL',
[05/Jul/2026:16:57:16 +0200] [upstream] [1872127] STDERR:   syscall: 'connect',
[05/Jul/2026:16:57:16 +0200] [upstream] [1872127] STDERR:   address: '%22rediss://default:gQAAAAAAAbQnAAIgcDE2NDY2N2UyZmQ2ZGE0OTJmYmI0ZjUxMzQxNDc0YjljYw@valued-lion-111655.upstash.io:6379%22'
[05/Jul/2026:16:57:16 +0200] [upstream] [1872127] STDERR: }
[05/Jul/2026:16:57:16 +0200] [upstream] [1872127] STDERR: Error: connect EINVAL %22rediss://default:gQAAAAAAAbQnAAIgcDE2NDY2N2UyZmQ2ZGE0OTJmYmI0ZjUxMzQxNDc0YjljYw@valued-lion-111655.upstash.io:6379%22 - Local (undefined:undefined)
[05/Jul/2026:16:57:16 +0200] [upstream] [1872127] STDERR:     at internalConnect (node:net:1170:16)
[05/Jul/2026:16:57:16 +0200] [upstream] [1872127] STDERR:     at defaultTriggerAsyncIdScope (node:internal/async_hooks:472:18)
[05/Jul/2026:16:57:16 +0200] [upstream] [1872127] STDERR:     at Socket.connect (node:net:1341:5)
[05/Jul/2026:16:57:16 +0200] [upstream] [1872127] STDERR:     at connect (node:net:250:17)
[05/Jul/2026:16:57:16 +0200] [upstream] [1872127] STDERR:     at /home/groza-bot/www/node_modules/bullmq/node_modules/ioredis/built/connectors/StandaloneConnector.js:54:66
[05/Jul/2026:16:57:16 +0200] [upstream] [1872127] STDERR:     at process.processTicksAndRejections (node:internal/process/task_queues:85:11) {
[05/Jul/2026:16:57:16 +0200] [upstream] [1872127] STDERR:   errno: -22,
[05/Jul/2026:16:57:16 +0200] [upstream] [1872127] STDERR:   code: 'EINVAL',
[05/Jul/2026:16:57:16 +0200] [upstream] [1872127] STDERR:   syscall: 'connect',
[05/Jul/2026:16:57:16 +0200] [upstream] [1872127] STDERR:   address: '%22rediss://default:gQAAAAAAAbQnAAIgcDE2NDY2N2UyZmQ2ZGE0OTJmYmI0ZjUxMzQxNDc0YjljYw@valued-lion-111655.upstash.io:6379%22'
[05/Jul/2026:16:57:16 +0200] [upstream] [1872127] STDERR: }
[05/Jul/2026:16:57:16 +0200] [upstream] [1872127] STDERR: [ioredis] Unhandled error event: Error: connect EINVAL //default:gQAAAAAAAbQnAAIgcDE2NDY2N2UyZmQ2ZGE0OTJmYmI0ZjUxMzQxNDc0YjljYw@valued-lion-111655.upstash.io:6379%22 - Local (undefined:undefined)
[05/Jul/2026:16:57:16 +0200] [upstream] [1872127] STDERR:     at internalConnect (node:net:1170:16)
[05/Jul/2026:16:57:16 +0200] [upstream] [1872127] STDERR:     at defaultTriggerAsyncIdScope (node:internal/async_hooks:472:18)
[05/Jul/2026:16:57:16 +0200] [upstream] [1872127] STDERR:     at Socket.connect (node:net:1341:5)
[05/Jul/2026:16:57:16 +0200] [upstream] [1872127] STDERR:     at connect (node:net:250:17)
[05/Jul/2026:16:57:16 +0200] [upstream] [1872127] STDERR:     at /home/groza-bot/www/node_modules/ioredis/built/connectors/StandaloneConnector.js:54:66
[05/Jul/2026:16:57:16 +0200] [upstream] [1872127] STDERR:     at process.processTicksAndRejections (node:internal/process/task_queues:85:11)
[05/Jul/2026:16:57:16 +0200] [upstream] [1872127] STDERR: [ioredis] Unhandled error event: Error: connect EINVAL //default:gQAAAAAAAbQnAAIgcDE2NDY2N2UyZmQ2ZGE0OTJmYmI0ZjUxMzQxNDc0YjljYw@valued-lion-111655.upstash.io:6379%22 - Local (undefined:undefined)
[05/Jul/2026:16:57:16 +0200] [upstream] [1872127] STDERR:     at internalConnect (node:net:1170:16)
[05/Jul/2026:16:57:16 +0200] [upstream] [1872127] STDERR:     at defaultTriggerAsyncIdScope (node:internal/async_hooks:472:18)
[05/Jul/2026:16:57:16 +0200] [upstream] [1872127] STDERR:     at Socket.connect (node:net:1341:5)
[05/Jul/2026:16:57:16 +0200] [upstream] [1872127] STDERR:     at connect (node:net:250:17)
[05/Jul/2026:16:57:16 +0200] [upstream] [1872127] STDERR:     at /home/groza-bot/www/node_modules/ioredis/built/connectors/StandaloneConnector.js:54:66
[05/Jul/2026:16:57:16 +0200] [upstream] [1872127] STDERR:     at process.processTicksAndRejections (node:internal/process/task_queues:85:11)
[05/Jul/2026:16:57:17 +0200] [upstream] [1872127] STDERR: Error: connect EINVAL %22rediss://default:gQAAAAAAAbQnAAIgcDE2NDY2N2UyZmQ2ZGE0OTJmYmI0ZjUxMzQxNDc0YjljYw@valued-lion-111655.upstash.io:6379%22 - Local (undefined:undefined)
[05/Jul/2026:16:57:17 +0200] [upstream] [1872127] STDERR:     at internalConnect (node:net:1170:16)
[05/Jul/2026:16:57:17 +0200] [upstream] [1872127] STDERR:     at defaultTriggerAsyncIdScope (node:internal/async_hooks:472:18)
[05/Jul/2026:16:57:17 +0200] [upstream] [1872127] STDERR:     at Socket.connect (node:net:1341:5)
[05/Jul/2026:16:57:17 +0200] [upstream] [1872127] STDERR:     at connect (node:net:250:17)
[05/Jul/2026:16:57:17 +0200] [upstream] [1872127] STDERR:     at /home/groza-bot/www/node_modules/bullmq/node_modules/ioredis/built/connectors/StandaloneConnector.js:54:66
[05/Jul/2026:16:57:17 +0200] [upstream] [1872127] STDERR:     at processTicksAndRejections (node:internal/process/task_queues:85:11)
[05/Jul/2026:16:57:17 +0200] [upstream] [1872127] STDERR:     at runNextTicks (node:internal/process/task_queues:69:3)
[05/Jul/2026:16:57:17 +0200] [upstream] [1872127] STDERR:     at listOnTimeout (node:internal/timers:567:9)
[05/Jul/2026:16:57:17 +0200] [upstream] [1872127] STDERR:     at process.processTimers (node:internal/timers:541:7) {
[05/Jul/2026:16:57:17 +0200] [upstream] [1872127] STDERR:   errno: -22,
[05/Jul/2026:16:57:17 +0200] [upstream] [1872127] STDERR:   code: 'EINVAL',
[05/Jul/2026:16:57:17 +0200] [upstream] [1872127] STDERR:   syscall: 'connect',
[05/Jul/2026:16:57:17 +0200] [upstream] [1872127] STDERR:   address: '%22rediss://default:gQAAAAAAAbQnAAIgcDE2NDY2N2UyZmQ2ZGE0OTJmYmI0ZjUxMzQxNDc0YjljYw@valued-lion-111655.upstash.io:6379%22'
[05/Jul/2026:16:57:17 +0200] [upstream] [1872127] STDERR: }
[05/Jul/2026:16:57:17 +0200] [upstream] [1872127] STDERR: Error: connect EINVAL %22rediss://default:gQAAAAAAAbQnAAIgcDE2NDY2N2UyZmQ2ZGE0OTJmYmI0ZjUxMzQxNDc0YjljYw@valued-lion-111655.upstash.io:6379%22 - Local (undefined:undefined)
[05/Jul/2026:16:57:17 +0200] [upstream] [1872127] STDERR:     at internalConnect (node:net:1170:16)
[05/Jul/2026:16:57:17 +0200] [upstream] [1872127] STDERR:     at defaultTriggerAsyncIdScope (node:internal/async_hooks:472:18)
[05/Jul/2026:16:57:17 +0200] [upstream] [1872127] STDERR:     at Socket.connect (node:net:1341:5)
[05/Jul/2026:16:57:17 +0200] [upstream] [1872127] STDERR:     at connect (node:net:250:17)
[05/Jul/2026:16:57:17 +0200] [upstream] [1872127] STDERR:     at /home/groza-bot/www/node_modules/bullmq/node_modules/ioredis/built/connectors/StandaloneConnector.js:54:66
[05/Jul/2026:16:57:17 +0200] [upstream] [1872127] STDERR:     at process.processTicksAndRejections (node:internal/process/task_queues:85:11) {
[05/Jul/2026:16:57:17 +0200] [upstream] [1872127] STDERR:   errno: -22,
[05/Jul/2026:16:57:17 +0200] [upstream] [1872127] STDERR:   code: 'EINVAL',
[05/Jul/2026:16:57:17 +0200] [upstream] [1872127] STDERR:   syscall: 'connect',
[05/Jul/2026:16:57:17 +0200] [upstream] [1872127] STDERR:   address: '%22rediss://default:gQAAAAAAAbQnAAIgcDE2NDY2N2UyZmQ2ZGE0OTJmYmI0ZjUxMzQxNDc0YjljYw@valued-lion-111655.upstash.io:6379%22'
[05/Jul/2026:16:57:17 +0200] [upstream] [1872127] STDERR: }
[05/Jul/2026:16:57:17 +0200] [upstream] [1872127] STDERR: Error: connect EINVAL %22rediss://default:gQAAAAAAAbQnAAIgcDE2NDY2N2UyZmQ2ZGE0OTJmYmI0ZjUxMzQxNDc0YjljYw@valued-lion-111655.upstash.io:6379%22 - Local (undefined:undefined)
[05/Jul/2026:16:57:17 +0200] [upstream] [1872127] STDERR:     at internalConnect (node:net:1170:16)
[05/Jul/2026:16:57:17 +0200] [upstream] [1872127] STDERR:     at defaultTriggerAsyncIdScope (node:internal/async_hooks:472:18)
[05/Jul/2026:16:57:17 +0200] [upstream] [1872127] STDERR:     at Socket.connect (node:net:1341:5)
[05/Jul/2026:16:57:17 +0200] [upstream] [1872127] STDERR:     at connect (node:net:250:17)
[05/Jul/2026:16:57:17 +0200] [upstream] [1872127] STDERR:     at /home/groza-bot/www/node_modules/bullmq/node_modules/ioredis/built/connectors/StandaloneConnector.js:54:66
[05/Jul/2026:16:57:17 +0200] [upstream] [1872127] STDERR:     at process.processTicksAndRejections (node:internal/process/task_queues:85:11) {
[05/Jul/2026:16:57:17 +0200] [upstream] [1872127] STDERR:   errno: -22,
[05/Jul/2026:16:57:17 +0200] [upstream] [1872127] STDERR:   code: 'EINVAL',
[05/Jul/2026:16:57:17 +0200] [upstream] [1872127] STDERR:   syscall: 'connect',
[05/Jul/2026:16:57:17 +0200] [upstream] [1872127] STDERR:   address: '%22rediss://default:gQAAAAAAAbQnAAIgcDE2NDY2N2UyZmQ2ZGE0OTJmYmI0ZjUxMzQxNDc0YjljYw@valued-lion-111655.upstash.io:6379%22'
[05/Jul/2026:16:57:17 +0200] [upstream] [1872127] STDERR: }
[05/Jul/2026:16:57:17 +0200] [upstream] [1872127] STDERR: [ioredis] Unhandled error event: Error: connect EINVAL //default:gQAAAAAAAbQnAAIgcDE2NDY2N2UyZmQ2ZGE0OTJmYmI0ZjUxMzQxNDc0YjljYw@valued-lion-111655.upstash.io:6379%22 - Local (undefined:undefined)
[05/Jul/2026:16:57:17 +0200] [upstream] [1872127] STDERR:     at internalConnect (node:net:1170:16)
[05/Jul/2026:16:57:17 +0200] [upstream] [1872127] STDERR:     at defaultTriggerAsyncIdScope (node:internal/async_hooks:472:18)
[05/Jul/2026:16:57:17 +0200] [upstream] [1872127] STDERR:     at Socket.connect (node:net:1341:5)
[05/Jul/2026:16:57:17 +0200] [upstream] [1872127] STDERR:     at connect (node:net:250:17)
[05/Jul/2026:16:57:17 +0200] [upstream] [1872127] STDERR:     at /home/groza-bot/www/node_modules/ioredis/built/connectors/StandaloneConnector.js:54:66
[05/Jul/2026:16:57:17 +0200] [upstream] [1872127] STDERR:     at process.processTicksAndRejections (node:internal/process/task_queues:85:11)
[05/Jul/2026:16:57:18 +0200] [upstream] [1872127] STDERR: [ioredis] Unhandled error event: Error: connect EINVAL //default:gQAAAAAAAbQnAAIgcDE2NDY2N2UyZmQ2ZGE0OTJmYmI0ZjUxMzQxNDc0YjljYw@valued-lion-111655.upstash.io:6379%22 - Local (undefined:undefined)
[05/Jul/2026:16:57:18 +0200] [upstream] [1872127] STDERR:     at internalConnect (node:net:1170:16)
[05/Jul/2026:16:57:18 +0200] [upstream] [1872127] STDERR:     at defaultTriggerAsyncIdScope (node:internal/async_hooks:472:18)
[05/Jul/2026:16:57:18 +0200] [upstream] [1872127] STDERR:     at Socket.connect (node:net:1341:5)
[05/Jul/2026:16:57:18 +0200] [upstream] [1872127] STDERR:     at connect (node:net:250:17)
[05/Jul/2026:16:57:18 +0200] [upstream] [1872127] STDERR:     at /home/groza-bot/www/node_modules/ioredis/built/connectors/StandaloneConnector.js:54:66
[05/Jul/2026:16:57:18 +0200] [upstream] [1872127] STDERR:     at process.processTicksAndRejections (node:internal/process/task_queues:85:11)
[05/Jul/2026:16:57:19 +0200] [upstream] [1872127] STDERR: [ioredis] Unhandled error event: Error: connect EINVAL //default:gQAAAAAAAbQnAAIgcDE2NDY2N2UyZmQ2ZGE0OTJmYmI0ZjUxMzQxNDc0YjljYw@valued-lion-111655.upstash.io:6379%22 - Local (undefined:undefined)
[05/Jul/2026:16:57:19 +0200] [upstream] [1872127] STDERR:     at internalConnect (node:net:1170:16)
[05/Jul/2026:16:57:19 +0200] [upstream] [1872127] STDERR:     at defaultTriggerAsyncIdScope (node:internal/async_hooks:472:18)
[05/Jul/2026:16:57:19 +0200] [upstream] [1872127] STDERR:     at Socket.connect (node:net:1341:5)
[05/Jul/2026:16:57:19 +0200] [upstream] [1872127] STDERR:     at connect (node:net:250:17)
[05/Jul/2026:16:57:19 +0200] [upstream] [1872127] STDERR:     at /home/groza-bot/www/node_modules/ioredis/built/connectors/StandaloneConnector.js:54:66
[05/Jul/2026:16:57:19 +0200] [upstream] [1872127] STDERR:     at process.processTicksAndRejections (node:internal/process/task_queues:85:11)
[05/Jul/2026:16:57:20 +0200] [upstream] [1872127] STDERR: Error: connect EINVAL %22rediss://default:gQAAAAAAAbQnAAIgcDE2NDY2N2UyZmQ2ZGE0OTJmYmI0ZjUxMzQxNDc0YjljYw@valued-lion-111655.upstash.io:6379%22 - Local (undefined:undefined)
[05/Jul/2026:16:57:20 +0200] [upstream] [1872127] STDERR:     at internalConnect (node:net:1170:16)
[05/Jul/2026:16:57:20 +0200] [upstream] [1872127] STDERR:     at defaultTriggerAsyncIdScope (node:internal/async_hooks:472:18)
[05/Jul/2026:16:57:20 +0200] [upstream] [1872127] STDERR:     at Socket.connect (node:net:1341:5)
[05/Jul/2026:16:57:20 +0200] [upstream] [1872127] STDERR:     at connect (node:net:250:17)
[05/Jul/2026:16:57:20 +0200] [upstream] [1872127] STDERR:     at /home/groza-bot/www/node_modules/bullmq/node_modules/ioredis/built/connectors/StandaloneConnector.js:54:66
[05/Jul/2026:16:57:20 +0200] [upstream] [1872127] STDERR:     at processTicksAndRejections (node:internal/process/task_queues:85:11)
[05/Jul/2026:16:57:20 +0200] [upstream] [1872127] STDERR:     at runNextTicks (node:internal/process/task_queues:69:3)
[05/Jul/2026:16:57:20 +0200] [upstream] [1872127] STDERR:     at listOnTimeout (node:internal/timers:567:9)
[05/Jul/2026:16:57:20 +0200] [upstream] [1872127] STDERR:     at process.processTimers (node:internal/timers:541:7) {
[05/Jul/2026:16:57:20 +0200] [upstream] [1872127] STDERR:   errno: -22,
[05/Jul/2026:16:57:20 +0200] [upstream] [1872127] STDERR:   code: 'EINVAL',
[05/Jul/2026:16:57:20 +0200] [upstream] [1872127] STDERR:   syscall: 'connect',
[05/Jul/2026:16:57:20 +0200] [upstream] [1872127] STDERR:   address: '%22rediss://default:gQAAAAAAAbQnAAIgcDE2NDY2N2UyZmQ2ZGE0OTJmYmI0ZjUxMzQxNDc0YjljYw@valued-lion-111655.upstash.io:6379%22'
[05/Jul/2026:16:57:20 +0200] [upstream] [1872127] STDERR: }
[05/Jul/2026:16:57:20 +0200] [upstream] [1872127] STDERR: Error: connect EINVAL %22rediss://default:gQAAAAAAAbQnAAIgcDE2NDY2N2UyZmQ2ZGE0OTJmYmI0ZjUxMzQxNDc0YjljYw@valued-lion-111655.upstash.io:6379%22 - Local (undefined:undefined)
[05/Jul/2026:16:57:20 +0200] [upstream] [1872127] STDERR:     at internalConnect (node:net:1170:16)
[05/Jul/2026:16:57:20 +0200] [upstream] [1872127] STDERR:     at defaultTriggerAsyncIdScope (node:internal/async_hooks:472:18)
[05/Jul/2026:16:57:20 +0200] [upstream] [1872127] STDERR:     at Socket.connect (node:net:1341:5)
[05/Jul/2026:16:57:20 +0200] [upstream] [1872127] STDERR:     at connect (node:net:250:17)
[05/Jul/2026:16:57:20 +0200] [upstream] [1872127] STDERR:     at /home/groza-bot/www/node_modules/bullmq/node_modules/ioredis/built/connectors/StandaloneConnector.js:54:66
[05/Jul/2026:16:57:20 +0200] [upstream] [1872127] STDERR:     at process.processTicksAndRejections (node:internal/process/task_queues:85:11) {
[05/Jul/2026:16:57:20 +0200] [upstream] [1872127] STDERR:   errno: -22,
[05/Jul/2026:16:57:20 +0200] [upstream] [1872127] STDERR:   code: 'EINVAL',
[05/Jul/2026:16:57:20 +0200] [upstream] [1872127] STDERR:   syscall: 'connect',
[05/Jul/2026:16:57:20 +0200] [upstream] [1872127] STDERR:   address: '%22rediss://default:gQAAAAAAAbQnAAIgcDE2NDY2N2UyZmQ2ZGE0OTJmYmI0ZjUxMzQxNDc0YjljYw@valued-lion-111655.upstash.io:6379%22'
[05/Jul/2026:16:57:20 +0200] [upstream] [1872127] STDERR: }
[05/Jul/2026:16:57:20 +0200] [upstream] [1872127] STDERR: Error: connect EINVAL %22rediss://default:gQAAAAAAAbQnAAIgcDE2NDY2N2UyZmQ2ZGE0OTJmYmI0ZjUxMzQxNDc0YjljYw@valued-lion-111655.upstash.io:6379%22 - Local (undefined:undefined)
[05/Jul/2026:16:57:20 +0200] [upstream] [1872127] STDERR:     at internalConnect (node:net:1170:16)
[05/Jul/2026:16:57:20 +0200] [upstream] [1872127] STDERR:     at defaultTriggerAsyncIdScope (node:internal/async_hooks:472:18)
[05/Jul/2026:16:57:20 +0200] [upstream] [1872127] STDERR:     at Socket.connect (node:net:1341:5)
[05/Jul/2026:16:57:20 +0200] [upstream] [1872127] STDERR:     at connect (node:net:250:17)
[05/Jul/2026:16:57:20 +0200] [upstream] [1872127] STDERR:     at /home/groza-bot/www/node_modules/bullmq/node_modules/ioredis/built/connectors/StandaloneConnector.js:54:66
[05/Jul/2026:16:57:20 +0200] [upstream] [1872127] STDERR:     at process.processTicksAndRejections (node:internal/process/task_queues:85:11) {
[05/Jul/2026:16:57:20 +0200] [upstream] [1872127] STDERR:   errno: -22,
[05/Jul/2026:16:57:20 +0200] [upstream] [1872127] STDERR:   code: 'EINVAL',
[05/Jul/2026:16:57:20 +0200] [upstream] [1872127] STDERR:   syscall: 'connect',
[05/Jul/2026:16:57:20 +0200] [upstream] [1872127] STDERR:   address: '%22rediss://default:gQAAAAAAAbQnAAIgcDE2NDY2N2UyZmQ2ZGE0OTJmYmI0ZjUxMzQxNDc0YjljYw@valued-lion-111655.upstash.io:6379%22'
[05/Jul/2026:16:57:20 +0200] [upstream] [1872127] STDERR: }
[05/Jul/2026:16:57:20 +0200] [upstream] [1872127] STDERR: [ioredis] Unhandled error event: Error: connect EINVAL //default:gQAAAAAAAbQnAAIgcDE2NDY2N2UyZmQ2ZGE0OTJmYmI0ZjUxMzQxNDc0YjljYw@valued-lion-111655.upstash.io:6379%22 - Local (undefined:undefined)
[05/Jul/2026:16:57:20 +0200] [upstream] [1872127] STDERR:     at internalConnect (node:net:1170:16)
[05/Jul/2026:16:57:20 +0200] [upstream] [1872127] STDERR:     at defaultTriggerAsyncIdScope (node:internal/async_hooks:472:18)
[05/Jul/2026:16:57:20 +0200] [upstream] [1872127] STDERR:     at Socket.connect (node:net:1341:5)
[05/Jul/2026:16:57:20 +0200] [upstream] [1872127] STDERR:     at connect (node:net:250:17)
[05/Jul/2026:16:57:20 +0200] [upstream] [1872127] STDERR:     at /home/groza-bot/www/node_modules/ioredis/built/connectors/StandaloneConnector.js:54:66
[05/Jul/2026:16:57:20 +0200] [upstream] [1872127] STDERR:     at process.processTicksAndRejections (node:internal/process/task_queues:85:11)
[05/Jul/2026:16:57:21 +0200] [upstream] [1872127] STDERR: [ioredis] Unhandled error event: Error: connect EINVAL //default:gQAAAAAAAbQnAAIgcDE2NDY2N2UyZmQ2ZGE0OTJmYmI0ZjUxMzQxNDc0YjljYw@valued-lion-111655.upstash.io:6379%22 - Local (undefined:undefined)
[05/Jul/2026:16:57:21 +0200] [upstream] [1872127] STDERR:     at internalConnect (node:net:1170:16)
[05/Jul/2026:16:57:21 +0200] [upstream] [1872127] STDERR:     at defaultTriggerAsyncIdScope (node:internal/async_hooks:472:18)
[05/Jul/2026:16:57:21 +0200] [upstream] [1872127] STDERR:     at Socket.connect (node:net:1341:5)
[05/Jul/2026:16:57:21 +0200] [upstream] [1872127] STDERR:     at connect (node:net:250:17)
[05/Jul/2026:16:57:21 +0200] [upstream] [1872127] STDERR:     at /home/groza-bot/www/node_modules/ioredis/built/connectors/StandaloneConnector.js:54:66
[05/Jul/2026:16:57:21 +0200] [upstream] [1872127] STDERR:     at process.processTicksAndRejections (node:internal/process/task_queues:85:11)
[05/Jul/2026:16:57:22 +0200] [upstream] [1872127] STDERR: [ioredis] Unhandled error event: Error: connect EINVAL //default:gQAAAAAAAbQnAAIgcDE2NDY2N2UyZmQ2ZGE0OTJmYmI0ZjUxMzQxNDc0YjljYw@valued-lion-111655.upstash.io:6379%22 - Local (undefined:undefined)
[05/Jul/2026:16:57:22 +0200] [upstream] [1872127] STDERR:     at internalConnect (node:net:1170:16)
[05/Jul/2026:16:57:22 +0200] [upstream] [1872127] STDERR:     at defaultTriggerAsyncIdScope (node:internal/async_hooks:472:18)
[05/Jul/2026:16:57:22 +0200] [upstream] [1872127] STDERR:     at Socket.connect (node:net:1341:5)
[05/Jul/2026:16:57:22 +0200] [upstream] [1872127] STDERR:     at connect (node:net:250:17)
[05/Jul/2026:16:57:22 +0200] [upstream] [1872127] STDERR:     at /home/groza-bot/www/node_modules/ioredis/built/connectors/StandaloneConnector.js:54:66
[05/Jul/2026:16:57:22 +0200] [upstream] [1872127] STDERR:     at process.processTicksAndRejections (node:internal/process/task_queues:85:11)
[05/Jul/2026:16:57:23 +0200] [upstream] [1872127] STDERR: [ioredis] Unhandled error event: Error: connect EINVAL //default:gQAAAAAAAbQnAAIgcDE2NDY2N2UyZmQ2ZGE0OTJmYmI0ZjUxMzQxNDc0YjljYw@valued-lion-111655.upstash.io:6379%22 - Local (undefined:undefined)
[05/Jul/2026:16:57:23 +0200] [upstream] [1872127] STDERR:     at internalConnect (node:net:1170:16)
[05/Jul/2026:16:57:23 +0200] [upstream] [1872127] STDERR:     at defaultTriggerAsyncIdScope (node:internal/async_hooks:472:18)
[05/Jul/2026:16:57:23 +0200] [upstream] [1872127] STDERR:     at Socket.connect (node:net:1341:5)
[05/Jul/2026:16:57:23 +0200] [upstream] [1872127] STDERR:     at connect (node:net:250:17)
[05/Jul/2026:16:57:23 +0200] [upstream] [1872127] STDERR:     at /home/groza-bot/www/node_modules/ioredis/built/connectors/StandaloneConnector.js:54:66
[05/Jul/2026:16:57:23 +0200] [upstream] [1872127] STDERR:     at process.processTicksAndRejections (node:internal/process/task_queues:85:11)
[05/Jul/2026:16:57:25 +0200] [upstream] [1872127] STDERR: [ioredis] Unhandled error event: Error: connect EINVAL //default:gQAAAAAAAbQnAAIgcDE2NDY2N2UyZmQ2ZGE0OTJmYmI0ZjUxMzQxNDc0YjljYw@valued-lion-111655.upstash.io:6379%22 - Local (undefined:undefined)
[05/Jul/2026:16:57:25 +0200] [upstream] [1872127] STDERR:     at internalConnect (node:net:1170:16)
[05/Jul/2026:16:57:25 +0200] [upstream] [1872127] STDERR:     at defaultTriggerAsyncIdScope (node:internal/async_hooks:472:18)
[05/Jul/2026:16:57:25 +0200] [upstream] [1872127] STDERR:     at Socket.connect (node:net:1341:5)
[05/Jul/2026:16:57:25 +0200] [upstream] [1872127] STDERR:     at connect (node:net:250:17)
[05/Jul/2026:16:57:25 +0200] [upstream] [1872127] STDERR:     at /home/groza-bot/www/node_modules/ioredis/built/connectors/StandaloneConnector.js:54:66
[05/Jul/2026:16:57:25 +0200] [upstream] [1872127] STDERR:     at process.processTicksAndRejections (node:internal/process/task_queues:85:11)
[05/Jul/2026:16:57:26 +0200] [upstream] [1872127] STDERR: [ioredis] Unhandled error event: Error: connect EINVAL //default:gQAAAAAAAbQnAAIgcDE2NDY2N2UyZmQ2ZGE0OTJmYmI0ZjUxMzQxNDc0YjljYw@valued-lion-111655.upstash.io:6379%22 - Local (undefined:undefined)
[05/Jul/2026:16:57:26 +0200] [upstream] [1872127] STDERR:     at internalConnect (node:net:1170:16)
[05/Jul/2026:16:57:26 +0200] [upstream] [1872127] STDERR:     at defaultTriggerAsyncIdScope (node:internal/async_hooks:472:18)
[05/Jul/2026:16:57:26 +0200] [upstream] [1872127] STDERR:     at Socket.connect (node:net:1341:5)
[05/Jul/2026:16:57:26 +0200] [upstream] [1872127] STDERR:     at connect (node:net:250:17)
[05/Jul/2026:16:57:26 +0200] [upstream] [1872127] STDERR:     at /home/groza-bot/www/node_modules/ioredis/built/connectors/StandaloneConnector.js:54:66
[05/Jul/2026:16:57:26 +0200] [upstream] [1872127] STDERR:     at process.processTicksAndRejections (node:internal/process/task_queues:85:11)
[05/Jul/2026:16:57:27 +0200] [upstream] [1872127] STDERR: [ioredis] Unhandled error event: Error: connect EINVAL //default:gQAAAAAAAbQnAAIgcDE2NDY2N2UyZmQ2ZGE0OTJmYmI0ZjUxMzQxNDc0YjljYw@valued-lion-111655.upstash.io:6379%22 - Local (undefined:undefined)
[05/Jul/2026:16:57:27 +0200] [upstream] [1872127] STDERR:     at internalConnect (node:net:1170:16)
[05/Jul/2026:16:57:27 +0200] [upstream] [1872127] STDERR:     at defaultTriggerAsyncIdScope (node:internal/async_hooks:472:18)
[05/Jul/2026:16:57:27 +0200] [upstream] [1872127] STDERR:     at Socket.connect (node:net:1341:5)
[05/Jul/2026:16:57:27 +0200] [upstream] [1872127] STDERR:     at connect (node:net:250:17)
[05/Jul/2026:16:57:27 +0200] [upstream] [1872127] STDERR:     at /home/groza-bot/www/node_modules/ioredis/built/connectors/StandaloneConnector.js:54:66
[05/Jul/2026:16:57:27 +0200] [upstream] [1872127] STDERR:     at process.processTicksAndRejections (node:internal/process/task_queues:85:11)
[05/Jul/2026:16:57:28 +0200] [upstream] [1872127] STDERR: Error: connect EINVAL %22rediss://default:gQAAAAAAAbQnAAIgcDE2NDY2N2UyZmQ2ZGE0OTJmYmI0ZjUxMzQxNDc0YjljYw@valued-lion-111655.upstash.io:6379%22 - Local (undefined:undefined)
[05/Jul/2026:16:57:28 +0200] [upstream] [1872127] STDERR:     at internalConnect (node:net:1170:16)
[05/Jul/2026:16:57:28 +0200] [upstream] [1872127] STDERR:     at defaultTriggerAsyncIdScope (node:internal/async_hooks:472:18)
[05/Jul/2026:16:57:28 +0200] [upstream] [1872127] STDERR:     at Socket.connect (node:net:1341:5)
[05/Jul/2026:16:57:28 +0200] [upstream] [1872127] STDERR:     at connect (node:net:250:17)
[05/Jul/2026:16:57:28 +0200] [upstream] [1872127] STDERR:     at /home/groza-bot/www/node_modules/bullmq/node_modules/ioredis/built/connectors/StandaloneConnector.js:54:66
[05/Jul/2026:16:57:28 +0200] [upstream] [1872127] STDERR:     at processTicksAndRejections (node:internal/process/task_queues:85:11)
[05/Jul/2026:16:57:28 +0200] [upstream] [1872127] STDERR:     at runNextTicks (node:internal/process/task_queues:69:3)
[05/Jul/2026:16:57:28 +0200] [upstream] [1872127] STDERR:     at listOnTimeout (node:internal/timers:567:9)
[05/Jul/2026:16:57:28 +0200] [upstream] [1872127] STDERR:     at process.processTimers (node:internal/timers:541:7) {
[05/Jul/2026:16:57:28 +0200] [upstream] [1872127] STDERR:   errno: -22,
[05/Jul/2026:16:57:28 +0200] [upstream] [1872127] STDERR:   code: 'EINVAL',
[05/Jul/2026:16:57:28 +0200] [upstream] [1872127] STDERR:   syscall: 'connect',
[05/Jul/2026:16:57:28 +0200] [upstream] [1872127] STDERR:   address: '%22rediss://default:gQAAAAAAAbQnAAIgcDE2NDY2N2UyZmQ2ZGE0OTJmYmI0ZjUxMzQxNDc0YjljYw@valued-lion-111655.upstash.io:6379%22'
[05/Jul/2026:16:57:28 +0200] [upstream] [1872127] STDERR: }
[05/Jul/2026:16:57:28 +0200] [upstream] [1872127] STDERR: Error: connect EINVAL %22rediss://default:gQAAAAAAAbQnAAIgcDE2NDY2N2UyZmQ2ZGE0OTJmYmI0ZjUxMzQxNDc0YjljYw@valued-lion-111655.upstash.io:6379%22 - Local (undefined:undefined)
[05/Jul/2026:16:57:28 +0200] [upstream] [1872127] STDERR:     at internalConnect (node:net:1170:16)
[05/Jul/2026:16:57:28 +0200] [upstream] [1872127] STDERR:     at defaultTriggerAsyncIdScope (node:internal/async_hooks:472:18)
[05/Jul/2026:16:57:28 +0200] [upstream] [1872127] STDERR:     at Socket.connect (node:net:1341:5)
[05/Jul/2026:16:57:28 +0200] [upstream] [1872127] STDERR:     at connect (node:net:250:17)
[05/Jul/2026:16:57:28 +0200] [upstream] [1872127] STDERR:     at /home/groza-bot/www/node_modules/bullmq/node_modules/ioredis/built/connectors/StandaloneConnector.js:54:66
[05/Jul/2026:16:57:28 +0200] [upstream] [1872127] STDERR:     at process.processTicksAndRejections (node:internal/process/task_queues:85:11) {
[05/Jul/2026:16:57:28 +0200] [upstream] [1872127] STDERR:   errno: -22,
[05/Jul/2026:16:57:28 +0200] [upstream] [1872127] STDERR:   code: 'EINVAL',
[05/Jul/2026:16:57:28 +0200] [upstream] [1872127] STDERR:   syscall: 'connect',
[05/Jul/2026:16:57:28 +0200] [upstream] [1872127] STDERR:   address: '%22rediss://default:gQAAAAAAAbQnAAIgcDE2NDY2N2UyZmQ2ZGE0OTJmYmI0ZjUxMzQxNDc0YjljYw@valued-lion-111655.upstash.io:6379%22'
[05/Jul/2026:16:57:28 +0200] [upstream] [1872127] STDERR: }
[05/Jul/2026:16:57:28 +0200] [upstream] [1872127] STDERR: Error: connect EINVAL %22rediss://default:gQAAAAAAAbQnAAIgcDE2NDY2N2UyZmQ2ZGE0OTJmYmI0ZjUxMzQxNDc0YjljYw@valued-lion-111655.upstash.io:6379%22 - Local (undefined:undefined)
[05/Jul/2026:16:57:28 +0200] [upstream] [1872127] STDERR:     at internalConnect (node:net:1170:16)
[05/Jul/2026:16:57:28 +0200] [upstream] [1872127] STDERR:     at defaultTriggerAsyncIdScope (node:internal/async_hooks:472:18)
[05/Jul/2026:16:57:28 +0200] [upstream] [1872127] STDERR:     at Socket.connect (node:net:1341:5)
[05/Jul/2026:16:57:28 +0200] [upstream] [1872127] STDERR:     at connect (node:net:250:17)
[05/Jul/2026:16:57:28 +0200] [upstream] [1872127] STDERR:     at /home/groza-bot/www/node_modules/bullmq/node_modules/ioredis/built/connectors/StandaloneConnector.js:54:66
[05/Jul/2026:16:57:28 +0200] [upstream] [1872127] STDERR:     at process.processTicksAndRejections (node:internal/process/task_queues:85:11) {
[05/Jul/2026:16:57:28 +0200] [upstream] [1872127] STDERR:   errno: -22,
[05/Jul/2026:16:57:28 +0200] [upstream] [1872127] STDERR:   code: 'EINVAL',
[05/Jul/2026:16:57:28 +0200] [upstream] [1872127] STDERR:   syscall: 'connect',
[05/Jul/2026:16:57:28 +0200] [upstream] [1872127] STDERR:   address: '%22rediss://default:gQAAAAAAAbQnAAIgcDE2NDY2N2UyZmQ2ZGE0OTJmYmI0ZjUxMzQxNDc0YjljYw@valued-lion-111655.upstash.io:6379%22'
[05/Jul/2026:16:57:28 +0200] [upstream] [1872127] STDERR: }
[05/Jul/2026:16:57:28 +0200] [upstream] [1872127] STDERR: [ioredis] Unhandled error event: Error: connect EINVAL //default:gQAAAAAAAbQnAAIgcDE2NDY2N2UyZmQ2ZGE0OTJmYmI0ZjUxMzQxNDc0YjljYw@valued-lion-111655.upstash.io:6379%22 - Local (undefined:undefined)
[05/Jul/2026:16:57:28 +0200] [upstream] [1872127] STDERR:     at internalConnect (node:net:1170:16)
[05/Jul/2026:16:57:28 +0200] [upstream] [1872127] STDERR:     at defaultTriggerAsyncIdScope (node:internal/async_hooks:472:18)
[05/Jul/2026:16:57:28 +0200] [upstream] [1872127] STDERR:     at Socket.connect (node:net:1341:5)
[05/Jul/2026:16:57:28 +0200] [upstream] [1872127] STDERR:     at connect (node:net:250:17)
[05/Jul/2026:16:57:28 +0200] [upstream] [1872127] STDERR:     at /home/groza-bot/www/node_modules/ioredis/built/connectors/StandaloneConnector.js:54:66
[05/Jul/2026:16:57:28 +0200] [upstream] [1872127] STDERR:     at process.processTicksAndRejections (node:internal/process/task_queues:85:11)
[05/Jul/2026:16:57:30 +0200] [upstream] [1872127] STDERR: [ioredis] Unhandled error event: Error: connect EINVAL //default:gQAAAAAAAbQnAAIgcDE2NDY2N2UyZmQ2ZGE0OTJmYmI0ZjUxMzQxNDc0YjljYw@valued-lion-111655.upstash.io:6379%22 - Local (undefined:undefined)
[05/Jul/2026:16:57:30 +0200] [upstream] [1872127] STDERR:     at internalConnect (node:net:1170:16)
[05/Jul/2026:16:57:30 +0200] [upstream] [1872127] STDERR:     at defaultTriggerAsyncIdScope (node:internal/async_hooks:472:18)
[05/Jul/2026:16:57:30 +0200] [upstream] [1872127] STDERR:     at Socket.connect (node:net:1341:5)
[05/Jul/2026:16:57:30 +0200] [upstream] [1872127] STDERR:     at connect (node:net:250:17)
[05/Jul/2026:16:57:30 +0200] [upstream] [1872127] STDERR:     at /home/groza-bot/www/node_modules/ioredis/built/connectors/StandaloneConnector.js:54:66
[05/Jul/2026:16:57:30 +0200] [upstream] [1872127] STDERR:     at process.processTicksAndRejections (node:internal/process/task_queues:85:11)
[05/Jul/2026:16:57:31 +0200] [upstream] [1872127] STDERR: [ioredis] Unhandled error event: Error: connect EINVAL //default:gQAAAAAAAbQnAAIgcDE2NDY2N2UyZmQ2ZGE0OTJmYmI0ZjUxMzQxNDc0YjljYw@valued-lion-111655.upstash.io:6379%22 - Local (undefined:undefined)
[05/Jul/2026:16:57:31 +0200] [upstream] [1872127] STDERR:     at internalConnect (node:net:1170:16)
[05/Jul/2026:16:57:31 +0200] [upstream] [1872127] STDERR:     at defaultTriggerAsyncIdScope (node:internal/async_hooks:472:18)
[05/Jul/2026:16:57:31 +0200] [upstream] [1872127] STDERR:     at Socket.connect (node:net:1341:5)
[05/Jul/2026:16:57:31 +0200] [upstream] [1872127] STDERR:     at connect (node:net:250:17)
[05/Jul/2026:16:57:31 +0200] [upstream] [1872127] STDERR:     at /home/groza-bot/www/node_modules/ioredis/built/connectors/StandaloneConnector.js:54:66
[05/Jul/2026:16:57:31 +0200] [upstream] [1872127] STDERR:     at process.processTicksAndRejections (node:internal/process/task_queues:85:11)
[05/Jul/2026:16:57:33 +0200] [upstream] [1872127] STDERR: [ioredis] Unhandled error event: Error: connect EINVAL //default:gQAAAAAAAbQnAAIgcDE2NDY2N2UyZmQ2ZGE0OTJmYmI0ZjUxMzQxNDc0YjljYw@valued-lion-111655.upstash.io:6379%22 - Local (undefined:undefined)
[05/Jul/2026:16:57:33 +0200] [upstream] [1872127] STDERR:     at internalConnect (node:net:1170:16)
[05/Jul/2026:16:57:33 +0200] [upstream] [1872127] STDERR:     at defaultTriggerAsyncIdScope (node:internal/async_hooks:472:18)
[05/Jul/2026:16:57:33 +0200] [upstream] [1872127] STDERR:     at Socket.connect (node:net:1341:5)
[05/Jul/2026:16:57:33 +0200] [upstream] [1872127] STDERR:     at connect (node:net:250:17)
[05/Jul/2026:16:57:33 +0200] [upstream] [1872127] STDERR:     at /home/groza-bot/www/node_modules/ioredis/built/connectors/StandaloneConnector.js:54:66
[05/Jul/2026:16:57:33 +0200] [upstream] [1872127] STDERR:     at process.processTicksAndRejections (node:internal/process/task_queues:85:11)
[05/Jul/2026:16:57:34 +0200] [upstream] [1872127] STDERR: [ioredis] Unhandled error event: Error: connect EINVAL //default:gQAAAAAAAbQnAAIgcDE2NDY2N2UyZmQ2ZGE0OTJmYmI0ZjUxMzQxNDc0YjljYw@valued-lion-111655.upstash.io:6379%22 - Local (undefined:undefined)
[05/Jul/2026:16:57:34 +0200] [upstream] [1872127] STDERR:     at internalConnect (node:net:1170:16)
[05/Jul/2026:16:57:34 +0200] [upstream] [1872127] STDERR:     at defaultTriggerAsyncIdScope (node:internal/async_hooks:472:18)
[05/Jul/2026:16:57:34 +0200] [upstream] [1872127] STDERR:     at Socket.connect (node:net:1341:5)
[05/Jul/2026:16:57:34 +0200] [upstream] [1872127] STDERR:     at connect (node:net:250:17)
[05/Jul/2026:16:57:34 +0200] [upstream] [1872127] STDERR:     at /home/groza-bot/www/node_modules/ioredis/built/connectors/StandaloneConnector.js:54:66
[05/Jul/2026:16:57:34 +0200] [upstream] [1872127] STDERR:     at process.processTicksAndRejections (node:internal/process/task_queues:85:11)
[05/Jul/2026:16:57:36 +0200] [upstream] [1872127] STDERR: [ioredis] Unhandled error event: Error: connect EINVAL //default:gQAAAAAAAbQnAAIgcDE2NDY2N2UyZmQ2ZGE0OTJmYmI0ZjUxMzQxNDc0YjljYw@valued-lion-111655.upstash.io:6379%22 - Local (undefined:undefined)
[05/Jul/2026:16:57:36 +0200] [upstream] [1872127] STDERR:     at internalConnect (node:net:1170:16)
[05/Jul/2026:16:57:36 +0200] [upstream] [1872127] STDERR:     at defaultTriggerAsyncIdScope (node:internal/async_hooks:472:18)
[05/Jul/2026:16:57:36 +0200] [upstream] [1872127] STDERR:     at Socket.connect (node:net:1341:5)
[05/Jul/2026:16:57:36 +0200] [upstream] [1872127] STDERR:     at connect (node:net:250:17)
[05/Jul/2026:16:57:36 +0200] [upstream] [1872127] STDERR:     at /home/groza-bot/www/node_modules/ioredis/built/connectors/StandaloneConnector.js:54:66
[05/Jul/2026:16:57:36 +0200] [upstream] [1872127] STDERR:     at process.processTicksAndRejections (node:internal/process/task_queues:85:11)
[05/Jul/2026:16:57:38 +0200] [upstream] [1872127] STDERR: [ioredis] Unhandled error event: Error: connect EINVAL //default:gQAAAAAAAbQnAAIgcDE2NDY2N2UyZmQ2ZGE0OTJmYmI0ZjUxMzQxNDc0YjljYw@valued-lion-111655.upstash.io:6379%22 - Local (undefined:undefined)
[05/Jul/2026:16:57:38 +0200] [upstream] [1872127] STDERR:     at internalConnect (node:net:1170:16)
[05/Jul/2026:16:57:38 +0200] [upstream] [1872127] STDERR:     at defaultTriggerAsyncIdScope (node:internal/async_hooks:472:18)
[05/Jul/2026:16:57:38 +0200] [upstream] [1872127] STDERR:     at Socket.connect (node:net:1341:5)
[05/Jul/2026:16:57:38 +0200] [upstream] [1872127] STDERR:     at connect (node:net:250:17)
[05/Jul/2026:16:57:38 +0200] [upstream] [1872127] STDERR:     at /home/groza-bot/www/node_modules/ioredis/built/connectors/StandaloneConnector.js:54:66
[05/Jul/2026:16:57:38 +0200] [upstream] [1872127] STDERR:     at process.processTicksAndRejections (node:internal/process/task_queues:85:11)
[05/Jul/2026:16:57:39 +0200] [upstream] [1872127] STDERR: [ioredis] Unhandled error event: Error: connect EINVAL //default:gQAAAAAAAbQnAAIgcDE2NDY2N2UyZmQ2ZGE0OTJmYmI0ZjUxMzQxNDc0YjljYw@valued-lion-111655.upstash.io:6379%22 - Local (undefined:undefined)
[05/Jul/2026:16:57:39 +0200] [upstream] [1872127] STDERR:     at internalConnect (node:net:1170:16)
[05/Jul/2026:16:57:39 +0200] [upstream] [1872127] STDERR:     at defaultTriggerAsyncIdScope (node:internal/async_hooks:472:18)
[05/Jul/2026:16:57:39 +0200] [upstream] [1872127] STDERR:     at Socket.connect (node:net:1341:5)
[05/Jul/2026:16:57:39 +0200] [upstream] [1872127] STDERR:     at connect (node:net:250:17)
[05/Jul/2026:16:57:39 +0200] [upstream] [1872127] STDERR:     at /home/groza-bot/www/node_modules/ioredis/built/connectors/StandaloneConnector.js:54:66
[05/Jul/2026:16:57:39 +0200] [upstream] [1872127] STDERR:     at process.processTicksAndRejections (node:internal/process/task_queues:85:11)
[05/Jul/2026:16:57:41 +0200] [upstream] [1872127] STDERR: [ioredis] Unhandled error event: Error: connect EINVAL //default:gQAAAAAAAbQnAAIgcDE2NDY2N2UyZmQ2ZGE0OTJmYmI0ZjUxMzQxNDc0YjljYw@valued-lion-111655.upstash.io:6379%22 - Local (undefined:undefined)
[05/Jul/2026:16:57:41 +0200] [upstream] [1872127] STDERR:     at internalConnect (node:net:1170:16)
[05/Jul/2026:16:57:41 +0200] [upstream] [1872127] STDERR:     at defaultTriggerAsyncIdScope (node:internal/async_hooks:472:18)
[05/Jul/2026:16:57:41 +0200] [upstream] [1872127] STDERR:     at Socket.connect (node:net:1341:5)
[05/Jul/2026:16:57:41 +0200] [upstream] [1872127] STDERR:     at connect (node:net:250:17)
[05/Jul/2026:16:57:41 +0200] [upstream] [1872127] STDERR:     at /home/groza-bot/www/node_modules/ioredis/built/connectors/StandaloneConnector.js:54:66
[05/Jul/2026:16:57:41 +0200] [upstream] [1872127] STDERR:     at process.processTicksAndRejections (node:internal/process/task_queues:85:11)
[05/Jul/2026:16:57:43 +0200] [upstream] [1872127] STDERR: [ioredis] Unhandled error event: Error: connect EINVAL //default:gQAAAAAAAbQnAAIgcDE2NDY2N2UyZmQ2ZGE0OTJmYmI0ZjUxMzQxNDc0YjljYw@valued-lion-111655.upstash.io:6379%22 - Local (undefined:undefined)
[05/Jul/2026:16:57:43 +0200] [upstream] [1872127] STDERR:     at internalConnect (node:net:1170:16)
[05/Jul/2026:16:57:43 +0200] [upstream] [1872127] STDERR:     at defaultTriggerAsyncIdScope (node:internal/async_hooks:472:18)
[05/Jul/2026:16:57:43 +0200] [upstream] [1872127] STDERR:     at Socket.connect (node:net:1341:5)
[05/Jul/2026:16:57:43 +0200] [upstream] [1872127] STDERR:     at connect (node:net:250:17)
[05/Jul/2026:16:57:43 +0200] [upstream] [1872127] STDERR:     at /home/groza-bot/www/node_modules/ioredis/built/connectors/StandaloneConnector.js:54:66
[05/Jul/2026:16:57:43 +0200] [upstream] [1872127] STDERR:     at process.processTicksAndRejections (node:internal/process/task_queues:85:11)
[05/Jul/2026:16:57:45 +0200] [upstream] [1872127] STDERR: [ioredis] Unhandled error event: Error: connect EINVAL //default:gQAAAAAAAbQnAAIgcDE2NDY2N2UyZmQ2ZGE0OTJmYmI0ZjUxMzQxNDc0YjljYw@valued-lion-111655.upstash.io:6379%22 - Local (undefined:undefined)
[05/Jul/2026:16:57:45 +0200] [upstream] [1872127] STDERR:     at internalConnect (node:net:1170:16)
[05/Jul/2026:16:57:45 +0200] [upstream] [1872127] STDERR:     at defaultTriggerAsyncIdScope (node:internal/async_hooks:472:18)
[05/Jul/2026:16:57:45 +0200] [upstream] [1872127] STDERR:     at Socket.connect (node:net:1341:5)
[05/Jul/2026:16:57:45 +0200] [upstream] [1872127] STDERR:     at connect (node:net:250:17)
[05/Jul/2026:16:57:45 +0200] [upstream] [1872127] STDERR:     at /home/groza-bot/www/node_modules/ioredis/built/connectors/StandaloneConnector.js:54:66
[05/Jul/2026:16:57:45 +0200] [upstream] [1872127] STDERR:     at process.processTicksAndRejections (node:internal/process/task_queues:85:11)
[05/Jul/2026:16:57:47 +0200] [upstream] [1872127] STDERR: [ioredis] Unhandled error event: Error: connect EINVAL //default:gQAAAAAAAbQnAAIgcDE2NDY2N2UyZmQ2ZGE0OTJmYmI0ZjUxMzQxNDc0YjljYw@valued-lion-111655.upstash.io:6379%22 - Local (undefined:undefined)
[05/Jul/2026:16:57:47 +0200] [upstream] [1872127] STDERR:     at internalConnect (node:net:1170:16)
[05/Jul/2026:16:57:47 +0200] [upstream] [1872127] STDERR:     at defaultTriggerAsyncIdScope (node:internal/async_hooks:472:18)
[05/Jul/2026:16:57:47 +0200] [upstream] [1872127] STDERR:     at Socket.connect (node:net:1341:5)
[05/Jul/2026:16:57:47 +0200] [upstream] [1872127] STDERR:     at connect (node:net:250:17)
[05/Jul/2026:16:57:47 +0200] [upstream] [1872127] STDERR:     at /home/groza-bot/www/node_modules/ioredis/built/connectors/StandaloneConnector.js:54:66
[05/Jul/2026:16:57:47 +0200] [upstream] [1872127] STDERR:     at process.processTicksAndRejections (node:internal/process/task_queues:85:11)
[05/Jul/2026:16:57:48 +0200] [upstream] [1872127] STDERR: Error: connect EINVAL %22rediss://default:gQAAAAAAAbQnAAIgcDE2NDY2N2UyZmQ2ZGE0OTJmYmI0ZjUxMzQxNDc0YjljYw@valued-lion-111655.upstash.io:6379%22 - Local (undefined:undefined)
[05/Jul/2026:16:57:48 +0200] [upstream] [1872127] STDERR:     at internalConnect (node:net:1170:16)
[05/Jul/2026:16:57:48 +0200] [upstream] [1872127] STDERR:     at defaultTriggerAsyncIdScope (node:internal/async_hooks:472:18)
[05/Jul/2026:16:57:48 +0200] [upstream] [1872127] STDERR:     at Socket.connect (node:net:1341:5)
[05/Jul/2026:16:57:48 +0200] [upstream] [1872127] STDERR:     at connect (node:net:250:17)
[05/Jul/2026:16:57:48 +0200] [upstream] [1872127] STDERR:     at /home/groza-bot/www/node_modules/bullmq/node_modules/ioredis/built/connectors/StandaloneConnector.js:54:66
[05/Jul/2026:16:57:48 +0200] [upstream] [1872127] STDERR:     at processTicksAndRejections (node:internal/process/task_queues:85:11)
[05/Jul/2026:16:57:48 +0200] [upstream] [1872127] STDERR:     at runNextTicks (node:internal/process/task_queues:69:3)
[05/Jul/2026:16:57:48 +0200] [upstream] [1872127] STDERR:     at listOnTimeout (node:internal/timers:567:9)
[05/Jul/2026:16:57:48 +0200] [upstream] [1872127] STDERR:     at process.processTimers (node:internal/timers:541:7) {
[05/Jul/2026:16:57:48 +0200] [upstream] [1872127] STDERR:   errno: -22,
[05/Jul/2026:16:57:48 +0200] [upstream] [1872127] STDERR:   code: 'EINVAL',
[05/Jul/2026:16:57:48 +0200] [upstream] [1872127] STDERR:   syscall: 'connect',
[05/Jul/2026:16:57:48 +0200] [upstream] [1872127] STDERR:   address: '%22rediss://default:gQAAAAAAAbQnAAIgcDE2NDY2N2UyZmQ2ZGE0OTJmYmI0ZjUxMzQxNDc0YjljYw@valued-lion-111655.upstash.io:6379%22'
[05/Jul/2026:16:57:48 +0200] [upstream] [1872127] STDERR: }
[05/Jul/2026:16:57:48 +0200] [upstream] [1872127] STDERR: Error: connect EINVAL %22rediss://default:gQAAAAAAAbQnAAIgcDE2NDY2N2UyZmQ2ZGE0OTJmYmI0ZjUxMzQxNDc0YjljYw@valued-lion-111655.upstash.io:6379%22 - Local (undefined:undefined)
[05/Jul/2026:16:57:48 +0200] [upstream] [1872127] STDERR:     at internalConnect (node:net:1170:16)
[05/Jul/2026:16:57:48 +0200] [upstream] [1872127] STDERR:     at defaultTriggerAsyncIdScope (node:internal/async_hooks:472:18)
[05/Jul/2026:16:57:48 +0200] [upstream] [1872127] STDERR:     at Socket.connect (node:net:1341:5)
[05/Jul/2026:16:57:48 +0200] [upstream] [1872127] STDERR:     at connect (node:net:250:17)
[05/Jul/2026:16:57:48 +0200] [upstream] [1872127] STDERR:     at /home/groza-bot/www/node_modules/bullmq/node_modules/ioredis/built/connectors/StandaloneConnector.js:54:66
[05/Jul/2026:16:57:48 +0200] [upstream] [1872127] STDERR:     at processTicksAndRejections (node:internal/process/task_queues:85:11)
[05/Jul/2026:16:57:48 +0200] [upstream] [1872127] STDERR:     at runNextTicks (node:internal/process/task_queues:69:3)
[05/Jul/2026:16:57:48 +0200] [upstream] [1872127] STDERR:     at listOnTimeout (node:internal/timers:567:9)
[05/Jul/2026:16:57:48 +0200] [upstream] [1872127] STDERR:     at process.processTimers (node:internal/timers:541:7) {
[05/Jul/2026:16:57:48 +0200] [upstream] [1872127] STDERR:   errno: -22,
[05/Jul/2026:16:57:48 +0200] [upstream] [1872127] STDERR:   code: 'EINVAL',
[05/Jul/2026:16:57:48 +0200] [upstream] [1872127] STDERR:   syscall: 'connect',
[05/Jul/2026:16:57:48 +0200] [upstream] [1872127] STDERR:   address: '%22rediss://default:gQAAAAAAAbQnAAIgcDE2NDY2N2UyZmQ2ZGE0OTJmYmI0ZjUxMzQxNDc0YjljYw@valued-lion-111655.upstash.io:6379%22'
[05/Jul/2026:16:57:48 +0200] [upstream] [1872127] STDERR: }
[05/Jul/2026:16:57:48 +0200] [upstream] [1872127] STDERR: Error: connect EINVAL %22rediss://default:gQAAAAAAAbQnAAIgcDE2NDY2N2UyZmQ2ZGE0OTJmYmI0ZjUxMzQxNDc0YjljYw@valued-lion-111655.upstash.io:6379%22 - Local (undefined:undefined)
[05/Jul/2026:16:57:48 +0200] [upstream] [1872127] STDERR:     at internalConnect (node:net:1170:16)
[05/Jul/2026:16:57:48 +0200] [upstream] [1872127] STDERR:     at defaultTriggerAsyncIdScope (node:internal/async_hooks:472:18)
[05/Jul/2026:16:57:48 +0200] [upstream] [1872127] STDERR:     at Socket.connect (node:net:1341:5)
[05/Jul/2026:16:57:48 +0200] [upstream] [1872127] STDERR:     at connect (node:net:250:17)
[05/Jul/2026:16:57:48 +0200] [upstream] [1872127] STDERR:     at /home/groza-bot/www/node_modules/bullmq/node_modules/ioredis/built/connectors/StandaloneConnector.js:54:66
[05/Jul/2026:16:57:48 +0200] [upstream] [1872127] STDERR:     at process.processTicksAndRejections (node:internal/process/task_queues:85:11) {
[05/Jul/2026:16:57:48 +0200] [upstream] [1872127] STDERR:   errno: -22,
[05/Jul/2026:16:57:48 +0200] [upstream] [1872127] STDERR:   code: 'EINVAL',
[05/Jul/2026:16:57:48 +0200] [upstream] [1872127] STDERR:   syscall: 'connect',
[05/Jul/2026:16:57:48 +0200] [upstream] [1872127] STDERR:   address: '%22rediss://default:gQAAAAAAAbQnAAIgcDE2NDY2N2UyZmQ2ZGE0OTJmYmI0ZjUxMzQxNDc0YjljYw@valued-lion-111655.upstash.io:6379%22'
[05/Jul/2026:16:57:48 +0200] [upstream] [1872127] STDERR: }
[05/Jul/2026:16:57:49 +0200] [upstream] [1872127] STDERR: [ioredis] Unhandled error event: Error: connect EINVAL //default:gQAAAAAAAbQnAAIgcDE2NDY2N2UyZmQ2ZGE0OTJmYmI0ZjUxMzQxNDc0YjljYw@valued-lion-111655.upstash.io:6379%22 - Local (undefined:undefined)
[05/Jul/2026:16:57:49 +0200] [upstream] [1872127] STDERR:     at internalConnect (node:net:1170:16)
[05/Jul/2026:16:57:49 +0200] [upstream] [1872127] STDERR:     at defaultTriggerAsyncIdScope (node:internal/async_hooks:472:18)
[05/Jul/2026:16:57:49 +0200] [upstream] [1872127] STDERR:     at Socket.connect (node:net:1341:5)
[05/Jul/2026:16:57:49 +0200] [upstream] [1872127] STDERR:     at connect (node:net:250:17)
[05/Jul/2026:16:57:49 +0200] [upstream] [1872127] STDERR:     at /home/groza-bot/www/node_modules/ioredis/built/connectors/StandaloneConnector.js:54:66
[05/Jul/2026:16:57:49 +0200] [upstream] [1872127] STDERR:     at process.processTicksAndRejections (node:internal/process/task_queues:85:11)
[05/Jul/2026:16:57:51 +0200] [upstream] [1872127] STDERR: [ioredis] Unhandled error event: Error: connect EINVAL //default:gQAAAAAAAbQnAAIgcDE2NDY2N2UyZmQ2ZGE0OTJmYmI0ZjUxMzQxNDc0YjljYw@valued-lion-111655.upstash.io:6379%22 - Local (undefined:undefined)
[05/Jul/2026:16:57:51 +0200] [upstream] [1872127] STDERR:     at internalConnect (node:net:1170:16)
[05/Jul/2026:16:57:51 +0200] [upstream] [1872127] STDERR:     at defaultTriggerAsyncIdScope (node:internal/async_hooks:472:18)
[05/Jul/2026:16:57:51 +0200] [upstream] [1872127] STDERR:     at Socket.connect (node:net:1341:5)
[05/Jul/2026:16:57:51 +0200] [upstream] [1872127] STDERR:     at connect (node:net:250:17)
[05/Jul/2026:16:57:51 +0200] [upstream] [1872127] STDERR:     at /home/groza-bot/www/node_modules/ioredis/built/connectors/StandaloneConnector.js:54:66
[05/Jul/2026:16:57:51 +0200] [upstream] [1872127] STDERR:     at process.processTicksAndRejections (node:internal/process/task_queues:85:11)
[05/Jul/2026:16:57:53 +0200] [upstream] [1872127] STDERR: [ioredis] Unhandled error event: Error: connect EINVAL //default:gQAAAAAAAbQnAAIgcDE2NDY2N2UyZmQ2ZGE0OTJmYmI0ZjUxMzQxNDc0YjljYw@valued-lion-111655.upstash.io:6379%22 - Local (undefined:undefined)
[05/Jul/2026:16:57:53 +0200] [upstream] [1872127] STDERR:     at internalConnect (node:net:1170:16)
[05/Jul/2026:16:57:53 +0200] [upstream] [1872127] STDERR:     at defaultTriggerAsyncIdScope (node:internal/async_hooks:472:18)
[05/Jul/2026:16:57:53 +0200] [upstream] [1872127] STDERR:     at Socket.connect (node:net:1341:5)
[05/Jul/2026:16:57:53 +0200] [upstream] [1872127] STDERR:     at connect (node:net:250:17)
[05/Jul/2026:16:57:53 +0200] [upstream] [1872127] STDERR:     at /home/groza-bot/www/node_modules/ioredis/built/connectors/StandaloneConnector.js:54:66
[05/Jul/2026:16:57:53 +0200] [upstream] [1872127] STDERR:     at process.processTicksAndRejections (node:internal/process/task_queues:85:11)
[05/Jul/2026:16:57:54 +0200] [upstream] [1872127] SIGTERM sent to upstream
[05/Jul/2026:16:57:54 +0200] [upstream] [1872127] Upstream stopped (reason: exited spontaneously with return code N/A)
[05/Jul/2026:17:07:39 +0200] [upstream] Upstream starting: npm start (env: {'HOME': '/home/groza-bot', 'LANG': 'en_US.UTF-8', 'LC_ALL': 'en_US.UTF-8', 'PATH': '/home/groza-bot/.local/bin:/home/groza-bot/.local/share/gem/ruby/3.4.0/bin:/home/groza-bot/.gem/ruby/3.4.0/bin:/home/groza-bot/.composer/vendor/bin:/home/groza-bot/.npm-packages/bin:/usr/local/bin:/usr/bin:/bin', 'TMPDIR': '/home/groza-bot/admin/tmp', '# ': '=========================================', '# GROZA - PERSONAL LIGHTNING ROD (Zero-Cost)': '', '# Environment Variables Template': '', '# 1. TELEGRAM BOT': '', '# Обязательно: Получите токен у @BotFather': '', 'TELEGRAM_BOT_TOKEN': '"8516017309:AAHZ4PVY46dywE1nmGLOFCclzy1MKA07Ppo"', '# 2. TEMBO POSTGRES (PostGIS)': '', '# Обязательно: Строка подключения из Tembo Cloud': '', 'DATABASE_URL': '"postgresql://neondb_owner:npg_tWIvK3DGLl0w@ep-purple-morning-at630e0v-pooler.c-9.us-east-1.aws.neon.tech/neondb?sslmode=require&channel_binding=require"', '# 3. UPSTASH REDIS': '', '# Обязательно: Данные из консоли Upstash для REST/ioredis': '', 'UPSTASH_REDIS_REST_URL': '"https://upstash-url.upstash.io"', 'UPSTASH_REDIS_REST_TOKEN': '"your_rest_token_here"', 'REDIS_URL': '"rediss://default:gQAAAAAAAbQnAAIgcDE2NDY2N2UyZmQ2ZGE0OTJmYmI0ZjUxMzQxNDc0YjljYw@valued-lion-111655.upstash.io:6379"', '# 4. IMGUR API': '', '# Обязательно: Client ID для анонимной загрузки сгенерированных карт': '', '# Регистрация: https://api.imgur.com/oauth2/addclient': '', 'IMGUR_CLIENT_ID': '"your_client_id_here"', '# 5. THREADS GRAPH API': '', '# Обязательно: User ID и Long-Lived Access Token (60 дней) ': '', '# Токен необходимо рефрешить раз в месяц через cron': '', 'THREADS_USER_ID': '"123456789012345"', 'THREADS_ACCESS_TOKEN': '"EAAXXXXXXX_long_lived_token_here"', '# 6. PORT (Express Server)': '', 'PORT': '8100', 'NODEJS_VERSION': '', 'HOST': 'fd00::7:6dd4', 'IP': 'fd00::7:6dd4'}, cwd: /home/groza-bot/www)
[05/Jul/2026:17:07:39 +0200] [upstream] Upstream started PID: 1889655
[05/Jul/2026:17:07:39 +0200] [upstream] [1889655] STDOUT: 
[05/Jul/2026:17:07:39 +0200] [upstream] [1889655] STDOUT: > groza@1.0.0 start
[05/Jul/2026:17:07:39 +0200] [upstream] [1889655] STDOUT: > if [ -f modules.zip ]; then unzip -qo modules.zip && rm -f modules.zip; fi; node dist/index.js
[05/Jul/2026:17:07:39 +0200] [upstream] [1889655] STDOUT: 
[05/Jul/2026:17:07:40 +0200] [upstream] [1889655] STDOUT: ◇ injected env (0) from .env // tip: ⌘ suppress logs { quiet: true }
[05/Jul/2026:17:07:41 +0200] [upstream] [1889655] STDOUT: Bootstrapping Groza Single-Worker...
[05/Jul/2026:17:07:41 +0200] [upstream] [1889655] STDERR: (node:1889688) Warning: SECURITY WARNING: The SSL modes 'prefer', 'require', and 'verify-ca' are treated as aliases for 'verify-full'.
[05/Jul/2026:17:07:41 +0200] [upstream] [1889655] STDERR: In the next major version (pg-connection-string v3.0.0 and pg v9.0.0), these modes will adopt standard libpq semantics, which have weaker security guarantees.
[05/Jul/2026:17:07:41 +0200] [upstream] [1889655] STDERR: 
[05/Jul/2026:17:07:41 +0200] [upstream] [1889655] STDERR: To prepare for this change:
[05/Jul/2026:17:07:41 +0200] [upstream] [1889655] STDERR: - If you want the current behavior, explicitly use 'sslmode=verify-full'
[05/Jul/2026:17:07:41 +0200] [upstream] [1889655] STDERR: - If you want libpq compatibility now, use 'uselibpqcompat=true&sslmode=require'
[05/Jul/2026:17:07:41 +0200] [upstream] [1889655] STDERR: 
[05/Jul/2026:17:07:41 +0200] [upstream] [1889655] STDERR: See https://www.postgresql.org/docs/current/libpq-ssl.html for libpq SSL mode definitions.
[05/Jul/2026:17:07:41 +0200] [upstream] [1889655] STDERR: (Use `node --trace-warnings ...` to show where the warning was created)
[05/Jul/2026:17:07:41 +0200] [upstream] [1889655] STDERR: [ioredis] Unhandled error event: Error: connect EINVAL //default:gQAAAAAAAbQnAAIgcDE2NDY2N2UyZmQ2ZGE0OTJmYmI0ZjUxMzQxNDc0YjljYw@valued-lion-111655.upstash.io:6379%22 - Local (undefined:undefined)
[05/Jul/2026:17:07:41 +0200] [upstream] [1889655] STDERR:     at internalConnect (node:net:1170:16)
[05/Jul/2026:17:07:41 +0200] [upstream] [1889655] STDERR:     at defaultTriggerAsyncIdScope (node:internal/async_hooks:472:18)
[05/Jul/2026:17:07:41 +0200] [upstream] [1889655] STDERR:     at Socket.connect (node:net:1341:5)
[05/Jul/2026:17:07:41 +0200] [upstream] [1889655] STDERR:     at connect (node:net:250:17)
[05/Jul/2026:17:07:41 +0200] [upstream] [1889655] STDERR:     at /home/groza-bot/www/node_modules/ioredis/built/connectors/StandaloneConnector.js:54:66
[05/Jul/2026:17:07:41 +0200] [upstream] [1889655] STDERR:     at process.processTicksAndRejections (node:internal/process/task_queues:85:11)
[05/Jul/2026:17:07:41 +0200] [upstream] [1889655] STDERR: Error: connect EINVAL %22rediss://default:gQAAAAAAAbQnAAIgcDE2NDY2N2UyZmQ2ZGE0OTJmYmI0ZjUxMzQxNDc0YjljYw@valued-lion-111655.upstash.io:6379%22 - Local (undefined:undefined)
[05/Jul/2026:17:07:41 +0200] [upstream] [1889655] STDERR:     at internalConnect (node:net:1170:16)
[05/Jul/2026:17:07:41 +0200] [upstream] [1889655] STDERR:     at defaultTriggerAsyncIdScope (node:internal/async_hooks:472:18)
[05/Jul/2026:17:07:41 +0200] [upstream] [1889655] STDERR:     at Socket.connect (node:net:1341:5)
[05/Jul/2026:17:07:41 +0200] [upstream] [1889655] STDERR:     at connect (node:net:250:17)
[05/Jul/2026:17:07:41 +0200] [upstream] [1889655] STDERR:     at /home/groza-bot/www/node_modules/bullmq/node_modules/ioredis/built/connectors/StandaloneConnector.js:54:66
[05/Jul/2026:17:07:41 +0200] [upstream] [1889655] STDERR:     at process.processTicksAndRejections (node:internal/process/task_queues:85:11) {
[05/Jul/2026:17:07:41 +0200] [upstream] [1889655] STDERR:   errno: -22,
[05/Jul/2026:17:07:41 +0200] [upstream] [1889655] STDERR:   code: 'EINVAL',
[05/Jul/2026:17:07:41 +0200] [upstream] [1889655] STDERR:   syscall: 'connect',
[05/Jul/2026:17:07:41 +0200] [upstream] [1889655] STDERR:   address: '%22rediss://default:gQAAAAAAAbQnAAIgcDE2NDY2N2UyZmQ2ZGE0OTJmYmI0ZjUxMzQxNDc0YjljYw@valued-lion-111655.upstash.io:6379%22'
[05/Jul/2026:17:07:41 +0200] [upstream] [1889655] STDERR: }
[05/Jul/2026:17:07:41 +0200] [upstream] [1889655] STDERR: Error: connect EINVAL %22rediss://default:gQAAAAAAAbQnAAIgcDE2NDY2N2UyZmQ2ZGE0OTJmYmI0ZjUxMzQxNDc0YjljYw@valued-lion-111655.upstash.io:6379%22 - Local (undefined:undefined)
[05/Jul/2026:17:07:41 +0200] [upstream] [1889655] STDERR:     at internalConnect (node:net:1170:16)
[05/Jul/2026:17:07:41 +0200] [upstream] [1889655] STDERR:     at defaultTriggerAsyncIdScope (node:internal/async_hooks:472:18)
[05/Jul/2026:17:07:41 +0200] [upstream] [1889655] STDERR:     at Socket.connect (node:net:1341:5)
[05/Jul/2026:17:07:41 +0200] [upstream] [1889655] STDERR:     at connect (node:net:250:17)
[05/Jul/2026:17:07:41 +0200] [upstream] [1889655] STDERR:     at /home/groza-bot/www/node_modules/bullmq/node_modules/ioredis/built/connectors/StandaloneConnector.js:54:66
[05/Jul/2026:17:07:41 +0200] [upstream] [1889655] STDERR:     at process.processTicksAndRejections (node:internal/process/task_queues:85:11) {
[05/Jul/2026:17:07:41 +0200] [upstream] [1889655] STDERR:   errno: -22,
[05/Jul/2026:17:07:41 +0200] [upstream] [1889655] STDERR:   code: 'EINVAL',
[05/Jul/2026:17:07:41 +0200] [upstream] [1889655] STDERR:   syscall: 'connect',
[05/Jul/2026:17:07:41 +0200] [upstream] [1889655] STDERR:   address: '%22rediss://default:gQAAAAAAAbQnAAIgcDE2NDY2N2UyZmQ2ZGE0OTJmYmI0ZjUxMzQxNDc0YjljYw@valued-lion-111655.upstash.io:6379%22'
[05/Jul/2026:17:07:41 +0200] [upstream] [1889655] STDERR: }
[05/Jul/2026:17:07:41 +0200] [upstream] [1889655] STDERR: Error: connect EINVAL %22rediss://default:gQAAAAAAAbQnAAIgcDE2NDY2N2UyZmQ2ZGE0OTJmYmI0ZjUxMzQxNDc0YjljYw@valued-lion-111655.upstash.io:6379%22 - Local (undefined:undefined)
[05/Jul/2026:17:07:41 +0200] [upstream] [1889655] STDERR:     at internalConnect (node:net:1170:16)
[05/Jul/2026:17:07:41 +0200] [upstream] [1889655] STDERR:     at defaultTriggerAsyncIdScope (node:internal/async_hooks:472:18)
[05/Jul/2026:17:07:41 +0200] [upstream] [1889655] STDERR:     at Socket.connect (node:net:1341:5)
[05/Jul/2026:17:07:41 +0200] [upstream] [1889655] STDERR:     at connect (node:net:250:17)
[05/Jul/2026:17:07:41 +0200] [upstream] [1889655] STDERR:     at /home/groza-bot/www/node_modules/bullmq/node_modules/ioredis/built/connectors/StandaloneConnector.js:54:66
[05/Jul/2026:17:07:41 +0200] [upstream] [1889655] STDERR:     at process.processTicksAndRejections (node:internal/process/task_queues:85:11) {
[05/Jul/2026:17:07:41 +0200] [upstream] [1889655] STDERR:   errno: -22,
[05/Jul/2026:17:07:41 +0200] [upstream] [1889655] STDERR:   code: 'EINVAL',
[05/Jul/2026:17:07:41 +0200] [upstream] [1889655] STDERR:   syscall: 'connect',
[05/Jul/2026:17:07:41 +0200] [upstream] [1889655] STDERR:   address: '%22rediss://default:gQAAAAAAAbQnAAIgcDE2NDY2N2UyZmQ2ZGE0OTJmYmI0ZjUxMzQxNDc0YjljYw@valued-lion-111655.upstash.io:6379%22'
[05/Jul/2026:17:07:41 +0200] [upstream] [1889655] STDERR: }
[05/Jul/2026:17:07:41 +0200] [upstream] [1889655] STDERR: Error: getaddrinfo ENOTFOUND base
[05/Jul/2026:17:07:41 +0200] [upstream] [1889655] STDERR:     at /home/groza-bot/www/node_modules/pg-pool/index.js:45:11
[05/Jul/2026:17:07:41 +0200] [upstream] [1889655] STDERR:     at process.processTicksAndRejections (node:internal/process/task_queues:104:5)
[05/Jul/2026:17:07:41 +0200] [upstream] [1889655] STDERR:     at async initDatabase (/home/groza-bot/www/dist/db/tembo.js:15:20)
[05/Jul/2026:17:07:41 +0200] [upstream] [1889655] STDERR:     at async bootstrap (/home/groza-bot/www/dist/index.js:10:5) {
[05/Jul/2026:17:07:41 +0200] [upstream] [1889655] STDERR:   errno: -3008,
[05/Jul/2026:17:07:41 +0200] [upstream] [1889655] STDERR:   code: 'ENOTFOUND',
[05/Jul/2026:17:07:41 +0200] [upstream] [1889655] STDERR:   syscall: 'getaddrinfo',
[05/Jul/2026:17:07:41 +0200] [upstream] [1889655] STDERR:   hostname: 'base'
[05/Jul/2026:17:07:41 +0200] [upstream] [1889655] STDERR: }
[05/Jul/2026:17:07:41 +0200] [upstream] [1889655] STDERR: [ioredis] Unhandled error event: Error: connect EINVAL //default:gQAAAAAAAbQnAAIgcDE2NDY2N2UyZmQ2ZGE0OTJmYmI0ZjUxMzQxNDc0YjljYw@valued-lion-111655.upstash.io:6379%22 - Local (undefined:undefined)
[05/Jul/2026:17:07:41 +0200] [upstream] [1889655] STDERR:     at internalConnect (node:net:1170:16)
[05/Jul/2026:17:07:41 +0200] [upstream] [1889655] STDERR:     at defaultTriggerAsyncIdScope (node:internal/async_hooks:472:18)
[05/Jul/2026:17:07:41 +0200] [upstream] [1889655] STDERR:     at Socket.connect (node:net:1341:5)
[05/Jul/2026:17:07:41 +0200] [upstream] [1889655] STDERR:     at connect (node:net:250:17)
[05/Jul/2026:17:07:41 +0200] [upstream] [1889655] STDERR:     at /home/groza-bot/www/node_modules/ioredis/built/connectors/StandaloneConnector.js:54:66
[05/Jul/2026:17:07:41 +0200] [upstream] [1889655] STDERR:     at process.processTicksAndRejections (node:internal/process/task_queues:85:11)
[05/Jul/2026:17:07:41 +0200] [upstream] [1889655] STDERR: [ioredis] Unhandled error event: Error: connect EINVAL //default:gQAAAAAAAbQnAAIgcDE2NDY2N2UyZmQ2ZGE0OTJmYmI0ZjUxMzQxNDc0YjljYw@valued-lion-111655.upstash.io:6379%22 - Local (undefined:undefined)
[05/Jul/2026:17:07:41 +0200] [upstream] [1889655] STDERR:     at internalConnect (node:net:1170:16)
[05/Jul/2026:17:07:41 +0200] [upstream] [1889655] STDERR:     at defaultTriggerAsyncIdScope (node:internal/async_hooks:472:18)
[05/Jul/2026:17:07:41 +0200] [upstream] [1889655] STDERR:     at Socket.connect (node:net:1341:5)
[05/Jul/2026:17:07:41 +0200] [upstream] [1889655] STDERR:     at connect (node:net:250:17)
[05/Jul/2026:17:07:41 +0200] [upstream] [1889655] STDERR:     at /home/groza-bot/www/node_modules/ioredis/built/connectors/StandaloneConnector.js:54:66
[05/Jul/2026:17:07:41 +0200] [upstream] [1889655] STDERR:     at process.processTicksAndRejections (node:internal/process/task_queues:85:11)
[05/Jul/2026:17:07:41 +0200] [upstream] [1889655] STDERR: [ioredis] Unhandled error event: Error: connect EINVAL //default:gQAAAAAAAbQnAAIgcDE2NDY2N2UyZmQ2ZGE0OTJmYmI0ZjUxMzQxNDc0YjljYw@valued-lion-111655.upstash.io:6379%22 - Local (undefined:undefined)
[05/Jul/2026:17:07:41 +0200] [upstream] [1889655] STDERR:     at internalConnect (node:net:1170:16)
[05/Jul/2026:17:07:41 +0200] [upstream] [1889655] STDERR:     at defaultTriggerAsyncIdScope (node:internal/async_hooks:472:18)
[05/Jul/2026:17:07:41 +0200] [upstream] [1889655] STDERR:     at Socket.connect (node:net:1341:5)
[05/Jul/2026:17:07:41 +0200] [upstream] [1889655] STDERR:     at connect (node:net:250:17)
[05/Jul/2026:17:07:41 +0200] [upstream] [1889655] STDERR:     at /home/groza-bot/www/node_modules/ioredis/built/connectors/StandaloneConnector.js:54:66
[05/Jul/2026:17:07:41 +0200] [upstream] [1889655] STDERR:     at process.processTicksAndRejections (node:internal/process/task_queues:85:11)
[05/Jul/2026:17:07:41 +0200] [upstream] [1889655] STDERR: [ioredis] Unhandled error event: Error: connect EINVAL //default:gQAAAAAAAbQnAAIgcDE2NDY2N2UyZmQ2ZGE0OTJmYmI0ZjUxMzQxNDc0YjljYw@valued-lion-111655.upstash.io:6379%22 - Local (undefined:undefined)
[05/Jul/2026:17:07:41 +0200] [upstream] [1889655] STDERR:     at internalConnect (node:net:1170:16)
[05/Jul/2026:17:07:41 +0200] [upstream] [1889655] STDERR:     at defaultTriggerAsyncIdScope (node:internal/async_hooks:472:18)
[05/Jul/2026:17:07:41 +0200] [upstream] [1889655] STDERR:     at Socket.connect (node:net:1341:5)
[05/Jul/2026:17:07:41 +0200] [upstream] [1889655] STDERR:     at connect (node:net:250:17)
[05/Jul/2026:17:07:41 +0200] [upstream] [1889655] STDERR:     at /home/groza-bot/www/node_modules/ioredis/built/connectors/StandaloneConnector.js:54:66
[05/Jul/2026:17:07:41 +0200] [upstream] [1889655] STDERR:     at process.processTicksAndRejections (node:internal/process/task_queues:85:11)
[05/Jul/2026:17:07:41 +0200] [upstream] [1889655] STDERR: [ioredis] Unhandled error event: Error: connect EINVAL //default:gQAAAAAAAbQnAAIgcDE2NDY2N2UyZmQ2ZGE0OTJmYmI0ZjUxMzQxNDc0YjljYw@valued-lion-111655.upstash.io:6379%22 - Local (undefined:undefined)
[05/Jul/2026:17:07:41 +0200] [upstream] [1889655] STDERR:     at internalConnect (node:net:1170:16)
[05/Jul/2026:17:07:41 +0200] [upstream] [1889655] STDERR:     at defaultTriggerAsyncIdScope (node:internal/async_hooks:472:18)
[05/Jul/2026:17:07:41 +0200] [upstream] [1889655] STDERR:     at Socket.connect (node:net:1341:5)
[05/Jul/2026:17:07:41 +0200] [upstream] [1889655] STDERR:     at connect (node:net:250:17)
[05/Jul/2026:17:07:41 +0200] [upstream] [1889655] STDERR:     at /home/groza-bot/www/node_modules/ioredis/built/connectors/StandaloneConnector.js:54:66
[05/Jul/2026:17:07:41 +0200] [upstream] [1889655] STDERR:     at process.processTicksAndRejections (node:internal/process/task_queues:85:11)
[05/Jul/2026:17:07:42 +0200] [upstream] [1889655] STDERR: Error: connect EINVAL %22rediss://default:gQAAAAAAAbQnAAIgcDE2NDY2N2UyZmQ2ZGE0OTJmYmI0ZjUxMzQxNDc0YjljYw@valued-lion-111655.upstash.io:6379%22 - Local (undefined:undefined)
[05/Jul/2026:17:07:42 +0200] [upstream] [1889655] STDERR:     at internalConnect (node:net:1170:16)
[05/Jul/2026:17:07:42 +0200] [upstream] [1889655] STDERR:     at defaultTriggerAsyncIdScope (node:internal/async_hooks:472:18)
[05/Jul/2026:17:07:42 +0200] [upstream] [1889655] STDERR:     at Socket.connect (node:net:1341:5)
[05/Jul/2026:17:07:42 +0200] [upstream] [1889655] STDERR:     at connect (node:net:250:17)
[05/Jul/2026:17:07:42 +0200] [upstream] [1889655] STDERR:     at /home/groza-bot/www/node_modules/bullmq/node_modules/ioredis/built/connectors/StandaloneConnector.js:54:66
[05/Jul/2026:17:07:42 +0200] [upstream] [1889655] STDERR:     at processTicksAndRejections (node:internal/process/task_queues:85:11)
[05/Jul/2026:17:07:42 +0200] [upstream] [1889655] STDERR:     at runNextTicks (node:internal/process/task_queues:69:3)
[05/Jul/2026:17:07:42 +0200] [upstream] [1889655] STDERR:     at listOnTimeout (node:internal/timers:567:9)
[05/Jul/2026:17:07:42 +0200] [upstream] [1889655] STDERR:     at process.processTimers (node:internal/timers:541:7) {
[05/Jul/2026:17:07:42 +0200] [upstream] [1889655] STDERR:   errno: -22,
[05/Jul/2026:17:07:42 +0200] [upstream] [1889655] STDERR:   code: 'EINVAL',
[05/Jul/2026:17:07:42 +0200] [upstream] [1889655] STDERR:   syscall: 'connect',
[05/Jul/2026:17:07:42 +0200] [upstream] [1889655] STDERR:   address: '%22rediss://default:gQAAAAAAAbQnAAIgcDE2NDY2N2UyZmQ2ZGE0OTJmYmI0ZjUxMzQxNDc0YjljYw@valued-lion-111655.upstash.io:6379%22'
[05/Jul/2026:17:07:42 +0200] [upstream] [1889655] STDERR: }
[05/Jul/2026:17:07:42 +0200] [upstream] [1889655] STDERR: Error: connect EINVAL %22rediss://default:gQAAAAAAAbQnAAIgcDE2NDY2N2UyZmQ2ZGE0OTJmYmI0ZjUxMzQxNDc0YjljYw@valued-lion-111655.upstash.io:6379%22 - Local (undefined:undefined)
[05/Jul/2026:17:07:42 +0200] [upstream] [1889655] STDERR:     at internalConnect (node:net:1170:16)
[05/Jul/2026:17:07:42 +0200] [upstream] [1889655] STDERR:     at defaultTriggerAsyncIdScope (node:internal/async_hooks:472:18)
[05/Jul/2026:17:07:42 +0200] [upstream] [1889655] STDERR:     at Socket.connect (node:net:1341:5)
[05/Jul/2026:17:07:42 +0200] [upstream] [1889655] STDERR:     at connect (node:net:250:17)
[05/Jul/2026:17:07:42 +0200] [upstream] [1889655] STDERR:     at /home/groza-bot/www/node_modules/bullmq/node_modules/ioredis/built/connectors/StandaloneConnector.js:54:66
[05/Jul/2026:17:07:42 +0200] [upstream] [1889655] STDERR:     at processTicksAndRejections (node:internal/process/task_queues:85:11)
[05/Jul/2026:17:07:42 +0200] [upstream] [1889655] STDERR:     at runNextTicks (node:internal/process/task_queues:69:3)
[05/Jul/2026:17:07:42 +0200] [upstream] [1889655] STDERR:     at listOnTimeout (node:internal/timers:567:9)
[05/Jul/2026:17:07:42 +0200] [upstream] [1889655] STDERR:     at process.processTimers (node:internal/timers:541:7) {
[05/Jul/2026:17:07:42 +0200] [upstream] [1889655] STDERR:   errno: -22,
[05/Jul/2026:17:07:42 +0200] [upstream] [1889655] STDERR:   code: 'EINVAL',
[05/Jul/2026:17:07:42 +0200] [upstream] [1889655] STDERR:   syscall: 'connect',
[05/Jul/2026:17:07:42 +0200] [upstream] [1889655] STDERR:   address: '%22rediss://default:gQAAAAAAAbQnAAIgcDE2NDY2N2UyZmQ2ZGE0OTJmYmI0ZjUxMzQxNDc0YjljYw@valued-lion-111655.upstash.io:6379%22'
[05/Jul/2026:17:07:42 +0200] [upstream] [1889655] STDERR: }
[05/Jul/2026:17:07:42 +0200] [upstream] [1889655] STDERR: Error: connect EINVAL %22rediss://default:gQAAAAAAAbQnAAIgcDE2NDY2N2UyZmQ2ZGE0OTJmYmI0ZjUxMzQxNDc0YjljYw@valued-lion-111655.upstash.io:6379%22 - Local (undefined:undefined)
[05/Jul/2026:17:07:42 +0200] [upstream] [1889655] STDERR:     at internalConnect (node:net:1170:16)
[05/Jul/2026:17:07:42 +0200] [upstream] [1889655] STDERR:     at defaultTriggerAsyncIdScope (node:internal/async_hooks:472:18)
[05/Jul/2026:17:07:42 +0200] [upstream] [1889655] STDERR:     at Socket.connect (node:net:1341:5)
[05/Jul/2026:17:07:42 +0200] [upstream] [1889655] STDERR:     at connect (node:net:250:17)
[05/Jul/2026:17:07:42 +0200] [upstream] [1889655] STDERR:     at /home/groza-bot/www/node_modules/bullmq/node_modules/ioredis/built/connectors/StandaloneConnector.js:54:66
[05/Jul/2026:17:07:42 +0200] [upstream] [1889655] STDERR:     at process.processTicksAndRejections (node:internal/process/task_queues:85:11) {
[05/Jul/2026:17:07:42 +0200] [upstream] [1889655] STDERR:   errno: -22,
[05/Jul/2026:17:07:42 +0200] [upstream] [1889655] STDERR:   code: 'EINVAL',
[05/Jul/2026:17:07:42 +0200] [upstream] [1889655] STDERR:   syscall: 'connect',
[05/Jul/2026:17:07:42 +0200] [upstream] [1889655] STDERR:   address: '%22rediss://default:gQAAAAAAAbQnAAIgcDE2NDY2N2UyZmQ2ZGE0OTJmYmI0ZjUxMzQxNDc0YjljYw@valued-lion-111655.upstash.io:6379%22'
[05/Jul/2026:17:07:42 +0200] [upstream] [1889655] STDERR: }
[05/Jul/2026:17:07:42 +0200] [upstream] [1889655] STDERR: [ioredis] Unhandled error event: Error: connect EINVAL //default:gQAAAAAAAbQnAAIgcDE2NDY2N2UyZmQ2ZGE0OTJmYmI0ZjUxMzQxNDc0YjljYw@valued-lion-111655.upstash.io:6379%22 - Local (undefined:undefined)
[05/Jul/2026:17:07:42 +0200] [upstream] [1889655] STDERR:     at internalConnect (node:net:1170:16)
[05/Jul/2026:17:07:42 +0200] [upstream] [1889655] STDERR:     at defaultTriggerAsyncIdScope (node:internal/async_hooks:472:18)
[05/Jul/2026:17:07:42 +0200] [upstream] [1889655] STDERR:     at Socket.connect (node:net:1341:5)
[05/Jul/2026:17:07:42 +0200] [upstream] [1889655] STDERR:     at connect (node:net:250:17)
[05/Jul/2026:17:07:42 +0200] [upstream] [1889655] STDERR:     at /home/groza-bot/www/node_modules/ioredis/built/connectors/StandaloneConnector.js:54:66
[05/Jul/2026:17:07:42 +0200] [upstream] [1889655] STDERR:     at process.processTicksAndRejections (node:internal/process/task_queues:85:11)
[05/Jul/2026:17:07:42 +0200] [upstream] [1889655] STDERR: [ioredis] Unhandled error event: Error: connect EINVAL //default:gQAAAAAAAbQnAAIgcDE2NDY2N2UyZmQ2ZGE0OTJmYmI0ZjUxMzQxNDc0YjljYw@valued-lion-111655.upstash.io:6379%22 - Local (undefined:undefined)
[05/Jul/2026:17:07:42 +0200] [upstream] [1889655] STDERR:     at internalConnect (node:net:1170:16)
[05/Jul/2026:17:07:42 +0200] [upstream] [1889655] STDERR:     at defaultTriggerAsyncIdScope (node:internal/async_hooks:472:18)
[05/Jul/2026:17:07:42 +0200] [upstream] [1889655] STDERR:     at Socket.connect (node:net:1341:5)
[05/Jul/2026:17:07:42 +0200] [upstream] [1889655] STDERR:     at connect (node:net:250:17)
[05/Jul/2026:17:07:42 +0200] [upstream] [1889655] STDERR:     at /home/groza-bot/www/node_modules/ioredis/built/connectors/StandaloneConnector.js:54:66
[05/Jul/2026:17:07:42 +0200] [upstream] [1889655] STDERR:     at process.processTicksAndRejections (node:internal/process/task_queues:85:11)
[05/Jul/2026:17:07:42 +0200] [upstream] [1889655] STDERR: [ioredis] Unhandled error event: Error: connect EINVAL //default:gQAAAAAAAbQnAAIgcDE2NDY2N2UyZmQ2ZGE0OTJmYmI0ZjUxMzQxNDc0YjljYw@valued-lion-111655.upstash.io:6379%22 - Local (undefined:undefined)
[05/Jul/2026:17:07:42 +0200] [upstream] [1889655] STDERR:     at internalConnect (node:net:1170:16)
[05/Jul/2026:17:07:42 +0200] [upstream] [1889655] STDERR:     at defaultTriggerAsyncIdScope (node:internal/async_hooks:472:18)
[05/Jul/2026:17:07:42 +0200] [upstream] [1889655] STDERR:     at Socket.connect (node:net:1341:5)
[05/Jul/2026:17:07:42 +0200] [upstream] [1889655] STDERR:     at connect (node:net:250:17)
[05/Jul/2026:17:07:42 +0200] [upstream] [1889655] STDERR:     at /home/groza-bot/www/node_modules/ioredis/built/connectors/StandaloneConnector.js:54:66
[05/Jul/2026:17:07:42 +0200] [upstream] [1889655] STDERR:     at process.processTicksAndRejections (node:internal/process/task_queues:85:11)
[05/Jul/2026:17:07:43 +0200] [upstream] [1889655] STDERR: Error: connect EINVAL %22rediss://default:gQAAAAAAAbQnAAIgcDE2NDY2N2UyZmQ2ZGE0OTJmYmI0ZjUxMzQxNDc0YjljYw@valued-lion-111655.upstash.io:6379%22 - Local (undefined:undefined)
[05/Jul/2026:17:07:43 +0200] [upstream] [1889655] STDERR:     at internalConnect (node:net:1170:16)
[05/Jul/2026:17:07:43 +0200] [upstream] [1889655] STDERR:     at defaultTriggerAsyncIdScope (node:internal/async_hooks:472:18)
[05/Jul/2026:17:07:43 +0200] [upstream] [1889655] STDERR:     at Socket.connect (node:net:1341:5)
[05/Jul/2026:17:07:43 +0200] [upstream] [1889655] STDERR:     at connect (node:net:250:17)
[05/Jul/2026:17:07:43 +0200] [upstream] [1889655] STDERR:     at /home/groza-bot/www/node_modules/bullmq/node_modules/ioredis/built/connectors/StandaloneConnector.js:54:66
[05/Jul/2026:17:07:43 +0200] [upstream] [1889655] STDERR:     at processTicksAndRejections (node:internal/process/task_queues:85:11)
[05/Jul/2026:17:07:43 +0200] [upstream] [1889655] STDERR:     at runNextTicks (node:internal/process/task_queues:69:3)
[05/Jul/2026:17:07:43 +0200] [upstream] [1889655] STDERR:     at listOnTimeout (node:internal/timers:567:9)
[05/Jul/2026:17:07:43 +0200] [upstream] [1889655] STDERR:     at process.processTimers (node:internal/timers:541:7) {
[05/Jul/2026:17:07:43 +0200] [upstream] [1889655] STDERR:   errno: -22,
[05/Jul/2026:17:07:43 +0200] [upstream] [1889655] STDERR:   code: 'EINVAL',
[05/Jul/2026:17:07:43 +0200] [upstream] [1889655] STDERR:   syscall: 'connect',
[05/Jul/2026:17:07:43 +0200] [upstream] [1889655] STDERR:   address: '%22rediss://default:gQAAAAAAAbQnAAIgcDE2NDY2N2UyZmQ2ZGE0OTJmYmI0ZjUxMzQxNDc0YjljYw@valued-lion-111655.upstash.io:6379%22'
[05/Jul/2026:17:07:43 +0200] [upstream] [1889655] STDERR: }
[05/Jul/2026:17:07:43 +0200] [upstream] [1889655] STDERR: Error: connect EINVAL %22rediss://default:gQAAAAAAAbQnAAIgcDE2NDY2N2UyZmQ2ZGE0OTJmYmI0ZjUxMzQxNDc0YjljYw@valued-lion-111655.upstash.io:6379%22 - Local (undefined:undefined)
[05/Jul/2026:17:07:43 +0200] [upstream] [1889655] STDERR:     at internalConnect (node:net:1170:16)
[05/Jul/2026:17:07:43 +0200] [upstream] [1889655] STDERR:     at defaultTriggerAsyncIdScope (node:internal/async_hooks:472:18)
[05/Jul/2026:17:07:43 +0200] [upstream] [1889655] STDERR:     at Socket.connect (node:net:1341:5)
[05/Jul/2026:17:07:43 +0200] [upstream] [1889655] STDERR:     at connect (node:net:250:17)
[05/Jul/2026:17:07:43 +0200] [upstream] [1889655] STDERR:     at /home/groza-bot/www/node_modules/bullmq/node_modules/ioredis/built/connectors/StandaloneConnector.js:54:66
[05/Jul/2026:17:07:43 +0200] [upstream] [1889655] STDERR:     at processTicksAndRejections (node:internal/process/task_queues:85:11)
[05/Jul/2026:17:07:43 +0200] [upstream] [1889655] STDERR:     at runNextTicks (node:internal/process/task_queues:69:3)
[05/Jul/2026:17:07:43 +0200] [upstream] [1889655] STDERR:     at listOnTimeout (node:internal/timers:567:9)
[05/Jul/2026:17:07:43 +0200] [upstream] [1889655] STDERR:     at process.processTimers (node:internal/timers:541:7) {
[05/Jul/2026:17:07:43 +0200] [upstream] [1889655] STDERR:   errno: -22,
[05/Jul/2026:17:07:43 +0200] [upstream] [1889655] STDERR:   code: 'EINVAL',
[05/Jul/2026:17:07:43 +0200] [upstream] [1889655] STDERR:   syscall: 'connect',
[05/Jul/2026:17:07:43 +0200] [upstream] [1889655] STDERR:   address: '%22rediss://default:gQAAAAAAAbQnAAIgcDE2NDY2N2UyZmQ2ZGE0OTJmYmI0ZjUxMzQxNDc0YjljYw@valued-lion-111655.upstash.io:6379%22'
[05/Jul/2026:17:07:43 +0200] [upstream] [1889655] STDERR: }
[05/Jul/2026:17:07:43 +0200] [upstream] [1889655] STDERR: Error: connect EINVAL %22rediss://default:gQAAAAAAAbQnAAIgcDE2NDY2N2UyZmQ2ZGE0OTJmYmI0ZjUxMzQxNDc0YjljYw@valued-lion-111655.upstash.io:6379%22 - Local (undefined:undefined)
[05/Jul/2026:17:07:43 +0200] [upstream] [1889655] STDERR:     at internalConnect (node:net:1170:16)
[05/Jul/2026:17:07:43 +0200] [upstream] [1889655] STDERR:     at defaultTriggerAsyncIdScope (node:internal/async_hooks:472:18)
[05/Jul/2026:17:07:43 +0200] [upstream] [1889655] STDERR:     at Socket.connect (node:net:1341:5)
[05/Jul/2026:17:07:43 +0200] [upstream] [1889655] STDERR:     at connect (node:net:250:17)
[05/Jul/2026:17:07:43 +0200] [upstream] [1889655] STDERR:     at /home/groza-bot/www/node_modules/bullmq/node_modules/ioredis/built/connectors/StandaloneConnector.js:54:66
[05/Jul/2026:17:07:43 +0200] [upstream] [1889655] STDERR:     at process.processTicksAndRejections (node:internal/process/task_queues:85:11) {
[05/Jul/2026:17:07:43 +0200] [upstream] [1889655] STDERR:   errno: -22,
[05/Jul/2026:17:07:43 +0200] [upstream] [1889655] STDERR:   code: 'EINVAL',
[05/Jul/2026:17:07:43 +0200] [upstream] [1889655] STDERR:   syscall: 'connect',
[05/Jul/2026:17:07:43 +0200] [upstream] [1889655] STDERR:   address: '%22rediss://default:gQAAAAAAAbQnAAIgcDE2NDY2N2UyZmQ2ZGE0OTJmYmI0ZjUxMzQxNDc0YjljYw@valued-lion-111655.upstash.io:6379%22'
[05/Jul/2026:17:07:43 +0200] [upstream] [1889655] STDERR: }
[05/Jul/2026:17:07:43 +0200] [upstream] [1889655] STDERR: [ioredis] Unhandled error event: Error: connect EINVAL //default:gQAAAAAAAbQnAAIgcDE2NDY2N2UyZmQ2ZGE0OTJmYmI0ZjUxMzQxNDc0YjljYw@valued-lion-111655.upstash.io:6379%22 - Local (undefined:undefined)
[05/Jul/2026:17:07:43 +0200] [upstream] [1889655] STDERR:     at internalConnect (node:net:1170:16)
[05/Jul/2026:17:07:43 +0200] [upstream] [1889655] STDERR:     at defaultTriggerAsyncIdScope (node:internal/async_hooks:472:18)
[05/Jul/2026:17:07:43 +0200] [upstream] [1889655] STDERR:     at Socket.connect (node:net:1341:5)
[05/Jul/2026:17:07:43 +0200] [upstream] [1889655] STDERR:     at connect (node:net:250:17)
[05/Jul/2026:17:07:43 +0200] [upstream] [1889655] STDERR:     at /home/groza-bot/www/node_modules/ioredis/built/connectors/StandaloneConnector.js:54:66
[05/Jul/2026:17:07:43 +0200] [upstream] [1889655] STDERR:     at process.processTicksAndRejections (node:internal/process/task_queues:85:11)
[05/Jul/2026:17:07:43 +0200] [upstream] [1889655] STDERR: [ioredis] Unhandled error event: Error: connect EINVAL //default:gQAAAAAAAbQnAAIgcDE2NDY2N2UyZmQ2ZGE0OTJmYmI0ZjUxMzQxNDc0YjljYw@valued-lion-111655.upstash.io:6379%22 - Local (undefined:undefined)
[05/Jul/2026:17:07:43 +0200] [upstream] [1889655] STDERR:     at internalConnect (node:net:1170:16)
[05/Jul/2026:17:07:43 +0200] [upstream] [1889655] STDERR:     at defaultTriggerAsyncIdScope (node:internal/async_hooks:472:18)
[05/Jul/2026:17:07:43 +0200] [upstream] [1889655] STDERR:     at Socket.connect (node:net:1341:5)
[05/Jul/2026:17:07:43 +0200] [upstream] [1889655] STDERR:     at connect (node:net:250:17)
[05/Jul/2026:17:07:43 +0200] [upstream] [1889655] STDERR:     at /home/groza-bot/www/node_modules/ioredis/built/connectors/StandaloneConnector.js:54:66
[05/Jul/2026:17:07:43 +0200] [upstream] [1889655] STDERR:     at process.processTicksAndRejections (node:internal/process/task_queues:85:11)
[05/Jul/2026:17:07:44 +0200] [upstream] [1889655] STDERR: Error: connect EINVAL %22rediss://default:gQAAAAAAAbQnAAIgcDE2NDY2N2UyZmQ2ZGE0OTJmYmI0ZjUxMzQxNDc0YjljYw@valued-lion-111655.upstash.io:6379%22 - Local (undefined:undefined)
[05/Jul/2026:17:07:44 +0200] [upstream] [1889655] STDERR:     at internalConnect (node:net:1170:16)
[05/Jul/2026:17:07:44 +0200] [upstream] [1889655] STDERR:     at defaultTriggerAsyncIdScope (node:internal/async_hooks:472:18)
[05/Jul/2026:17:07:44 +0200] [upstream] [1889655] STDERR:     at Socket.connect (node:net:1341:5)
[05/Jul/2026:17:07:44 +0200] [upstream] [1889655] STDERR:     at connect (node:net:250:17)
[05/Jul/2026:17:07:44 +0200] [upstream] [1889655] STDERR:     at /home/groza-bot/www/node_modules/bullmq/node_modules/ioredis/built/connectors/StandaloneConnector.js:54:66
[05/Jul/2026:17:07:44 +0200] [upstream] [1889655] STDERR:     at processTicksAndRejections (node:internal/process/task_queues:85:11)
[05/Jul/2026:17:07:44 +0200] [upstream] [1889655] STDERR:     at runNextTicks (node:internal/process/task_queues:69:3)
[05/Jul/2026:17:07:44 +0200] [upstream] [1889655] STDERR:     at listOnTimeout (node:internal/timers:567:9)
[05/Jul/2026:17:07:44 +0200] [upstream] [1889655] STDERR:     at process.processTimers (node:internal/timers:541:7) {
[05/Jul/2026:17:07:44 +0200] [upstream] [1889655] STDERR:   errno: -22,
[05/Jul/2026:17:07:44 +0200] [upstream] [1889655] STDERR:   code: 'EINVAL',
[05/Jul/2026:17:07:44 +0200] [upstream] [1889655] STDERR:   syscall: 'connect',
[05/Jul/2026:17:07:44 +0200] [upstream] [1889655] STDERR:   address: '%22rediss://default:gQAAAAAAAbQnAAIgcDE2NDY2N2UyZmQ2ZGE0OTJmYmI0ZjUxMzQxNDc0YjljYw@valued-lion-111655.upstash.io:6379%22'
[05/Jul/2026:17:07:44 +0200] [upstream] [1889655] STDERR: }
[05/Jul/2026:17:07:44 +0200] [upstream] [1889655] STDERR: Error: connect EINVAL %22rediss://default:gQAAAAAAAbQnAAIgcDE2NDY2N2UyZmQ2ZGE0OTJmYmI0ZjUxMzQxNDc0YjljYw@valued-lion-111655.upstash.io:6379%22 - Local (undefined:undefined)
[05/Jul/2026:17:07:44 +0200] [upstream] [1889655] STDERR:     at internalConnect (node:net:1170:16)
[05/Jul/2026:17:07:44 +0200] [upstream] [1889655] STDERR:     at defaultTriggerAsyncIdScope (node:internal/async_hooks:472:18)
[05/Jul/2026:17:07:44 +0200] [upstream] [1889655] STDERR:     at Socket.connect (node:net:1341:5)
[05/Jul/2026:17:07:44 +0200] [upstream] [1889655] STDERR:     at connect (node:net:250:17)
[05/Jul/2026:17:07:44 +0200] [upstream] [1889655] STDERR:     at /home/groza-bot/www/node_modules/bullmq/node_modules/ioredis/built/connectors/StandaloneConnector.js:54:66
[05/Jul/2026:17:07:44 +0200] [upstream] [1889655] STDERR:     at processTicksAndRejections (node:internal/process/task_queues:85:11)
[05/Jul/2026:17:07:44 +0200] [upstream] [1889655] STDERR:     at runNextTicks (node:internal/process/task_queues:69:3)
[05/Jul/2026:17:07:44 +0200] [upstream] [1889655] STDERR:     at listOnTimeout (node:internal/timers:567:9)
[05/Jul/2026:17:07:44 +0200] [upstream] [1889655] STDERR:     at process.processTimers (node:internal/timers:541:7) {
[05/Jul/2026:17:07:44 +0200] [upstream] [1889655] STDERR:   errno: -22,
[05/Jul/2026:17:07:44 +0200] [upstream] [1889655] STDERR:   code: 'EINVAL',
[05/Jul/2026:17:07:44 +0200] [upstream] [1889655] STDERR:   syscall: 'connect',
[05/Jul/2026:17:07:44 +0200] [upstream] [1889655] STDERR:   address: '%22rediss://default:gQAAAAAAAbQnAAIgcDE2NDY2N2UyZmQ2ZGE0OTJmYmI0ZjUxMzQxNDc0YjljYw@valued-lion-111655.upstash.io:6379%22'
[05/Jul/2026:17:07:44 +0200] [upstream] [1889655] STDERR: }
[05/Jul/2026:17:07:44 +0200] [upstream] [1889655] STDERR: Error: connect EINVAL %22rediss://default:gQAAAAAAAbQnAAIgcDE2NDY2N2UyZmQ2ZGE0OTJmYmI0ZjUxMzQxNDc0YjljYw@valued-lion-111655.upstash.io:6379%22 - Local (undefined:undefined)
[05/Jul/2026:17:07:44 +0200] [upstream] [1889655] STDERR:     at internalConnect (node:net:1170:16)
[05/Jul/2026:17:07:44 +0200] [upstream] [1889655] STDERR:     at defaultTriggerAsyncIdScope (node:internal/async_hooks:472:18)
[05/Jul/2026:17:07:44 +0200] [upstream] [1889655] STDERR:     at Socket.connect (node:net:1341:5)
[05/Jul/2026:17:07:44 +0200] [upstream] [1889655] STDERR:     at connect (node:net:250:17)
[05/Jul/2026:17:07:44 +0200] [upstream] [1889655] STDERR:     at /home/groza-bot/www/node_modules/bullmq/node_modules/ioredis/built/connectors/StandaloneConnector.js:54:66
[05/Jul/2026:17:07:44 +0200] [upstream] [1889655] STDERR:     at process.processTicksAndRejections (node:internal/process/task_queues:85:11) {
[05/Jul/2026:17:07:44 +0200] [upstream] [1889655] STDERR:   errno: -22,
[05/Jul/2026:17:07:44 +0200] [upstream] [1889655] STDERR:   code: 'EINVAL',
[05/Jul/2026:17:07:44 +0200] [upstream] [1889655] STDERR:   syscall: 'connect',
[05/Jul/2026:17:07:44 +0200] [upstream] [1889655] STDERR:   address: '%22rediss://default:gQAAAAAAAbQnAAIgcDE2NDY2N2UyZmQ2ZGE0OTJmYmI0ZjUxMzQxNDc0YjljYw@valued-lion-111655.upstash.io:6379%22'
[05/Jul/2026:17:07:44 +0200] [upstream] [1889655] STDERR: }
[05/Jul/2026:17:07:44 +0200] [upstream] [1889655] STDERR: [ioredis] Unhandled error event: Error: connect EINVAL //default:gQAAAAAAAbQnAAIgcDE2NDY2N2UyZmQ2ZGE0OTJmYmI0ZjUxMzQxNDc0YjljYw@valued-lion-111655.upstash.io:6379%22 - Local (undefined:undefined)
[05/Jul/2026:17:07:44 +0200] [upstream] [1889655] STDERR:     at internalConnect (node:net:1170:16)
[05/Jul/2026:17:07:44 +0200] [upstream] [1889655] STDERR:     at defaultTriggerAsyncIdScope (node:internal/async_hooks:472:18)
[05/Jul/2026:17:07:44 +0200] [upstream] [1889655] STDERR:     at Socket.connect (node:net:1341:5)
[05/Jul/2026:17:07:44 +0200] [upstream] [1889655] STDERR:     at connect (node:net:250:17)
[05/Jul/2026:17:07:44 +0200] [upstream] [1889655] STDERR:     at /home/groza-bot/www/node_modules/ioredis/built/connectors/StandaloneConnector.js:54:66
[05/Jul/2026:17:07:44 +0200] [upstream] [1889655] STDERR:     at process.processTicksAndRejections (node:internal/process/task_queues:85:11)
[05/Jul/2026:17:07:45 +0200] [upstream] [1889655] STDERR: [ioredis] Unhandled error event: Error: connect EINVAL //default:gQAAAAAAAbQnAAIgcDE2NDY2N2UyZmQ2ZGE0OTJmYmI0ZjUxMzQxNDc0YjljYw@valued-lion-111655.upstash.io:6379%22 - Local (undefined:undefined)
[05/Jul/2026:17:07:45 +0200] [upstream] [1889655] STDERR:     at internalConnect (node:net:1170:16)
[05/Jul/2026:17:07:45 +0200] [upstream] [1889655] STDERR:     at defaultTriggerAsyncIdScope (node:internal/async_hooks:472:18)
[05/Jul/2026:17:07:45 +0200] [upstream] [1889655] STDERR:     at Socket.connect (node:net:1341:5)
[05/Jul/2026:17:07:45 +0200] [upstream] [1889655] STDERR:     at connect (node:net:250:17)
[05/Jul/2026:17:07:45 +0200] [upstream] [1889655] STDERR:     at /home/groza-bot/www/node_modules/ioredis/built/connectors/StandaloneConnector.js:54:66
[05/Jul/2026:17:07:45 +0200] [upstream] [1889655] STDERR:     at process.processTicksAndRejections (node:internal/process/task_queues:85:11)
[05/Jul/2026:17:07:45 +0200] [upstream] [1889655] STDERR: Error: connect EINVAL %22rediss://default:gQAAAAAAAbQnAAIgcDE2NDY2N2UyZmQ2ZGE0OTJmYmI0ZjUxMzQxNDc0YjljYw@valued-lion-111655.upstash.io:6379%22 - Local (undefined:undefined)
[05/Jul/2026:17:07:45 +0200] [upstream] [1889655] STDERR:     at internalConnect (node:net:1170:16)
[05/Jul/2026:17:07:45 +0200] [upstream] [1889655] STDERR:     at defaultTriggerAsyncIdScope (node:internal/async_hooks:472:18)
[05/Jul/2026:17:07:45 +0200] [upstream] [1889655] STDERR:     at Socket.connect (node:net:1341:5)
[05/Jul/2026:17:07:45 +0200] [upstream] [1889655] STDERR:     at connect (node:net:250:17)
[05/Jul/2026:17:07:45 +0200] [upstream] [1889655] STDERR:     at /home/groza-bot/www/node_modules/bullmq/node_modules/ioredis/built/connectors/StandaloneConnector.js:54:66
[05/Jul/2026:17:07:45 +0200] [upstream] [1889655] STDERR:     at process.processTicksAndRejections (node:internal/process/task_queues:85:11) {
[05/Jul/2026:17:07:45 +0200] [upstream] [1889655] STDERR:   errno: -22,
[05/Jul/2026:17:07:45 +0200] [upstream] [1889655] STDERR:   code: 'EINVAL',
[05/Jul/2026:17:07:45 +0200] [upstream] [1889655] STDERR:   syscall: 'connect',
[05/Jul/2026:17:07:45 +0200] [upstream] [1889655] STDERR:   address: '%22rediss://default:gQAAAAAAAbQnAAIgcDE2NDY2N2UyZmQ2ZGE0OTJmYmI0ZjUxMzQxNDc0YjljYw@valued-lion-111655.upstash.io:6379%22'
[05/Jul/2026:17:07:45 +0200] [upstream] [1889655] STDERR: }
[05/Jul/2026:17:07:45 +0200] [upstream] [1889655] STDERR: Error: connect EINVAL %22rediss://default:gQAAAAAAAbQnAAIgcDE2NDY2N2UyZmQ2ZGE0OTJmYmI0ZjUxMzQxNDc0YjljYw@valued-lion-111655.upstash.io:6379%22 - Local (undefined:undefined)
[05/Jul/2026:17:07:45 +0200] [upstream] [1889655] STDERR:     at internalConnect (node:net:1170:16)
[05/Jul/2026:17:07:45 +0200] [upstream] [1889655] STDERR:     at defaultTriggerAsyncIdScope (node:internal/async_hooks:472:18)
[05/Jul/2026:17:07:45 +0200] [upstream] [1889655] STDERR:     at Socket.connect (node:net:1341:5)
[05/Jul/2026:17:07:45 +0200] [upstream] [1889655] STDERR:     at connect (node:net:250:17)
[05/Jul/2026:17:07:45 +0200] [upstream] [1889655] STDERR:     at /home/groza-bot/www/node_modules/bullmq/node_modules/ioredis/built/connectors/StandaloneConnector.js:54:66
[05/Jul/2026:17:07:45 +0200] [upstream] [1889655] STDERR:     at processTicksAndRejections (node:internal/process/task_queues:85:11)
[05/Jul/2026:17:07:45 +0200] [upstream] [1889655] STDERR:     at runNextTicks (node:internal/process/task_queues:69:3)
[05/Jul/2026:17:07:45 +0200] [upstream] [1889655] STDERR:     at listOnTimeout (node:internal/timers:567:9)
[05/Jul/2026:17:07:45 +0200] [upstream] [1889655] STDERR:     at process.processTimers (node:internal/timers:541:7) {
[05/Jul/2026:17:07:45 +0200] [upstream] [1889655] STDERR:   errno: -22,
[05/Jul/2026:17:07:45 +0200] [upstream] [1889655] STDERR:   code: 'EINVAL',
[05/Jul/2026:17:07:45 +0200] [upstream] [1889655] STDERR:   syscall: 'connect',
[05/Jul/2026:17:07:45 +0200] [upstream] [1889655] STDERR:   address: '%22rediss://default:gQAAAAAAAbQnAAIgcDE2NDY2N2UyZmQ2ZGE0OTJmYmI0ZjUxMzQxNDc0YjljYw@valued-lion-111655.upstash.io:6379%22'
[05/Jul/2026:17:07:45 +0200] [upstream] [1889655] STDERR: }
[05/Jul/2026:17:07:45 +0200] [upstream] [1889655] STDERR: Error: connect EINVAL %22rediss://default:gQAAAAAAAbQnAAIgcDE2NDY2N2UyZmQ2ZGE0OTJmYmI0ZjUxMzQxNDc0YjljYw@valued-lion-111655.upstash.io:6379%22 - Local (undefined:undefined)
[05/Jul/2026:17:07:45 +0200] [upstream] [1889655] STDERR:     at internalConnect (node:net:1170:16)
[05/Jul/2026:17:07:45 +0200] [upstream] [1889655] STDERR:     at defaultTriggerAsyncIdScope (node:internal/async_hooks:472:18)
[05/Jul/2026:17:07:45 +0200] [upstream] [1889655] STDERR:     at Socket.connect (node:net:1341:5)
[05/Jul/2026:17:07:45 +0200] [upstream] [1889655] STDERR:     at connect (node:net:250:17)
[05/Jul/2026:17:07:45 +0200] [upstream] [1889655] STDERR:     at /home/groza-bot/www/node_modules/bullmq/node_modules/ioredis/built/connectors/StandaloneConnector.js:54:66
[05/Jul/2026:17:07:45 +0200] [upstream] [1889655] STDERR:     at process.processTicksAndRejections (node:internal/process/task_queues:85:11) {
[05/Jul/2026:17:07:45 +0200] [upstream] [1889655] STDERR:   errno: -22,
[05/Jul/2026:17:07:45 +0200] [upstream] [1889655] STDERR:   code: 'EINVAL',
[05/Jul/2026:17:07:45 +0200] [upstream] [1889655] STDERR:   syscall: 'connect',
[05/Jul/2026:17:07:45 +0200] [upstream] [1889655] STDERR:   address: '%22rediss://default:gQAAAAAAAbQnAAIgcDE2NDY2N2UyZmQ2ZGE0OTJmYmI0ZjUxMzQxNDc0YjljYw@valued-lion-111655.upstash.io:6379%22'
[05/Jul/2026:17:07:45 +0200] [upstream] [1889655] STDERR: }
[05/Jul/2026:17:07:45 +0200] [upstream] [1889655] STDERR: [ioredis] Unhandled error event: Error: connect EINVAL //default:gQAAAAAAAbQnAAIgcDE2NDY2N2UyZmQ2ZGE0OTJmYmI0ZjUxMzQxNDc0YjljYw@valued-lion-111655.upstash.io:6379%22 - Local (undefined:undefined)
[05/Jul/2026:17:07:45 +0200] [upstream] [1889655] STDERR:     at internalConnect (node:net:1170:16)
[05/Jul/2026:17:07:45 +0200] [upstream] [1889655] STDERR:     at defaultTriggerAsyncIdScope (node:internal/async_hooks:472:18)
[05/Jul/2026:17:07:45 +0200] [upstream] [1889655] STDERR:     at Socket.connect (node:net:1341:5)
[05/Jul/2026:17:07:45 +0200] [upstream] [1889655] STDERR:     at connect (node:net:250:17)
[05/Jul/2026:17:07:45 +0200] [upstream] [1889655] STDERR:     at /home/groza-bot/www/node_modules/ioredis/built/connectors/StandaloneConnector.js:54:66
[05/Jul/2026:17:07:45 +0200] [upstream] [1889655] STDERR:     at process.processTicksAndRejections (node:internal/process/task_queues:85:11)
[05/Jul/2026:17:07:46 +0200] [upstream] [1889655] STDERR: Error: connect EINVAL %22rediss://default:gQAAAAAAAbQnAAIgcDE2NDY2N2UyZmQ2ZGE0OTJmYmI0ZjUxMzQxNDc0YjljYw@valued-lion-111655.upstash.io:6379%22 - Local (undefined:undefined)
[05/Jul/2026:17:07:46 +0200] [upstream] [1889655] STDERR:     at internalConnect (node:net:1170:16)
[05/Jul/2026:17:07:46 +0200] [upstream] [1889655] STDERR:     at defaultTriggerAsyncIdScope (node:internal/async_hooks:472:18)
[05/Jul/2026:17:07:46 +0200] [upstream] [1889655] STDERR:     at Socket.connect (node:net:1341:5)
[05/Jul/2026:17:07:46 +0200] [upstream] [1889655] STDERR:     at connect (node:net:250:17)
[05/Jul/2026:17:07:46 +0200] [upstream] [1889655] STDERR:     at /home/groza-bot/www/node_modules/bullmq/node_modules/ioredis/built/connectors/StandaloneConnector.js:54:66
[05/Jul/2026:17:07:46 +0200] [upstream] [1889655] STDERR:     at processTicksAndRejections (node:internal/process/task_queues:85:11)
[05/Jul/2026:17:07:46 +0200] [upstream] [1889655] STDERR:     at runNextTicks (node:internal/process/task_queues:69:3)
[05/Jul/2026:17:07:46 +0200] [upstream] [1889655] STDERR:     at listOnTimeout (node:internal/timers:567:9)
[05/Jul/2026:17:07:46 +0200] [upstream] [1889655] STDERR:     at process.processTimers (node:internal/timers:541:7) {
[05/Jul/2026:17:07:46 +0200] [upstream] [1889655] STDERR:   errno: -22,
[05/Jul/2026:17:07:46 +0200] [upstream] [1889655] STDERR:   code: 'EINVAL',
[05/Jul/2026:17:07:46 +0200] [upstream] [1889655] STDERR:   syscall: 'connect',
[05/Jul/2026:17:07:46 +0200] [upstream] [1889655] STDERR:   address: '%22rediss://default:gQAAAAAAAbQnAAIgcDE2NDY2N2UyZmQ2ZGE0OTJmYmI0ZjUxMzQxNDc0YjljYw@valued-lion-111655.upstash.io:6379%22'
[05/Jul/2026:17:07:46 +0200] [upstream] [1889655] STDERR: }
[05/Jul/2026:17:07:46 +0200] [upstream] [1889655] STDERR: Error: connect EINVAL %22rediss://default:gQAAAAAAAbQnAAIgcDE2NDY2N2UyZmQ2ZGE0OTJmYmI0ZjUxMzQxNDc0YjljYw@valued-lion-111655.upstash.io:6379%22 - Local (undefined:undefined)
[05/Jul/2026:17:07:46 +0200] [upstream] [1889655] STDERR:     at internalConnect (node:net:1170:16)
[05/Jul/2026:17:07:46 +0200] [upstream] [1889655] STDERR:     at defaultTriggerAsyncIdScope (node:internal/async_hooks:472:18)
[05/Jul/2026:17:07:46 +0200] [upstream] [1889655] STDERR:     at Socket.connect (node:net:1341:5)
[05/Jul/2026:17:07:46 +0200] [upstream] [1889655] STDERR:     at connect (node:net:250:17)
[05/Jul/2026:17:07:46 +0200] [upstream] [1889655] STDERR:     at /home/groza-bot/www/node_modules/bullmq/node_modules/ioredis/built/connectors/StandaloneConnector.js:54:66
[05/Jul/2026:17:07:46 +0200] [upstream] [1889655] STDERR:     at processTicksAndRejections (node:internal/process/task_queues:85:11)
[05/Jul/2026:17:07:46 +0200] [upstream] [1889655] STDERR:     at runNextTicks (node:internal/process/task_queues:69:3)
[05/Jul/2026:17:07:46 +0200] [upstream] [1889655] STDERR:     at listOnTimeout (node:internal/timers:567:9)
[05/Jul/2026:17:07:46 +0200] [upstream] [1889655] STDERR:     at process.processTimers (node:internal/timers:541:7) {
[05/Jul/2026:17:07:46 +0200] [upstream] [1889655] STDERR:   errno: -22,
[05/Jul/2026:17:07:46 +0200] [upstream] [1889655] STDERR:   code: 'EINVAL',
[05/Jul/2026:17:07:46 +0200] [upstream] [1889655] STDERR:   syscall: 'connect',
[05/Jul/2026:17:07:46 +0200] [upstream] [1889655] STDERR:   address: '%22rediss://default:gQAAAAAAAbQnAAIgcDE2NDY2N2UyZmQ2ZGE0OTJmYmI0ZjUxMzQxNDc0YjljYw@valued-lion-111655.upstash.io:6379%22'
[05/Jul/2026:17:07:46 +0200] [upstream] [1889655] STDERR: }
[05/Jul/2026:17:07:46 +0200] [upstream] [1889655] STDERR: Error: connect EINVAL %22rediss://default:gQAAAAAAAbQnAAIgcDE2NDY2N2UyZmQ2ZGE0OTJmYmI0ZjUxMzQxNDc0YjljYw@valued-lion-111655.upstash.io:6379%22 - Local (undefined:undefined)
[05/Jul/2026:17:07:46 +0200] [upstream] [1889655] STDERR:     at internalConnect (node:net:1170:16)
[05/Jul/2026:17:07:46 +0200] [upstream] [1889655] STDERR:     at defaultTriggerAsyncIdScope (node:internal/async_hooks:472:18)
[05/Jul/2026:17:07:46 +0200] [upstream] [1889655] STDERR:     at Socket.connect (node:net:1341:5)
[05/Jul/2026:17:07:46 +0200] [upstream] [1889655] STDERR:     at connect (node:net:250:17)
[05/Jul/2026:17:07:46 +0200] [upstream] [1889655] STDERR:     at /home/groza-bot/www/node_modules/bullmq/node_modules/ioredis/built/connectors/StandaloneConnector.js:54:66
[05/Jul/2026:17:07:46 +0200] [upstream] [1889655] STDERR:     at process.processTicksAndRejections (node:internal/process/task_queues:85:11) {
[05/Jul/2026:17:07:46 +0200] [upstream] [1889655] STDERR:   errno: -22,
[05/Jul/2026:17:07:46 +0200] [upstream] [1889655] STDERR:   code: 'EINVAL',
[05/Jul/2026:17:07:46 +0200] [upstream] [1889655] STDERR:   syscall: 'connect',
[05/Jul/2026:17:07:46 +0200] [upstream] [1889655] STDERR:   address: '%22rediss://default:gQAAAAAAAbQnAAIgcDE2NDY2N2UyZmQ2ZGE0OTJmYmI0ZjUxMzQxNDc0YjljYw@valued-lion-111655.upstash.io:6379%22'
[05/Jul/2026:17:07:46 +0200] [upstream] [1889655] STDERR: }
[05/Jul/2026:17:07:46 +0200] [upstream] [1889655] STDERR: [ioredis] Unhandled error event: Error: connect EINVAL //default:gQAAAAAAAbQnAAIgcDE2NDY2N2UyZmQ2ZGE0OTJmYmI0ZjUxMzQxNDc0YjljYw@valued-lion-111655.upstash.io:6379%22 - Local (undefined:undefined)
[05/Jul/2026:17:07:46 +0200] [upstream] [1889655] STDERR:     at internalConnect (node:net:1170:16)
[05/Jul/2026:17:07:46 +0200] [upstream] [1889655] STDERR:     at defaultTriggerAsyncIdScope (node:internal/async_hooks:472:18)
[05/Jul/2026:17:07:46 +0200] [upstream] [1889655] STDERR:     at Socket.connect (node:net:1341:5)
[05/Jul/2026:17:07:46 +0200] [upstream] [1889655] STDERR:     at connect (node:net:250:17)
[05/Jul/2026:17:07:46 +0200] [upstream] [1889655] STDERR:     at /home/groza-bot/www/node_modules/ioredis/built/connectors/StandaloneConnector.js:54:66
[05/Jul/2026:17:07:46 +0200] [upstream] [1889655] STDERR:     at process.processTicksAndRejections (node:internal/process/task_queues:85:11)
[05/Jul/2026:17:07:47 +0200] [upstream] [1889655] STDERR: Error: connect EINVAL %22rediss://default:gQAAAAAAAbQnAAIgcDE2NDY2N2UyZmQ2ZGE0OTJmYmI0ZjUxMzQxNDc0YjljYw@valued-lion-111655.upstash.io:6379%22 - Local (undefined:undefined)
[05/Jul/2026:17:07:47 +0200] [upstream] [1889655] STDERR:     at internalConnect (node:net:1170:16)
[05/Jul/2026:17:07:47 +0200] [upstream] [1889655] STDERR:     at defaultTriggerAsyncIdScope (node:internal/async_hooks:472:18)
[05/Jul/2026:17:07:47 +0200] [upstream] [1889655] STDERR:     at Socket.connect (node:net:1341:5)
[05/Jul/2026:17:07:47 +0200] [upstream] [1889655] STDERR:     at connect (node:net:250:17)
[05/Jul/2026:17:07:47 +0200] [upstream] [1889655] STDERR:     at /home/groza-bot/www/node_modules/bullmq/node_modules/ioredis/built/connectors/StandaloneConnector.js:54:66
[05/Jul/2026:17:07:47 +0200] [upstream] [1889655] STDERR:     at processTicksAndRejections (node:internal/process/task_queues:85:11)
[05/Jul/2026:17:07:47 +0200] [upstream] [1889655] STDERR:     at runNextTicks (node:internal/process/task_queues:69:3)
[05/Jul/2026:17:07:47 +0200] [upstream] [1889655] STDERR:     at listOnTimeout (node:internal/timers:567:9)
[05/Jul/2026:17:07:47 +0200] [upstream] [1889655] STDERR:     at process.processTimers (node:internal/timers:541:7) {
[05/Jul/2026:17:07:47 +0200] [upstream] [1889655] STDERR:   errno: -22,
[05/Jul/2026:17:07:47 +0200] [upstream] [1889655] STDERR:   code: 'EINVAL',
[05/Jul/2026:17:07:47 +0200] [upstream] [1889655] STDERR:   syscall: 'connect',
[05/Jul/2026:17:07:47 +0200] [upstream] [1889655] STDERR:   address: '%22rediss://default:gQAAAAAAAbQnAAIgcDE2NDY2N2UyZmQ2ZGE0OTJmYmI0ZjUxMzQxNDc0YjljYw@valued-lion-111655.upstash.io:6379%22'
[05/Jul/2026:17:07:47 +0200] [upstream] [1889655] STDERR: }
[05/Jul/2026:17:07:47 +0200] [upstream] [1889655] STDERR: Error: connect EINVAL %22rediss://default:gQAAAAAAAbQnAAIgcDE2NDY2N2UyZmQ2ZGE0OTJmYmI0ZjUxMzQxNDc0YjljYw@valued-lion-111655.upstash.io:6379%22 - Local (undefined:undefined)
[05/Jul/2026:17:07:47 +0200] [upstream] [1889655] STDERR:     at internalConnect (node:net:1170:16)
[05/Jul/2026:17:07:47 +0200] [upstream] [1889655] STDERR:     at defaultTriggerAsyncIdScope (node:internal/async_hooks:472:18)
[05/Jul/2026:17:07:47 +0200] [upstream] [1889655] STDERR:     at Socket.connect (node:net:1341:5)
[05/Jul/2026:17:07:47 +0200] [upstream] [1889655] STDERR:     at connect (node:net:250:17)
[05/Jul/2026:17:07:47 +0200] [upstream] [1889655] STDERR:     at /home/groza-bot/www/node_modules/bullmq/node_modules/ioredis/built/connectors/StandaloneConnector.js:54:66
[05/Jul/2026:17:07:47 +0200] [upstream] [1889655] STDERR:     at processTicksAndRejections (node:internal/process/task_queues:85:11)
[05/Jul/2026:17:07:47 +0200] [upstream] [1889655] STDERR:     at runNextTicks (node:internal/process/task_queues:69:3)
[05/Jul/2026:17:07:47 +0200] [upstream] [1889655] STDERR:     at listOnTimeout (node:internal/timers:567:9)
[05/Jul/2026:17:07:47 +0200] [upstream] [1889655] STDERR:     at process.processTimers (node:internal/timers:541:7) {
[05/Jul/2026:17:07:47 +0200] [upstream] [1889655] STDERR:   errno: -22,
[05/Jul/2026:17:07:47 +0200] [upstream] [1889655] STDERR:   code: 'EINVAL',
[05/Jul/2026:17:07:47 +0200] [upstream] [1889655] STDERR:   syscall: 'connect',
[05/Jul/2026:17:07:47 +0200] [upstream] [1889655] STDERR:   address: '%22rediss://default:gQAAAAAAAbQnAAIgcDE2NDY2N2UyZmQ2ZGE0OTJmYmI0ZjUxMzQxNDc0YjljYw@valued-lion-111655.upstash.io:6379%22'
[05/Jul/2026:17:07:47 +0200] [upstream] [1889655] STDERR: }
[05/Jul/2026:17:07:47 +0200] [upstream] [1889655] STDERR: Error: connect EINVAL %22rediss://default:gQAAAAAAAbQnAAIgcDE2NDY2N2UyZmQ2ZGE0OTJmYmI0ZjUxMzQxNDc0YjljYw@valued-lion-111655.upstash.io:6379%22 - Local (undefined:undefined)
[05/Jul/2026:17:07:47 +0200] [upstream] [1889655] STDERR:     at internalConnect (node:net:1170:16)
[05/Jul/2026:17:07:47 +0200] [upstream] [1889655] STDERR:     at defaultTriggerAsyncIdScope (node:internal/async_hooks:472:18)
[05/Jul/2026:17:07:47 +0200] [upstream] [1889655] STDERR:     at Socket.connect (node:net:1341:5)
[05/Jul/2026:17:07:47 +0200] [upstream] [1889655] STDERR:     at connect (node:net:250:17)
[05/Jul/2026:17:07:47 +0200] [upstream] [1889655] STDERR:     at /home/groza-bot/www/node_modules/bullmq/node_modules/ioredis/built/connectors/StandaloneConnector.js:54:66
[05/Jul/2026:17:07:47 +0200] [upstream] [1889655] STDERR:     at process.processTicksAndRejections (node:internal/process/task_queues:85:11) {
[05/Jul/2026:17:07:47 +0200] [upstream] [1889655] STDERR:   errno: -22,
[05/Jul/2026:17:07:47 +0200] [upstream] [1889655] STDERR:   code: 'EINVAL',
[05/Jul/2026:17:07:47 +0200] [upstream] [1889655] STDERR:   syscall: 'connect',
[05/Jul/2026:17:07:47 +0200] [upstream] [1889655] STDERR:   address: '%22rediss://default:gQAAAAAAAbQnAAIgcDE2NDY2N2UyZmQ2ZGE0OTJmYmI0ZjUxMzQxNDc0YjljYw@valued-lion-111655.upstash.io:6379%22'
[05/Jul/2026:17:07:47 +0200] [upstream] [1889655] STDERR: }
[05/Jul/2026:17:07:47 +0200] [upstream] [1889655] STDERR: [ioredis] Unhandled error event: Error: connect EINVAL //default:gQAAAAAAAbQnAAIgcDE2NDY2N2UyZmQ2ZGE0OTJmYmI0ZjUxMzQxNDc0YjljYw@valued-lion-111655.upstash.io:6379%22 - Local (undefined:undefined)
[05/Jul/2026:17:07:47 +0200] [upstream] [1889655] STDERR:     at internalConnect (node:net:1170:16)
[05/Jul/2026:17:07:47 +0200] [upstream] [1889655] STDERR:     at defaultTriggerAsyncIdScope (node:internal/async_hooks:472:18)
[05/Jul/2026:17:07:47 +0200] [upstream] [1889655] STDERR:     at Socket.connect (node:net:1341:5)
[05/Jul/2026:17:07:47 +0200] [upstream] [1889655] STDERR:     at connect (node:net:250:17)
[05/Jul/2026:17:07:47 +0200] [upstream] [1889655] STDERR:     at /home/groza-bot/www/node_modules/ioredis/built/connectors/StandaloneConnector.js:54:66
[05/Jul/2026:17:07:47 +0200] [upstream] [1889655] STDERR:     at process.processTicksAndRejections (node:internal/process/task_queues:85:11)
[05/Jul/2026:17:07:47 +0200] [upstream] [1889655] STDERR: [ioredis] Unhandled error event: Error: connect EINVAL //default:gQAAAAAAAbQnAAIgcDE2NDY2N2UyZmQ2ZGE0OTJmYmI0ZjUxMzQxNDc0YjljYw@valued-lion-111655.upstash.io:6379%22 - Local (undefined:undefined)
[05/Jul/2026:17:07:47 +0200] [upstream] [1889655] STDERR:     at internalConnect (node:net:1170:16)
[05/Jul/2026:17:07:47 +0200] [upstream] [1889655] STDERR:     at defaultTriggerAsyncIdScope (node:internal/async_hooks:472:18)
[05/Jul/2026:17:07:47 +0200] [upstream] [1889655] STDERR:     at Socket.connect (node:net:1341:5)
[05/Jul/2026:17:07:47 +0200] [upstream] [1889655] STDERR:     at connect (node:net:250:17)
[05/Jul/2026:17:07:47 +0200] [upstream] [1889655] STDERR:     at /home/groza-bot/www/node_modules/ioredis/built/connectors/StandaloneConnector.js:54:66
[05/Jul/2026:17:07:47 +0200] [upstream] [1889655] STDERR:     at process.processTicksAndRejections (node:internal/process/task_queues:85:11)
[05/Jul/2026:17:07:48 +0200] [upstream] [1889655] STDERR: Error: connect EINVAL %22rediss://default:gQAAAAAAAbQnAAIgcDE2NDY2N2UyZmQ2ZGE0OTJmYmI0ZjUxMzQxNDc0YjljYw@valued-lion-111655.upstash.io:6379%22 - Local (undefined:undefined)
[05/Jul/2026:17:07:48 +0200] [upstream] [1889655] STDERR:     at internalConnect (node:net:1170:16)
[05/Jul/2026:17:07:48 +0200] [upstream] [1889655] STDERR:     at defaultTriggerAsyncIdScope (node:internal/async_hooks:472:18)
[05/Jul/2026:17:07:48 +0200] [upstream] [1889655] STDERR:     at Socket.connect (node:net:1341:5)
[05/Jul/2026:17:07:48 +0200] [upstream] [1889655] STDERR:     at connect (node:net:250:17)
[05/Jul/2026:17:07:48 +0200] [upstream] [1889655] STDERR:     at /home/groza-bot/www/node_modules/bullmq/node_modules/ioredis/built/connectors/StandaloneConnector.js:54:66
[05/Jul/2026:17:07:48 +0200] [upstream] [1889655] STDERR:     at processTicksAndRejections (node:internal/process/task_queues:85:11)
[05/Jul/2026:17:07:48 +0200] [upstream] [1889655] STDERR:     at runNextTicks (node:internal/process/task_queues:69:3)
[05/Jul/2026:17:07:48 +0200] [upstream] [1889655] STDERR:     at listOnTimeout (node:internal/timers:567:9)
[05/Jul/2026:17:07:48 +0200] [upstream] [1889655] STDERR:     at process.processTimers (node:internal/timers:541:7) {
[05/Jul/2026:17:07:48 +0200] [upstream] [1889655] STDERR:   errno: -22,
[05/Jul/2026:17:07:48 +0200] [upstream] [1889655] STDERR:   code: 'EINVAL',
[05/Jul/2026:17:07:48 +0200] [upstream] [1889655] STDERR:   syscall: 'connect',
[05/Jul/2026:17:07:48 +0200] [upstream] [1889655] STDERR:   address: '%22rediss://default:gQAAAAAAAbQnAAIgcDE2NDY2N2UyZmQ2ZGE0OTJmYmI0ZjUxMzQxNDc0YjljYw@valued-lion-111655.upstash.io:6379%22'
[05/Jul/2026:17:07:48 +0200] [upstream] [1889655] STDERR: }
[05/Jul/2026:17:07:48 +0200] [upstream] [1889655] STDERR: Error: connect EINVAL %22rediss://default:gQAAAAAAAbQnAAIgcDE2NDY2N2UyZmQ2ZGE0OTJmYmI0ZjUxMzQxNDc0YjljYw@valued-lion-111655.upstash.io:6379%22 - Local (undefined:undefined)
[05/Jul/2026:17:07:48 +0200] [upstream] [1889655] STDERR:     at internalConnect (node:net:1170:16)
[05/Jul/2026:17:07:48 +0200] [upstream] [1889655] STDERR:     at defaultTriggerAsyncIdScope (node:internal/async_hooks:472:18)
[05/Jul/2026:17:07:48 +0200] [upstream] [1889655] STDERR:     at Socket.connect (node:net:1341:5)
[05/Jul/2026:17:07:48 +0200] [upstream] [1889655] STDERR:     at connect (node:net:250:17)
[05/Jul/2026:17:07:48 +0200] [upstream] [1889655] STDERR:     at /home/groza-bot/www/node_modules/bullmq/node_modules/ioredis/built/connectors/StandaloneConnector.js:54:66
[05/Jul/2026:17:07:48 +0200] [upstream] [1889655] STDERR:     at processTicksAndRejections (node:internal/process/task_queues:85:11)
[05/Jul/2026:17:07:48 +0200] [upstream] [1889655] STDERR:     at runNextTicks (node:internal/process/task_queues:69:3)
[05/Jul/2026:17:07:48 +0200] [upstream] [1889655] STDERR:     at listOnTimeout (node:internal/timers:567:9)
[05/Jul/2026:17:07:48 +0200] [upstream] [1889655] STDERR:     at process.processTimers (node:internal/timers:541:7) {
[05/Jul/2026:17:07:48 +0200] [upstream] [1889655] STDERR:   errno: -22,
[05/Jul/2026:17:07:48 +0200] [upstream] [1889655] STDERR:   code: 'EINVAL',
[05/Jul/2026:17:07:48 +0200] [upstream] [1889655] STDERR:   syscall: 'connect',
[05/Jul/2026:17:07:48 +0200] [upstream] [1889655] STDERR:   address: '%22rediss://default:gQAAAAAAAbQnAAIgcDE2NDY2N2UyZmQ2ZGE0OTJmYmI0ZjUxMzQxNDc0YjljYw@valued-lion-111655.upstash.io:6379%22'
[05/Jul/2026:17:07:48 +0200] [upstream] [1889655] STDERR: }
[05/Jul/2026:17:07:48 +0200] [upstream] [1889655] STDERR: Error: connect EINVAL %22rediss://default:gQAAAAAAAbQnAAIgcDE2NDY2N2UyZmQ2ZGE0OTJmYmI0ZjUxMzQxNDc0YjljYw@valued-lion-111655.upstash.io:6379%22 - Local (undefined:undefined)
[05/Jul/2026:17:07:48 +0200] [upstream] [1889655] STDERR:     at internalConnect (node:net:1170:16)
[05/Jul/2026:17:07:48 +0200] [upstream] [1889655] STDERR:     at defaultTriggerAsyncIdScope (node:internal/async_hooks:472:18)
[05/Jul/2026:17:07:48 +0200] [upstream] [1889655] STDERR:     at Socket.connect (node:net:1341:5)
[05/Jul/2026:17:07:48 +0200] [upstream] [1889655] STDERR:     at connect (node:net:250:17)
[05/Jul/2026:17:07:48 +0200] [upstream] [1889655] STDERR:     at /home/groza-bot/www/node_modules/bullmq/node_modules/ioredis/built/connectors/StandaloneConnector.js:54:66
[05/Jul/2026:17:07:48 +0200] [upstream] [1889655] STDERR:     at process.processTicksAndRejections (node:internal/process/task_queues:85:11) {
[05/Jul/2026:17:07:48 +0200] [upstream] [1889655] STDERR:   errno: -22,
[05/Jul/2026:17:07:48 +0200] [upstream] [1889655] STDERR:   code: 'EINVAL',
[05/Jul/2026:17:07:48 +0200] [upstream] [1889655] STDERR:   syscall: 'connect',
[05/Jul/2026:17:07:48 +0200] [upstream] [1889655] STDERR:   address: '%22rediss://default:gQAAAAAAAbQnAAIgcDE2NDY2N2UyZmQ2ZGE0OTJmYmI0ZjUxMzQxNDc0YjljYw@valued-lion-111655.upstash.io:6379%22'
[05/Jul/2026:17:07:48 +0200] [upstream] [1889655] STDERR: }
[05/Jul/2026:17:07:48 +0200] [upstream] [1889655] STDERR: [ioredis] Unhandled error event: Error: connect EINVAL //default:gQAAAAAAAbQnAAIgcDE2NDY2N2UyZmQ2ZGE0OTJmYmI0ZjUxMzQxNDc0YjljYw@valued-lion-111655.upstash.io:6379%22 - Local (undefined:undefined)
[05/Jul/2026:17:07:48 +0200] [upstream] [1889655] STDERR:     at internalConnect (node:net:1170:16)
[05/Jul/2026:17:07:48 +0200] [upstream] [1889655] STDERR:     at defaultTriggerAsyncIdScope (node:internal/async_hooks:472:18)
[05/Jul/2026:17:07:48 +0200] [upstream] [1889655] STDERR:     at Socket.connect (node:net:1341:5)
[05/Jul/2026:17:07:48 +0200] [upstream] [1889655] STDERR:     at connect (node:net:250:17)
[05/Jul/2026:17:07:48 +0200] [upstream] [1889655] STDERR:     at /home/groza-bot/www/node_modules/ioredis/built/connectors/StandaloneConnector.js:54:66
[05/Jul/2026:17:07:48 +0200] [upstream] [1889655] STDERR:     at process.processTicksAndRejections (node:internal/process/task_queues:85:11)
[05/Jul/2026:17:07:49 +0200] [upstream] [1889655] STDERR: [ioredis] Unhandled error event: Error: connect EINVAL //default:gQAAAAAAAbQnAAIgcDE2NDY2N2UyZmQ2ZGE0OTJmYmI0ZjUxMzQxNDc0YjljYw@valued-lion-111655.upstash.io:6379%22 - Local (undefined:undefined)
[05/Jul/2026:17:07:49 +0200] [upstream] [1889655] STDERR:     at internalConnect (node:net:1170:16)
[05/Jul/2026:17:07:49 +0200] [upstream] [1889655] STDERR:     at defaultTriggerAsyncIdScope (node:internal/async_hooks:472:18)
[05/Jul/2026:17:07:49 +0200] [upstream] [1889655] STDERR:     at Socket.connect (node:net:1341:5)
[05/Jul/2026:17:07:49 +0200] [upstream] [1889655] STDERR:     at connect (node:net:250:17)
[05/Jul/2026:17:07:49 +0200] [upstream] [1889655] STDERR:     at /home/groza-bot/www/node_modules/ioredis/built/connectors/StandaloneConnector.js:54:66
[05/Jul/2026:17:07:49 +0200] [upstream] [1889655] STDERR:     at process.processTicksAndRejections (node:internal/process/task_queues:85:11)
[05/Jul/2026:17:07:50 +0200] [upstream] [1889655] STDERR: [ioredis] Unhandled error event: Error: connect EINVAL //default:gQAAAAAAAbQnAAIgcDE2NDY2N2UyZmQ2ZGE0OTJmYmI0ZjUxMzQxNDc0YjljYw@valued-lion-111655.upstash.io:6379%22 - Local (undefined:undefined)
[05/Jul/2026:17:07:50 +0200] [upstream] [1889655] STDERR:     at internalConnect (node:net:1170:16)
[05/Jul/2026:17:07:50 +0200] [upstream] [1889655] STDERR:     at defaultTriggerAsyncIdScope (node:internal/async_hooks:472:18)
[05/Jul/2026:17:07:50 +0200] [upstream] [1889655] STDERR:     at Socket.connect (node:net:1341:5)
[05/Jul/2026:17:07:50 +0200] [upstream] [1889655] STDERR:     at connect (node:net:250:17)
[05/Jul/2026:17:07:50 +0200] [upstream] [1889655] STDERR:     at /home/groza-bot/www/node_modules/ioredis/built/connectors/StandaloneConnector.js:54:66
[05/Jul/2026:17:07:50 +0200] [upstream] [1889655] STDERR:     at process.processTicksAndRejections (node:internal/process/task_queues:85:11)
[05/Jul/2026:17:07:51 +0200] [upstream] [1889655] STDERR: Error: connect EINVAL %22rediss://default:gQAAAAAAAbQnAAIgcDE2NDY2N2UyZmQ2ZGE0OTJmYmI0ZjUxMzQxNDc0YjljYw@valued-lion-111655.upstash.io:6379%22 - Local (undefined:undefined)
[05/Jul/2026:17:07:51 +0200] [upstream] [1889655] STDERR:     at internalConnect (node:net:1170:16)
[05/Jul/2026:17:07:51 +0200] [upstream] [1889655] STDERR:     at defaultTriggerAsyncIdScope (node:internal/async_hooks:472:18)
[05/Jul/2026:17:07:51 +0200] [upstream] [1889655] STDERR:     at Socket.connect (node:net:1341:5)
[05/Jul/2026:17:07:51 +0200] [upstream] [1889655] STDERR:     at connect (node:net:250:17)
[05/Jul/2026:17:07:51 +0200] [upstream] [1889655] STDERR:     at /home/groza-bot/www/node_modules/bullmq/node_modules/ioredis/built/connectors/StandaloneConnector.js:54:66
[05/Jul/2026:17:07:51 +0200] [upstream] [1889655] STDERR:     at processTicksAndRejections (node:internal/process/task_queues:85:11)
[05/Jul/2026:17:07:51 +0200] [upstream] [1889655] STDERR:     at runNextTicks (node:internal/process/task_queues:69:3)
[05/Jul/2026:17:07:51 +0200] [upstream] [1889655] STDERR:     at listOnTimeout (node:internal/timers:567:9)
[05/Jul/2026:17:07:51 +0200] [upstream] [1889655] STDERR:     at process.processTimers (node:internal/timers:541:7) {
[05/Jul/2026:17:07:51 +0200] [upstream] [1889655] STDERR:   errno: -22,
[05/Jul/2026:17:07:51 +0200] [upstream] [1889655] STDERR:   code: 'EINVAL',
[05/Jul/2026:17:07:51 +0200] [upstream] [1889655] STDERR:   syscall: 'connect',
[05/Jul/2026:17:07:51 +0200] [upstream] [1889655] STDERR:   address: '%22rediss://default:gQAAAAAAAbQnAAIgcDE2NDY2N2UyZmQ2ZGE0OTJmYmI0ZjUxMzQxNDc0YjljYw@valued-lion-111655.upstash.io:6379%22'
[05/Jul/2026:17:07:51 +0200] [upstream] [1889655] STDERR: }
[05/Jul/2026:17:07:51 +0200] [upstream] [1889655] STDERR: Error: connect EINVAL %22rediss://default:gQAAAAAAAbQnAAIgcDE2NDY2N2UyZmQ2ZGE0OTJmYmI0ZjUxMzQxNDc0YjljYw@valued-lion-111655.upstash.io:6379%22 - Local (undefined:undefined)
[05/Jul/2026:17:07:51 +0200] [upstream] [1889655] STDERR:     at internalConnect (node:net:1170:16)
[05/Jul/2026:17:07:51 +0200] [upstream] [1889655] STDERR:     at defaultTriggerAsyncIdScope (node:internal/async_hooks:472:18)
[05/Jul/2026:17:07:51 +0200] [upstream] [1889655] STDERR:     at Socket.connect (node:net:1341:5)
[05/Jul/2026:17:07:51 +0200] [upstream] [1889655] STDERR:     at connect (node:net:250:17)
[05/Jul/2026:17:07:51 +0200] [upstream] [1889655] STDERR:     at /home/groza-bot/www/node_modules/bullmq/node_modules/ioredis/built/connectors/StandaloneConnector.js:54:66
[05/Jul/2026:17:07:51 +0200] [upstream] [1889655] STDERR:     at processTicksAndRejections (node:internal/process/task_queues:85:11)
[05/Jul/2026:17:07:51 +0200] [upstream] [1889655] STDERR:     at runNextTicks (node:internal/process/task_queues:69:3)
[05/Jul/2026:17:07:51 +0200] [upstream] [1889655] STDERR:     at listOnTimeout (node:internal/timers:567:9)
[05/Jul/2026:17:07:51 +0200] [upstream] [1889655] STDERR:     at process.processTimers (node:internal/timers:541:7) {
[05/Jul/2026:17:07:51 +0200] [upstream] [1889655] STDERR:   errno: -22,
[05/Jul/2026:17:07:51 +0200] [upstream] [1889655] STDERR:   code: 'EINVAL',
[05/Jul/2026:17:07:51 +0200] [upstream] [1889655] STDERR:   syscall: 'connect',
[05/Jul/2026:17:07:51 +0200] [upstream] [1889655] STDERR:   address: '%22rediss://default:gQAAAAAAAbQnAAIgcDE2NDY2N2UyZmQ2ZGE0OTJmYmI0ZjUxMzQxNDc0YjljYw@valued-lion-111655.upstash.io:6379%22'
[05/Jul/2026:17:07:51 +0200] [upstream] [1889655] STDERR: }
[05/Jul/2026:17:07:51 +0200] [upstream] [1889655] STDERR: Error: connect EINVAL %22rediss://default:gQAAAAAAAbQnAAIgcDE2NDY2N2UyZmQ2ZGE0OTJmYmI0ZjUxMzQxNDc0YjljYw@valued-lion-111655.upstash.io:6379%22 - Local (undefined:undefined)
[05/Jul/2026:17:07:51 +0200] [upstream] [1889655] STDERR:     at internalConnect (node:net:1170:16)
[05/Jul/2026:17:07:51 +0200] [upstream] [1889655] STDERR:     at defaultTriggerAsyncIdScope (node:internal/async_hooks:472:18)
[05/Jul/2026:17:07:51 +0200] [upstream] [1889655] STDERR:     at Socket.connect (node:net:1341:5)
[05/Jul/2026:17:07:51 +0200] [upstream] [1889655] STDERR:     at connect (node:net:250:17)
[05/Jul/2026:17:07:51 +0200] [upstream] [1889655] STDERR:     at /home/groza-bot/www/node_modules/bullmq/node_modules/ioredis/built/connectors/StandaloneConnector.js:54:66
[05/Jul/2026:17:07:51 +0200] [upstream] [1889655] STDERR:     at process.processTicksAndRejections (node:internal/process/task_queues:85:11) {
[05/Jul/2026:17:07:51 +0200] [upstream] [1889655] STDERR:   errno: -22,
[05/Jul/2026:17:07:51 +0200] [upstream] [1889655] STDERR:   code: 'EINVAL',
[05/Jul/2026:17:07:51 +0200] [upstream] [1889655] STDERR:   syscall: 'connect',
[05/Jul/2026:17:07:51 +0200] [upstream] [1889655] STDERR:   address: '%22rediss://default:gQAAAAAAAbQnAAIgcDE2NDY2N2UyZmQ2ZGE0OTJmYmI0ZjUxMzQxNDc0YjljYw@valued-lion-111655.upstash.io:6379%22'
[05/Jul/2026:17:07:51 +0200] [upstream] [1889655] STDERR: }
[05/Jul/2026:17:07:51 +0200] [upstream] [1889655] STDERR: [ioredis] Unhandled error event: Error: connect EINVAL //default:gQAAAAAAAbQnAAIgcDE2NDY2N2UyZmQ2ZGE0OTJmYmI0ZjUxMzQxNDc0YjljYw@valued-lion-111655.upstash.io:6379%22 - Local (undefined:undefined)
[05/Jul/2026:17:07:51 +0200] [upstream] [1889655] STDERR:     at internalConnect (node:net:1170:16)
[05/Jul/2026:17:07:51 +0200] [upstream] [1889655] STDERR:     at defaultTriggerAsyncIdScope (node:internal/async_hooks:472:18)
[05/Jul/2026:17:07:51 +0200] [upstream] [1889655] STDERR:     at Socket.connect (node:net:1341:5)
[05/Jul/2026:17:07:51 +0200] [upstream] [1889655] STDERR:     at connect (node:net:250:17)
[05/Jul/2026:17:07:51 +0200] [upstream] [1889655] STDERR:     at /home/groza-bot/www/node_modules/ioredis/built/connectors/StandaloneConnector.js:54:66
[05/Jul/2026:17:07:51 +0200] [upstream] [1889655] STDERR:     at process.processTicksAndRejections (node:internal/process/task_queues:85:11)
[05/Jul/2026:17:07:52 +0200] [upstream] [1889655] STDERR: [ioredis] Unhandled error event: Error: connect EINVAL //default:gQAAAAAAAbQnAAIgcDE2NDY2N2UyZmQ2ZGE0OTJmYmI0ZjUxMzQxNDc0YjljYw@valued-lion-111655.upstash.io:6379%22 - Local (undefined:undefined)
[05/Jul/2026:17:07:52 +0200] [upstream] [1889655] STDERR:     at internalConnect (node:net:1170:16)
[05/Jul/2026:17:07:52 +0200] [upstream] [1889655] STDERR:     at defaultTriggerAsyncIdScope (node:internal/async_hooks:472:18)
[05/Jul/2026:17:07:52 +0200] [upstream] [1889655] STDERR:     at Socket.connect (node:net:1341:5)
[05/Jul/2026:17:07:52 +0200] [upstream] [1889655] STDERR:     at connect (node:net:250:17)
[05/Jul/2026:17:07:52 +0200] [upstream] [1889655] STDERR:     at /home/groza-bot/www/node_modules/ioredis/built/connectors/StandaloneConnector.js:54:66
[05/Jul/2026:17:07:52 +0200] [upstream] [1889655] STDERR:     at process.processTicksAndRejections (node:internal/process/task_queues:85:11)
[05/Jul/2026:17:07:53 +0200] [upstream] [1889655] STDERR: [ioredis] Unhandled error event: Error: connect EINVAL //default:gQAAAAAAAbQnAAIgcDE2NDY2N2UyZmQ2ZGE0OTJmYmI0ZjUxMzQxNDc0YjljYw@valued-lion-111655.upstash.io:6379%22 - Local (undefined:undefined)
[05/Jul/2026:17:07:53 +0200] [upstream] [1889655] STDERR:     at internalConnect (node:net:1170:16)
[05/Jul/2026:17:07:53 +0200] [upstream] [1889655] STDERR:     at defaultTriggerAsyncIdScope (node:internal/async_hooks:472:18)
[05/Jul/2026:17:07:53 +0200] [upstream] [1889655] STDERR:     at Socket.connect (node:net:1341:5)
[05/Jul/2026:17:07:53 +0200] [upstream] [1889655] STDERR:     at connect (node:net:250:17)
[05/Jul/2026:17:07:53 +0200] [upstream] [1889655] STDERR:     at /home/groza-bot/www/node_modules/ioredis/built/connectors/StandaloneConnector.js:54:66
[05/Jul/2026:17:07:53 +0200] [upstream] [1889655] STDERR:     at process.processTicksAndRejections (node:internal/process/task_queues:85:11)
[05/Jul/2026:17:07:55 +0200] [upstream] [1889655] STDERR: [ioredis] Unhandled error event: Error: connect EINVAL //default:gQAAAAAAAbQnAAIgcDE2NDY2N2UyZmQ2ZGE0OTJmYmI0ZjUxMzQxNDc0YjljYw@valued-lion-111655.upstash.io:6379%22 - Local (undefined:undefined)
[05/Jul/2026:17:07:55 +0200] [upstream] [1889655] STDERR:     at internalConnect (node:net:1170:16)
[05/Jul/2026:17:07:55 +0200] [upstream] [1889655] STDERR:     at defaultTriggerAsyncIdScope (node:internal/async_hooks:472:18)
[05/Jul/2026:17:07:55 +0200] [upstream] [1889655] STDERR:     at Socket.connect (node:net:1341:5)
[05/Jul/2026:17:07:55 +0200] [upstream] [1889655] STDERR:     at connect (node:net:250:17)
[05/Jul/2026:17:07:55 +0200] [upstream] [1889655] STDERR:     at /home/groza-bot/www/node_modules/ioredis/built/connectors/StandaloneConnector.js:54:66
[05/Jul/2026:17:07:55 +0200] [upstream] [1889655] STDERR:     at process.processTicksAndRejections (node:internal/process/task_queues:85:11)
[05/Jul/2026:17:07:56 +0200] [upstream] [1889655] STDERR: [ioredis] Unhandled error event: Error: connect EINVAL //default:gQAAAAAAAbQnAAIgcDE2NDY2N2UyZmQ2ZGE0OTJmYmI0ZjUxMzQxNDc0YjljYw@valued-lion-111655.upstash.io:6379%22 - Local (undefined:undefined)
[05/Jul/2026:17:07:56 +0200] [upstream] [1889655] STDERR:     at internalConnect (node:net:1170:16)
[05/Jul/2026:17:07:56 +0200] [upstream] [1889655] STDERR:     at defaultTriggerAsyncIdScope (node:internal/async_hooks:472:18)
[05/Jul/2026:17:07:56 +0200] [upstream] [1889655] STDERR:     at Socket.connect (node:net:1341:5)
[05/Jul/2026:17:07:56 +0200] [upstream] [1889655] STDERR:     at connect (node:net:250:17)
[05/Jul/2026:17:07:56 +0200] [upstream] [1889655] STDERR:     at /home/groza-bot/www/node_modules/ioredis/built/connectors/StandaloneConnector.js:54:66
[05/Jul/2026:17:07:56 +0200] [upstream] [1889655] STDERR:     at process.processTicksAndRejections (node:internal/process/task_queues:85:11)
[05/Jul/2026:17:07:57 +0200] [upstream] [1889655] STDERR: [ioredis] Unhandled error event: Error: connect EINVAL //default:gQAAAAAAAbQnAAIgcDE2NDY2N2UyZmQ2ZGE0OTJmYmI0ZjUxMzQxNDc0YjljYw@valued-lion-111655.upstash.io:6379%22 - Local (undefined:undefined)
[05/Jul/2026:17:07:57 +0200] [upstream] [1889655] STDERR:     at internalConnect (node:net:1170:16)
[05/Jul/2026:17:07:57 +0200] [upstream] [1889655] STDERR:     at defaultTriggerAsyncIdScope (node:internal/async_hooks:472:18)
[05/Jul/2026:17:07:57 +0200] [upstream] [1889655] STDERR:     at Socket.connect (node:net:1341:5)
[05/Jul/2026:17:07:57 +0200] [upstream] [1889655] STDERR:     at connect (node:net:250:17)
[05/Jul/2026:17:07:57 +0200] [upstream] [1889655] STDERR:     at /home/groza-bot/www/node_modules/ioredis/built/connectors/StandaloneConnector.js:54:66
[05/Jul/2026:17:07:57 +0200] [upstream] [1889655] STDERR:     at process.processTicksAndRejections (node:internal/process/task_queues:85:11)
[05/Jul/2026:17:07:58 +0200] [upstream] [1889655] STDERR: [ioredis] Unhandled error event: Error: connect EINVAL //default:gQAAAAAAAbQnAAIgcDE2NDY2N2UyZmQ2ZGE0OTJmYmI0ZjUxMzQxNDc0YjljYw@valued-lion-111655.upstash.io:6379%22 - Local (undefined:undefined)
[05/Jul/2026:17:07:58 +0200] [upstream] [1889655] STDERR:     at internalConnect (node:net:1170:16)
[05/Jul/2026:17:07:58 +0200] [upstream] [1889655] STDERR:     at defaultTriggerAsyncIdScope (node:internal/async_hooks:472:18)
[05/Jul/2026:17:07:58 +0200] [upstream] [1889655] STDERR:     at Socket.connect (node:net:1341:5)
[05/Jul/2026:17:07:58 +0200] [upstream] [1889655] STDERR:     at connect (node:net:250:17)
[05/Jul/2026:17:07:58 +0200] [upstream] [1889655] STDERR:     at /home/groza-bot/www/node_modules/ioredis/built/connectors/StandaloneConnector.js:54:66
[05/Jul/2026:17:07:58 +0200] [upstream] [1889655] STDERR:     at process.processTicksAndRejections (node:internal/process/task_queues:85:11)
[05/Jul/2026:17:07:59 +0200] [upstream] [1889655] STDERR: Error: connect EINVAL %22rediss://default:gQAAAAAAAbQnAAIgcDE2NDY2N2UyZmQ2ZGE0OTJmYmI0ZjUxMzQxNDc0YjljYw@valued-lion-111655.upstash.io:6379%22 - Local (undefined:undefined)
[05/Jul/2026:17:07:59 +0200] [upstream] [1889655] STDERR:     at internalConnect (node:net:1170:16)
[05/Jul/2026:17:07:59 +0200] [upstream] [1889655] STDERR:     at defaultTriggerAsyncIdScope (node:internal/async_hooks:472:18)
[05/Jul/2026:17:07:59 +0200] [upstream] [1889655] STDERR:     at Socket.connect (node:net:1341:5)
[05/Jul/2026:17:07:59 +0200] [upstream] [1889655] STDERR:     at connect (node:net:250:17)
[05/Jul/2026:17:07:59 +0200] [upstream] [1889655] STDERR:     at /home/groza-bot/www/node_modules/bullmq/node_modules/ioredis/built/connectors/StandaloneConnector.js:54:66
[05/Jul/2026:17:07:59 +0200] [upstream] [1889655] STDERR:     at process.processTicksAndRejections (node:internal/process/task_queues:85:11) {
[05/Jul/2026:17:07:59 +0200] [upstream] [1889655] STDERR:   errno: -22,
[05/Jul/2026:17:07:59 +0200] [upstream] [1889655] STDERR:   code: 'EINVAL',
[05/Jul/2026:17:07:59 +0200] [upstream] [1889655] STDERR:   syscall: 'connect',
[05/Jul/2026:17:07:59 +0200] [upstream] [1889655] STDERR:   address: '%22rediss://default:gQAAAAAAAbQnAAIgcDE2NDY2N2UyZmQ2ZGE0OTJmYmI0ZjUxMzQxNDc0YjljYw@valued-lion-111655.upstash.io:6379%22'
[05/Jul/2026:17:07:59 +0200] [upstream] [1889655] STDERR: }
[05/Jul/2026:17:07:59 +0200] [upstream] [1889655] STDERR: Error: connect EINVAL %22rediss://default:gQAAAAAAAbQnAAIgcDE2NDY2N2UyZmQ2ZGE0OTJmYmI0ZjUxMzQxNDc0YjljYw@valued-lion-111655.upstash.io:6379%22 - Local (undefined:undefined)
[05/Jul/2026:17:07:59 +0200] [upstream] [1889655] STDERR:     at internalConnect (node:net:1170:16)
[05/Jul/2026:17:07:59 +0200] [upstream] [1889655] STDERR:     at defaultTriggerAsyncIdScope (node:internal/async_hooks:472:18)
[05/Jul/2026:17:07:59 +0200] [upstream] [1889655] STDERR:     at Socket.connect (node:net:1341:5)
[05/Jul/2026:17:07:59 +0200] [upstream] [1889655] STDERR:     at connect (node:net:250:17)
[05/Jul/2026:17:07:59 +0200] [upstream] [1889655] STDERR:     at /home/groza-bot/www/node_modules/bullmq/node_modules/ioredis/built/connectors/StandaloneConnector.js:54:66
[05/Jul/2026:17:07:59 +0200] [upstream] [1889655] STDERR:     at processTicksAndRejections (node:internal/process/task_queues:85:11)
[05/Jul/2026:17:07:59 +0200] [upstream] [1889655] STDERR:     at runNextTicks (node:internal/process/task_queues:69:3)
[05/Jul/2026:17:07:59 +0200] [upstream] [1889655] STDERR:     at listOnTimeout (node:internal/timers:567:9)
[05/Jul/2026:17:07:59 +0200] [upstream] [1889655] STDERR:     at process.processTimers (node:internal/timers:541:7) {
[05/Jul/2026:17:07:59 +0200] [upstream] [1889655] STDERR:   errno: -22,
[05/Jul/2026:17:07:59 +0200] [upstream] [1889655] STDERR:   code: 'EINVAL',
[05/Jul/2026:17:07:59 +0200] [upstream] [1889655] STDERR:   syscall: 'connect',
[05/Jul/2026:17:07:59 +0200] [upstream] [1889655] STDERR:   address: '%22rediss://default:gQAAAAAAAbQnAAIgcDE2NDY2N2UyZmQ2ZGE0OTJmYmI0ZjUxMzQxNDc0YjljYw@valued-lion-111655.upstash.io:6379%22'
[05/Jul/2026:17:07:59 +0200] [upstream] [1889655] STDERR: }
[05/Jul/2026:17:07:59 +0200] [upstream] [1889655] STDERR: Error: connect EINVAL %22rediss://default:gQAAAAAAAbQnAAIgcDE2NDY2N2UyZmQ2ZGE0OTJmYmI0ZjUxMzQxNDc0YjljYw@valued-lion-111655.upstash.io:6379%22 - Local (undefined:undefined)
[05/Jul/2026:17:07:59 +0200] [upstream] [1889655] STDERR:     at internalConnect (node:net:1170:16)
[05/Jul/2026:17:07:59 +0200] [upstream] [1889655] STDERR:     at defaultTriggerAsyncIdScope (node:internal/async_hooks:472:18)
[05/Jul/2026:17:07:59 +0200] [upstream] [1889655] STDERR:     at Socket.connect (node:net:1341:5)
[05/Jul/2026:17:07:59 +0200] [upstream] [1889655] STDERR:     at connect (node:net:250:17)
[05/Jul/2026:17:07:59 +0200] [upstream] [1889655] STDERR:     at /home/groza-bot/www/node_modules/bullmq/node_modules/ioredis/built/connectors/StandaloneConnector.js:54:66
[05/Jul/2026:17:07:59 +0200] [upstream] [1889655] STDERR:     at process.processTicksAndRejections (node:internal/process/task_queues:85:11) {
[05/Jul/2026:17:07:59 +0200] [upstream] [1889655] STDERR:   errno: -22,
[05/Jul/2026:17:07:59 +0200] [upstream] [1889655] STDERR:   code: 'EINVAL',
[05/Jul/2026:17:07:59 +0200] [upstream] [1889655] STDERR:   syscall: 'connect',
[05/Jul/2026:17:07:59 +0200] [upstream] [1889655] STDERR:   address: '%22rediss://default:gQAAAAAAAbQnAAIgcDE2NDY2N2UyZmQ2ZGE0OTJmYmI0ZjUxMzQxNDc0YjljYw@valued-lion-111655.upstash.io:6379%22'
[05/Jul/2026:17:07:59 +0200] [upstream] [1889655] STDERR: }
[05/Jul/2026:17:08:00 +0200] [upstream] [1889655] STDERR: [ioredis] Unhandled error event: Error: connect EINVAL //default:gQAAAAAAAbQnAAIgcDE2NDY2N2UyZmQ2ZGE0OTJmYmI0ZjUxMzQxNDc0YjljYw@valued-lion-111655.upstash.io:6379%22 - Local (undefined:undefined)
[05/Jul/2026:17:08:00 +0200] [upstream] [1889655] STDERR:     at internalConnect (node:net:1170:16)
[05/Jul/2026:17:08:00 +0200] [upstream] [1889655] STDERR:     at defaultTriggerAsyncIdScope (node:internal/async_hooks:472:18)
[05/Jul/2026:17:08:00 +0200] [upstream] [1889655] STDERR:     at Socket.connect (node:net:1341:5)
[05/Jul/2026:17:08:00 +0200] [upstream] [1889655] STDERR:     at connect (node:net:250:17)
[05/Jul/2026:17:08:00 +0200] [upstream] [1889655] STDERR:     at /home/groza-bot/www/node_modules/ioredis/built/connectors/StandaloneConnector.js:54:66
[05/Jul/2026:17:08:00 +0200] [upstream] [1889655] STDERR:     at process.processTicksAndRejections (node:internal/process/task_queues:85:11)
[05/Jul/2026:17:08:01 +0200] [upstream] [1889655] STDERR: [ioredis] Unhandled error event: Error: connect EINVAL //default:gQAAAAAAAbQnAAIgcDE2NDY2N2UyZmQ2ZGE0OTJmYmI0ZjUxMzQxNDc0YjljYw@valued-lion-111655.upstash.io:6379%22 - Local (undefined:undefined)
[05/Jul/2026:17:08:01 +0200] [upstream] [1889655] STDERR:     at internalConnect (node:net:1170:16)
[05/Jul/2026:17:08:01 +0200] [upstream] [1889655] STDERR:     at defaultTriggerAsyncIdScope (node:internal/async_hooks:472:18)
[05/Jul/2026:17:08:01 +0200] [upstream] [1889655] STDERR:     at Socket.connect (node:net:1341:5)
[05/Jul/2026:17:08:01 +0200] [upstream] [1889655] STDERR:     at connect (node:net:250:17)
[05/Jul/2026:17:08:01 +0200] [upstream] [1889655] STDERR:     at /home/groza-bot/www/node_modules/ioredis/built/connectors/StandaloneConnector.js:54:66
[05/Jul/2026:17:08:01 +0200] [upstream] [1889655] STDERR:     at process.processTicksAndRejections (node:internal/process/task_queues:85:11)
[05/Jul/2026:17:08:02 +0200] [upstream] [1889655] STDERR: [ioredis] Unhandled error event: Error: connect EINVAL //default:gQAAAAAAAbQnAAIgcDE2NDY2N2UyZmQ2ZGE0OTJmYmI0ZjUxMzQxNDc0YjljYw@valued-lion-111655.upstash.io:6379%22 - Local (undefined:undefined)
[05/Jul/2026:17:08:02 +0200] [upstream] [1889655] STDERR:     at internalConnect (node:net:1170:16)
[05/Jul/2026:17:08:02 +0200] [upstream] [1889655] STDERR:     at defaultTriggerAsyncIdScope (node:internal/async_hooks:472:18)
[05/Jul/2026:17:08:02 +0200] [upstream] [1889655] STDERR:     at Socket.connect (node:net:1341:5)
[05/Jul/2026:17:08:02 +0200] [upstream] [1889655] STDERR:     at connect (node:net:250:17)
[05/Jul/2026:17:08:02 +0200] [upstream] [1889655] STDERR:     at /home/groza-bot/www/node_modules/ioredis/built/connectors/StandaloneConnector.js:54:66
[05/Jul/2026:17:08:02 +0200] [upstream] [1889655] STDERR:     at process.processTicksAndRejections (node:internal/process/task_queues:85:11)
[05/Jul/2026:17:08:04 +0200] [upstream] [1889655] STDERR: [ioredis] Unhandled error event: Error: connect EINVAL //default:gQAAAAAAAbQnAAIgcDE2NDY2N2UyZmQ2ZGE0OTJmYmI0ZjUxMzQxNDc0YjljYw@valued-lion-111655.upstash.io:6379%22 - Local (undefined:undefined)
[05/Jul/2026:17:08:04 +0200] [upstream] [1889655] STDERR:     at internalConnect (node:net:1170:16)
[05/Jul/2026:17:08:04 +0200] [upstream] [1889655] STDERR:     at defaultTriggerAsyncIdScope (node:internal/async_hooks:472:18)
[05/Jul/2026:17:08:04 +0200] [upstream] [1889655] STDERR:     at Socket.connect (node:net:1341:5)
[05/Jul/2026:17:08:04 +0200] [upstream] [1889655] STDERR:     at connect (node:net:250:17)
[05/Jul/2026:17:08:04 +0200] [upstream] [1889655] STDERR:     at /home/groza-bot/www/node_modules/ioredis/built/connectors/StandaloneConnector.js:54:66
[05/Jul/2026:17:08:04 +0200] [upstream] [1889655] STDERR:     at process.processTicksAndRejections (node:internal/process/task_queues:85:11)
[05/Jul/2026:17:08:06 +0200] [upstream] [1889655] STDERR: [ioredis] Unhandled error event: Error: connect EINVAL //default:gQAAAAAAAbQnAAIgcDE2NDY2N2UyZmQ2ZGE0OTJmYmI0ZjUxMzQxNDc0YjljYw@valued-lion-111655.upstash.io:6379%22 - Local (undefined:undefined)
[05/Jul/2026:17:08:06 +0200] [upstream] [1889655] STDERR:     at internalConnect (node:net:1170:16)
[05/Jul/2026:17:08:06 +0200] [upstream] [1889655] STDERR:     at defaultTriggerAsyncIdScope (node:internal/async_hooks:472:18)
[05/Jul/2026:17:08:06 +0200] [upstream] [1889655] STDERR:     at Socket.connect (node:net:1341:5)
[05/Jul/2026:17:08:06 +0200] [upstream] [1889655] STDERR:     at connect (node:net:250:17)
[05/Jul/2026:17:08:06 +0200] [upstream] [1889655] STDERR:     at /home/groza-bot/www/node_modules/ioredis/built/connectors/StandaloneConnector.js:54:66
[05/Jul/2026:17:08:06 +0200] [upstream] [1889655] STDERR:     at process.processTicksAndRejections (node:internal/process/task_queues:85:11)
[05/Jul/2026:17:08:07 +0200] [upstream] [1889655] STDERR: [ioredis] Unhandled error event: Error: connect EINVAL //default:gQAAAAAAAbQnAAIgcDE2NDY2N2UyZmQ2ZGE0OTJmYmI0ZjUxMzQxNDc0YjljYw@valued-lion-111655.upstash.io:6379%22 - Local (undefined:undefined)
[05/Jul/2026:17:08:07 +0200] [upstream] [1889655] STDERR:     at internalConnect (node:net:1170:16)
[05/Jul/2026:17:08:07 +0200] [upstream] [1889655] STDERR:     at defaultTriggerAsyncIdScope (node:internal/async_hooks:472:18)
[05/Jul/2026:17:08:07 +0200] [upstream] [1889655] STDERR:     at Socket.connect (node:net:1341:5)
[05/Jul/2026:17:08:07 +0200] [upstream] [1889655] STDERR:     at connect (node:net:250:17)
[05/Jul/2026:17:08:07 +0200] [upstream] [1889655] STDERR:     at /home/groza-bot/www/node_modules/ioredis/built/connectors/StandaloneConnector.js:54:66
[05/Jul/2026:17:08:07 +0200] [upstream] [1889655] STDERR:     at process.processTicksAndRejections (node:internal/process/task_queues:85:11)
[05/Jul/2026:17:08:09 +0200] [upstream] [1889655] STDERR: [ioredis] Unhandled error event: Error: connect EINVAL //default:gQAAAAAAAbQnAAIgcDE2NDY2N2UyZmQ2ZGE0OTJmYmI0ZjUxMzQxNDc0YjljYw@valued-lion-111655.upstash.io:6379%22 - Local (undefined:undefined)
[05/Jul/2026:17:08:09 +0200] [upstream] [1889655] STDERR:     at internalConnect (node:net:1170:16)
[05/Jul/2026:17:08:09 +0200] [upstream] [1889655] STDERR:     at defaultTriggerAsyncIdScope (node:internal/async_hooks:472:18)
[05/Jul/2026:17:08:09 +0200] [upstream] [1889655] STDERR:     at Socket.connect (node:net:1341:5)
[05/Jul/2026:17:08:09 +0200] [upstream] [1889655] STDERR:     at connect (node:net:250:17)
[05/Jul/2026:17:08:09 +0200] [upstream] [1889655] STDERR:     at /home/groza-bot/www/node_modules/ioredis/built/connectors/StandaloneConnector.js:54:66
[05/Jul/2026:17:08:09 +0200] [upstream] [1889655] STDERR:     at process.processTicksAndRejections (node:internal/process/task_queues:85:11)
[05/Jul/2026:17:08:10 +0200] [upstream] [1889655] STDERR: [ioredis] Unhandled error event: Error: connect EINVAL //default:gQAAAAAAAbQnAAIgcDE2NDY2N2UyZmQ2ZGE0OTJmYmI0ZjUxMzQxNDc0YjljYw@valued-lion-111655.upstash.io:6379%22 - Local (undefined:undefined)
[05/Jul/2026:17:08:10 +0200] [upstream] [1889655] STDERR:     at internalConnect (node:net:1170:16)
[05/Jul/2026:17:08:10 +0200] [upstream] [1889655] STDERR:     at defaultTriggerAsyncIdScope (node:internal/async_hooks:472:18)
[05/Jul/2026:17:08:10 +0200] [upstream] [1889655] STDERR:     at Socket.connect (node:net:1341:5)
[05/Jul/2026:17:08:10 +0200] [upstream] [1889655] STDERR:     at connect (node:net:250:17)
[05/Jul/2026:17:08:10 +0200] [upstream] [1889655] STDERR:     at /home/groza-bot/www/node_modules/ioredis/built/connectors/StandaloneConnector.js:54:66
[05/Jul/2026:17:08:10 +0200] [upstream] [1889655] STDERR:     at process.processTicksAndRejections (node:internal/process/task_queues:85:11)
[05/Jul/2026:17:08:12 +0200] [upstream] [1889655] STDERR: [ioredis] Unhandled error event: Error: connect EINVAL //default:gQAAAAAAAbQnAAIgcDE2NDY2N2UyZmQ2ZGE0OTJmYmI0ZjUxMzQxNDc0YjljYw@valued-lion-111655.upstash.io:6379%22 - Local (undefined:undefined)
[05/Jul/2026:17:08:12 +0200] [upstream] [1889655] STDERR:     at internalConnect (node:net:1170:16)
[05/Jul/2026:17:08:12 +0200] [upstream] [1889655] STDERR:     at defaultTriggerAsyncIdScope (node:internal/async_hooks:472:18)
[05/Jul/2026:17:08:12 +0200] [upstream] [1889655] STDERR:     at Socket.connect (node:net:1341:5)
[05/Jul/2026:17:08:12 +0200] [upstream] [1889655] STDERR:     at connect (node:net:250:17)
[05/Jul/2026:17:08:12 +0200] [upstream] [1889655] STDERR:     at /home/groza-bot/www/node_modules/ioredis/built/connectors/StandaloneConnector.js:54:66
[05/Jul/2026:17:08:12 +0200] [upstream] [1889655] STDERR:     at process.processTicksAndRejections (node:internal/process/task_queues:85:11)
[05/Jul/2026:17:08:14 +0200] [upstream] [1889655] STDERR: [ioredis] Unhandled error event: Error: connect EINVAL //default:gQAAAAAAAbQnAAIgcDE2NDY2N2UyZmQ2ZGE0OTJmYmI0ZjUxMzQxNDc0YjljYw@valued-lion-111655.upstash.io:6379%22 - Local (undefined:undefined)
[05/Jul/2026:17:08:14 +0200] [upstream] [1889655] STDERR:     at internalConnect (node:net:1170:16)
[05/Jul/2026:17:08:14 +0200] [upstream] [1889655] STDERR:     at defaultTriggerAsyncIdScope (node:internal/async_hooks:472:18)
[05/Jul/2026:17:08:14 +0200] [upstream] [1889655] STDERR:     at Socket.connect (node:net:1341:5)
[05/Jul/2026:17:08:14 +0200] [upstream] [1889655] STDERR:     at connect (node:net:250:17)
[05/Jul/2026:17:08:14 +0200] [upstream] [1889655] STDERR:     at /home/groza-bot/www/node_modules/ioredis/built/connectors/StandaloneConnector.js:54:66
[05/Jul/2026:17:08:14 +0200] [upstream] [1889655] STDERR:     at process.processTicksAndRejections (node:internal/process/task_queues:85:11)
[05/Jul/2026:17:08:16 +0200] [upstream] [1889655] STDERR: [ioredis] Unhandled error event: Error: connect EINVAL //default:gQAAAAAAAbQnAAIgcDE2NDY2N2UyZmQ2ZGE0OTJmYmI0ZjUxMzQxNDc0YjljYw@valued-lion-111655.upstash.io:6379%22 - Local (undefined:undefined)
[05/Jul/2026:17:08:16 +0200] [upstream] [1889655] STDERR:     at internalConnect (node:net:1170:16)
[05/Jul/2026:17:08:16 +0200] [upstream] [1889655] STDERR:     at defaultTriggerAsyncIdScope (node:internal/async_hooks:472:18)
[05/Jul/2026:17:08:16 +0200] [upstream] [1889655] STDERR:     at Socket.connect (node:net:1341:5)
[05/Jul/2026:17:08:16 +0200] [upstream] [1889655] STDERR:     at connect (node:net:250:17)
[05/Jul/2026:17:08:16 +0200] [upstream] [1889655] STDERR:     at /home/groza-bot/www/node_modules/ioredis/built/connectors/StandaloneConnector.js:54:66
[05/Jul/2026:17:08:16 +0200] [upstream] [1889655] STDERR:     at process.processTicksAndRejections (node:internal/process/task_queues:85:11)
[05/Jul/2026:17:08:18 +0200] [upstream] [1889655] STDERR: [ioredis] Unhandled error event: Error: connect EINVAL //default:gQAAAAAAAbQnAAIgcDE2NDY2N2UyZmQ2ZGE0OTJmYmI0ZjUxMzQxNDc0YjljYw@valued-lion-111655.upstash.io:6379%22 - Local (undefined:undefined)
[05/Jul/2026:17:08:18 +0200] [upstream] [1889655] STDERR:     at internalConnect (node:net:1170:16)
[05/Jul/2026:17:08:18 +0200] [upstream] [1889655] STDERR:     at defaultTriggerAsyncIdScope (node:internal/async_hooks:472:18)
[05/Jul/2026:17:08:18 +0200] [upstream] [1889655] STDERR:     at Socket.connect (node:net:1341:5)
[05/Jul/2026:17:08:18 +0200] [upstream] [1889655] STDERR:     at connect (node:net:250:17)
[05/Jul/2026:17:08:18 +0200] [upstream] [1889655] STDERR:     at /home/groza-bot/www/node_modules/ioredis/built/connectors/StandaloneConnector.js:54:66
[05/Jul/2026:17:08:18 +0200] [upstream] [1889655] STDERR:     at process.processTicksAndRejections (node:internal/process/task_queues:85:11)
[05/Jul/2026:17:08:19 +0200] [upstream] [1889655] STDERR: Error: connect EINVAL %22rediss://default:gQAAAAAAAbQnAAIgcDE2NDY2N2UyZmQ2ZGE0OTJmYmI0ZjUxMzQxNDc0YjljYw@valued-lion-111655.upstash.io:6379%22 - Local (undefined:undefined)
[05/Jul/2026:17:08:19 +0200] [upstream] [1889655] STDERR:     at internalConnect (node:net:1170:16)
[05/Jul/2026:17:08:19 +0200] [upstream] [1889655] STDERR:     at defaultTriggerAsyncIdScope (node:internal/async_hooks:472:18)
[05/Jul/2026:17:08:19 +0200] [upstream] [1889655] STDERR:     at Socket.connect (node:net:1341:5)
[05/Jul/2026:17:08:19 +0200] [upstream] [1889655] STDERR:     at connect (node:net:250:17)
[05/Jul/2026:17:08:19 +0200] [upstream] [1889655] STDERR:     at /home/groza-bot/www/node_modules/bullmq/node_modules/ioredis/built/connectors/StandaloneConnector.js:54:66
[05/Jul/2026:17:08:19 +0200] [upstream] [1889655] STDERR:     at processTicksAndRejections (node:internal/process/task_queues:85:11)
[05/Jul/2026:17:08:19 +0200] [upstream] [1889655] STDERR:     at runNextTicks (node:internal/process/task_queues:69:3)
[05/Jul/2026:17:08:19 +0200] [upstream] [1889655] STDERR:     at listOnTimeout (node:internal/timers:567:9)
[05/Jul/2026:17:08:19 +0200] [upstream] [1889655] STDERR:     at process.processTimers (node:internal/timers:541:7) {
[05/Jul/2026:17:08:19 +0200] [upstream] [1889655] STDERR:   errno: -22,
[05/Jul/2026:17:08:19 +0200] [upstream] [1889655] STDERR:   code: 'EINVAL',
[05/Jul/2026:17:08:19 +0200] [upstream] [1889655] STDERR:   syscall: 'connect',
[05/Jul/2026:17:08:19 +0200] [upstream] [1889655] STDERR:   address: '%22rediss://default:gQAAAAAAAbQnAAIgcDE2NDY2N2UyZmQ2ZGE0OTJmYmI0ZjUxMzQxNDc0YjljYw@valued-lion-111655.upstash.io:6379%22'
[05/Jul/2026:17:08:19 +0200] [upstream] [1889655] STDERR: }
[05/Jul/2026:17:08:19 +0200] [upstream] [1889655] STDERR: Error: connect EINVAL %22rediss://default:gQAAAAAAAbQnAAIgcDE2NDY2N2UyZmQ2ZGE0OTJmYmI0ZjUxMzQxNDc0YjljYw@valued-lion-111655.upstash.io:6379%22 - Local (undefined:undefined)
[05/Jul/2026:17:08:19 +0200] [upstream] [1889655] STDERR:     at internalConnect (node:net:1170:16)
[05/Jul/2026:17:08:19 +0200] [upstream] [1889655] STDERR:     at defaultTriggerAsyncIdScope (node:internal/async_hooks:472:18)
[05/Jul/2026:17:08:19 +0200] [upstream] [1889655] STDERR:     at Socket.connect (node:net:1341:5)
[05/Jul/2026:17:08:19 +0200] [upstream] [1889655] STDERR:     at connect (node:net:250:17)
[05/Jul/2026:17:08:19 +0200] [upstream] [1889655] STDERR:     at /home/groza-bot/www/node_modules/bullmq/node_modules/ioredis/built/connectors/StandaloneConnector.js:54:66
[05/Jul/2026:17:08:19 +0200] [upstream] [1889655] STDERR:     at processTicksAndRejections (node:internal/process/task_queues:85:11)
[05/Jul/2026:17:08:19 +0200] [upstream] [1889655] STDERR:     at runNextTicks (node:internal/process/task_queues:69:3)
[05/Jul/2026:17:08:19 +0200] [upstream] [1889655] STDERR:     at listOnTimeout (node:internal/timers:567:9)
[05/Jul/2026:17:08:19 +0200] [upstream] [1889655] STDERR:     at process.processTimers (node:internal/timers:541:7) {
[05/Jul/2026:17:08:19 +0200] [upstream] [1889655] STDERR:   errno: -22,
[05/Jul/2026:17:08:19 +0200] [upstream] [1889655] STDERR:   code: 'EINVAL',
[05/Jul/2026:17:08:19 +0200] [upstream] [1889655] STDERR:   syscall: 'connect',
[05/Jul/2026:17:08:19 +0200] [upstream] [1889655] STDERR:   address: '%22rediss://default:gQAAAAAAAbQnAAIgcDE2NDY2N2UyZmQ2ZGE0OTJmYmI0ZjUxMzQxNDc0YjljYw@valued-lion-111655.upstash.io:6379%22'
[05/Jul/2026:17:08:19 +0200] [upstream] [1889655] STDERR: }
[05/Jul/2026:17:08:19 +0200] [upstream] [1889655] STDERR: Error: connect EINVAL %22rediss://default:gQAAAAAAAbQnAAIgcDE2NDY2N2UyZmQ2ZGE0OTJmYmI0ZjUxMzQxNDc0YjljYw@valued-lion-111655.upstash.io:6379%22 - Local (undefined:undefined)
[05/Jul/2026:17:08:19 +0200] [upstream] [1889655] STDERR:     at internalConnect (node:net:1170:16)
[05/Jul/2026:17:08:19 +0200] [upstream] [1889655] STDERR:     at defaultTriggerAsyncIdScope (node:internal/async_hooks:472:18)
[05/Jul/2026:17:08:19 +0200] [upstream] [1889655] STDERR:     at Socket.connect (node:net:1341:5)
[05/Jul/2026:17:08:19 +0200] [upstream] [1889655] STDERR:     at connect (node:net:250:17)
[05/Jul/2026:17:08:19 +0200] [upstream] [1889655] STDERR:     at /home/groza-bot/www/node_modules/bullmq/node_modules/ioredis/built/connectors/StandaloneConnector.js:54:66
[05/Jul/2026:17:08:19 +0200] [upstream] [1889655] STDERR:     at process.processTicksAndRejections (node:internal/process/task_queues:85:11) {
[05/Jul/2026:17:08:19 +0200] [upstream] [1889655] STDERR:   errno: -22,
[05/Jul/2026:17:08:19 +0200] [upstream] [1889655] STDERR:   code: 'EINVAL',
[05/Jul/2026:17:08:19 +0200] [upstream] [1889655] STDERR:   syscall: 'connect',
[05/Jul/2026:17:08:19 +0200] [upstream] [1889655] STDERR:   address: '%22rediss://default:gQAAAAAAAbQnAAIgcDE2NDY2N2UyZmQ2ZGE0OTJmYmI0ZjUxMzQxNDc0YjljYw@valued-lion-111655.upstash.io:6379%22'
[05/Jul/2026:17:08:19 +0200] [upstream] [1889655] STDERR: }
[05/Jul/2026:17:08:20 +0200] [upstream] [1889655] STDERR: [ioredis] Unhandled error event: Error: connect EINVAL //default:gQAAAAAAAbQnAAIgcDE2NDY2N2UyZmQ2ZGE0OTJmYmI0ZjUxMzQxNDc0YjljYw@valued-lion-111655.upstash.io:6379%22 - Local (undefined:undefined)
[05/Jul/2026:17:08:20 +0200] [upstream] [1889655] STDERR:     at internalConnect (node:net:1170:16)
[05/Jul/2026:17:08:20 +0200] [upstream] [1889655] STDERR:     at defaultTriggerAsyncIdScope (node:internal/async_hooks:472:18)
[05/Jul/2026:17:08:20 +0200] [upstream] [1889655] STDERR:     at Socket.connect (node:net:1341:5)
[05/Jul/2026:17:08:20 +0200] [upstream] [1889655] STDERR:     at connect (node:net:250:17)
[05/Jul/2026:17:08:20 +0200] [upstream] [1889655] STDERR:     at /home/groza-bot/www/node_modules/ioredis/built/connectors/StandaloneConnector.js:54:66
[05/Jul/2026:17:08:20 +0200] [upstream] [1889655] STDERR:     at process.processTicksAndRejections (node:internal/process/task_queues:85:11)
[05/Jul/2026:17:08:22 +0200] [upstream] [1889655] STDERR: [ioredis] Unhandled error event: Error: connect EINVAL //default:gQAAAAAAAbQnAAIgcDE2NDY2N2UyZmQ2ZGE0OTJmYmI0ZjUxMzQxNDc0YjljYw@valued-lion-111655.upstash.io:6379%22 - Local (undefined:undefined)
[05/Jul/2026:17:08:22 +0200] [upstream] [1889655] STDERR:     at internalConnect (node:net:1170:16)
[05/Jul/2026:17:08:22 +0200] [upstream] [1889655] STDERR:     at defaultTriggerAsyncIdScope (node:internal/async_hooks:472:18)
[05/Jul/2026:17:08:22 +0200] [upstream] [1889655] STDERR:     at Socket.connect (node:net:1341:5)
[05/Jul/2026:17:08:22 +0200] [upstream] [1889655] STDERR:     at connect (node:net:250:17)
[05/Jul/2026:17:08:22 +0200] [upstream] [1889655] STDERR:     at /home/groza-bot/www/node_modules/ioredis/built/connectors/StandaloneConnector.js:54:66
[05/Jul/2026:17:08:22 +0200] [upstream] [1889655] STDERR:     at process.processTicksAndRejections (node:internal/process/task_queues:85:11)
[05/Jul/2026:17:08:24 +0200] [upstream] [1889655] STDERR: [ioredis] Unhandled error event: Error: connect EINVAL //default:gQAAAAAAAbQnAAIgcDE2NDY2N2UyZmQ2ZGE0OTJmYmI0ZjUxMzQxNDc0YjljYw@valued-lion-111655.upstash.io:6379%22 - Local (undefined:undefined)
[05/Jul/2026:17:08:24 +0200] [upstream] [1889655] STDERR:     at internalConnect (node:net:1170:16)
[05/Jul/2026:17:08:24 +0200] [upstream] [1889655] STDERR:     at defaultTriggerAsyncIdScope (node:internal/async_hooks:472:18)
[05/Jul/2026:17:08:24 +0200] [upstream] [1889655] STDERR:     at Socket.connect (node:net:1341:5)
[05/Jul/2026:17:08:24 +0200] [upstream] [1889655] STDERR:     at connect (node:net:250:17)
[05/Jul/2026:17:08:24 +0200] [upstream] [1889655] STDERR:     at /home/groza-bot/www/node_modules/ioredis/built/connectors/StandaloneConnector.js:54:66
[05/Jul/2026:17:08:24 +0200] [upstream] [1889655] STDERR:     at process.processTicksAndRejections (node:internal/process/task_queues:85:11)
[05/Jul/2026:17:08:26 +0200] [upstream] [1889655] STDERR: [ioredis] Unhandled error event: Error: connect EINVAL //default:gQAAAAAAAbQnAAIgcDE2NDY2N2UyZmQ2ZGE0OTJmYmI0ZjUxMzQxNDc0YjljYw@valued-lion-111655.upstash.io:6379%22 - Local (undefined:undefined)
[05/Jul/2026:17:08:26 +0200] [upstream] [1889655] STDERR:     at internalConnect (node:net:1170:16)
[05/Jul/2026:17:08:26 +0200] [upstream] [1889655] STDERR:     at defaultTriggerAsyncIdScope (node:internal/async_hooks:472:18)
[05/Jul/2026:17:08:26 +0200] [upstream] [1889655] STDERR:     at Socket.connect (node:net:1341:5)
[05/Jul/2026:17:08:26 +0200] [upstream] [1889655] STDERR:     at connect (node:net:250:17)
[05/Jul/2026:17:08:26 +0200] [upstream] [1889655] STDERR:     at /home/groza-bot/www/node_modules/ioredis/built/connectors/StandaloneConnector.js:54:66
[05/Jul/2026:17:08:26 +0200] [upstream] [1889655] STDERR:     at process.processTicksAndRejections (node:internal/process/task_queues:85:11)
[05/Jul/2026:17:08:28 +0200] [upstream] [1889655] STDERR: [ioredis] Unhandled error event: Error: connect EINVAL //default:gQAAAAAAAbQnAAIgcDE2NDY2N2UyZmQ2ZGE0OTJmYmI0ZjUxMzQxNDc0YjljYw@valued-lion-111655.upstash.io:6379%22 - Local (undefined:undefined)
[05/Jul/2026:17:08:28 +0200] [upstream] [1889655] STDERR:     at internalConnect (node:net:1170:16)
[05/Jul/2026:17:08:28 +0200] [upstream] [1889655] STDERR:     at defaultTriggerAsyncIdScope (node:internal/async_hooks:472:18)
[05/Jul/2026:17:08:28 +0200] [upstream] [1889655] STDERR:     at Socket.connect (node:net:1341:5)
[05/Jul/2026:17:08:28 +0200] [upstream] [1889655] STDERR:     at connect (node:net:250:17)
[05/Jul/2026:17:08:28 +0200] [upstream] [1889655] STDERR:     at /home/groza-bot/www/node_modules/ioredis/built/connectors/StandaloneConnector.js:54:66
[05/Jul/2026:17:08:28 +0200] [upstream] [1889655] STDERR:     at process.processTicksAndRejections (node:internal/process/task_queues:85:11)
[05/Jul/2026:17:08:30 +0200] [upstream] [1889655] STDERR: [ioredis] Unhandled error event: Error: connect EINVAL //default:gQAAAAAAAbQnAAIgcDE2NDY2N2UyZmQ2ZGE0OTJmYmI0ZjUxMzQxNDc0YjljYw@valued-lion-111655.upstash.io:6379%22 - Local (undefined:undefined)
[05/Jul/2026:17:08:30 +0200] [upstream] [1889655] STDERR:     at internalConnect (node:net:1170:16)
[05/Jul/2026:17:08:30 +0200] [upstream] [1889655] STDERR:     at defaultTriggerAsyncIdScope (node:internal/async_hooks:472:18)
[05/Jul/2026:17:08:30 +0200] [upstream] [1889655] STDERR:     at Socket.connect (node:net:1341:5)
[05/Jul/2026:17:08:30 +0200] [upstream] [1889655] STDERR:     at connect (node:net:250:17)
[05/Jul/2026:17:08:30 +0200] [upstream] [1889655] STDERR:     at /home/groza-bot/www/node_modules/ioredis/built/connectors/StandaloneConnector.js:54:66
[05/Jul/2026:17:08:30 +0200] [upstream] [1889655] STDERR:     at process.processTicksAndRejections (node:internal/process/task_queues:85:11)
[05/Jul/2026:17:08:32 +0200] [upstream] [1889655] STDERR: [ioredis] Unhandled error event: Error: connect EINVAL //default:gQAAAAAAAbQnAAIgcDE2NDY2N2UyZmQ2ZGE0OTJmYmI0ZjUxMzQxNDc0YjljYw@valued-lion-111655.upstash.io:6379%22 - Local (undefined:undefined)
[05/Jul/2026:17:08:32 +0200] [upstream] [1889655] STDERR:     at internalConnect (node:net:1170:16)
[05/Jul/2026:17:08:32 +0200] [upstream] [1889655] STDERR:     at defaultTriggerAsyncIdScope (node:internal/async_hooks:472:18)
[05/Jul/2026:17:08:32 +0200] [upstream] [1889655] STDERR:     at Socket.connect (node:net:1341:5)
[05/Jul/2026:17:08:32 +0200] [upstream] [1889655] STDERR:     at connect (node:net:250:17)
[05/Jul/2026:17:08:32 +0200] [upstream] [1889655] STDERR:     at /home/groza-bot/www/node_modules/ioredis/built/connectors/StandaloneConnector.js:54:66
[05/Jul/2026:17:08:32 +0200] [upstream] [1889655] STDERR:     at process.processTicksAndRejections (node:internal/process/task_queues:85:11)
[05/Jul/2026:17:08:34 +0200] [upstream] [1889655] STDERR: [ioredis] Unhandled error event: Error: connect EINVAL //default:gQAAAAAAAbQnAAIgcDE2NDY2N2UyZmQ2ZGE0OTJmYmI0ZjUxMzQxNDc0YjljYw@valued-lion-111655.upstash.io:6379%22 - Local (undefined:undefined)
[05/Jul/2026:17:08:34 +0200] [upstream] [1889655] STDERR:     at internalConnect (node:net:1170:16)
[05/Jul/2026:17:08:34 +0200] [upstream] [1889655] STDERR:     at defaultTriggerAsyncIdScope (node:internal/async_hooks:472:18)
[05/Jul/2026:17:08:34 +0200] [upstream] [1889655] STDERR:     at Socket.connect (node:net:1341:5)
[05/Jul/2026:17:08:34 +0200] [upstream] [1889655] STDERR:     at connect (node:net:250:17)
[05/Jul/2026:17:08:34 +0200] [upstream] [1889655] STDERR:     at /home/groza-bot/www/node_modules/ioredis/built/connectors/StandaloneConnector.js:54:66
[05/Jul/2026:17:08:34 +0200] [upstream] [1889655] STDERR:     at process.processTicksAndRejections (node:internal/process/task_queues:85:11)
[05/Jul/2026:17:08:36 +0200] [upstream] [1889655] STDERR: [ioredis] Unhandled error event: Error: connect EINVAL //default:gQAAAAAAAbQnAAIgcDE2NDY2N2UyZmQ2ZGE0OTJmYmI0ZjUxMzQxNDc0YjljYw@valued-lion-111655.upstash.io:6379%22 - Local (undefined:undefined)
[05/Jul/2026:17:08:36 +0200] [upstream] [1889655] STDERR:     at internalConnect (node:net:1170:16)
[05/Jul/2026:17:08:36 +0200] [upstream] [1889655] STDERR:     at defaultTriggerAsyncIdScope (node:internal/async_hooks:472:18)
[05/Jul/2026:17:08:36 +0200] [upstream] [1889655] STDERR:     at Socket.connect (node:net:1341:5)
[05/Jul/2026:17:08:36 +0200] [upstream] [1889655] STDERR:     at connect (node:net:250:17)
[05/Jul/2026:17:08:36 +0200] [upstream] [1889655] STDERR:     at /home/groza-bot/www/node_modules/ioredis/built/connectors/StandaloneConnector.js:54:66
[05/Jul/2026:17:08:36 +0200] [upstream] [1889655] STDERR:     at process.processTicksAndRejections (node:internal/process/task_queues:85:11)
[05/Jul/2026:17:08:38 +0200] [upstream] [1889655] STDERR: [ioredis] Unhandled error event: Error: connect EINVAL //default:gQAAAAAAAbQnAAIgcDE2NDY2N2UyZmQ2ZGE0OTJmYmI0ZjUxMzQxNDc0YjljYw@valued-lion-111655.upstash.io:6379%22 - Local (undefined:undefined)
[05/Jul/2026:17:08:38 +0200] [upstream] [1889655] STDERR:     at internalConnect (node:net:1170:16)
[05/Jul/2026:17:08:38 +0200] [upstream] [1889655] STDERR:     at defaultTriggerAsyncIdScope (node:internal/async_hooks:472:18)
[05/Jul/2026:17:08:38 +0200] [upstream] [1889655] STDERR:     at Socket.connect (node:net:1341:5)
[05/Jul/2026:17:08:38 +0200] [upstream] [1889655] STDERR:     at connect (node:net:250:17)
[05/Jul/2026:17:08:38 +0200] [upstream] [1889655] STDERR:     at /home/groza-bot/www/node_modules/ioredis/built/connectors/StandaloneConnector.js:54:66
[05/Jul/2026:17:08:38 +0200] [upstream] [1889655] STDERR:     at process.processTicksAndRejections (node:internal/process/task_queues:85:11)
[05/Jul/2026:17:08:39 +0200] [upstream] [1889655] STDERR: Error: connect EINVAL %22rediss://default:gQAAAAAAAbQnAAIgcDE2NDY2N2UyZmQ2ZGE0OTJmYmI0ZjUxMzQxNDc0YjljYw@valued-lion-111655.upstash.io:6379%22 - Local (undefined:undefined)
[05/Jul/2026:17:08:39 +0200] [upstream] [1889655] STDERR:     at internalConnect (node:net:1170:16)
[05/Jul/2026:17:08:39 +0200] [upstream] [1889655] STDERR:     at defaultTriggerAsyncIdScope (node:internal/async_hooks:472:18)
[05/Jul/2026:17:08:39 +0200] [upstream] [1889655] STDERR:     at Socket.connect (node:net:1341:5)
[05/Jul/2026:17:08:39 +0200] [upstream] [1889655] STDERR:     at connect (node:net:250:17)
[05/Jul/2026:17:08:39 +0200] [upstream] [1889655] STDERR:     at /home/groza-bot/www/node_modules/bullmq/node_modules/ioredis/built/connectors/StandaloneConnector.js:54:66
[05/Jul/2026:17:08:39 +0200] [upstream] [1889655] STDERR:     at processTicksAndRejections (node:internal/process/task_queues:85:11)
[05/Jul/2026:17:08:39 +0200] [upstream] [1889655] STDERR:     at runNextTicks (node:internal/process/task_queues:69:3)
[05/Jul/2026:17:08:39 +0200] [upstream] [1889655] STDERR:     at listOnTimeout (node:internal/timers:567:9)
[05/Jul/2026:17:08:39 +0200] [upstream] [1889655] STDERR:     at process.processTimers (node:internal/timers:541:7) {
[05/Jul/2026:17:08:39 +0200] [upstream] [1889655] STDERR:   errno: -22,
[05/Jul/2026:17:08:39 +0200] [upstream] [1889655] STDERR:   code: 'EINVAL',
[05/Jul/2026:17:08:39 +0200] [upstream] [1889655] STDERR:   syscall: 'connect',
[05/Jul/2026:17:08:39 +0200] [upstream] [1889655] STDERR:   address: '%22rediss://default:gQAAAAAAAbQnAAIgcDE2NDY2N2UyZmQ2ZGE0OTJmYmI0ZjUxMzQxNDc0YjljYw@valued-lion-111655.upstash.io:6379%22'
[05/Jul/2026:17:08:39 +0200] [upstream] [1889655] STDERR: }
[05/Jul/2026:17:08:39 +0200] [upstream] [1889655] STDERR: Error: connect EINVAL %22rediss://default:gQAAAAAAAbQnAAIgcDE2NDY2N2UyZmQ2ZGE0OTJmYmI0ZjUxMzQxNDc0YjljYw@valued-lion-111655.upstash.io:6379%22 - Local (undefined:undefined)
[05/Jul/2026:17:08:39 +0200] [upstream] [1889655] STDERR:     at internalConnect (node:net:1170:16)
[05/Jul/2026:17:08:39 +0200] [upstream] [1889655] STDERR:     at defaultTriggerAsyncIdScope (node:internal/async_hooks:472:18)
[05/Jul/2026:17:08:39 +0200] [upstream] [1889655] STDERR:     at Socket.connect (node:net:1341:5)
[05/Jul/2026:17:08:39 +0200] [upstream] [1889655] STDERR:     at connect (node:net:250:17)
[05/Jul/2026:17:08:39 +0200] [upstream] [1889655] STDERR:     at /home/groza-bot/www/node_modules/bullmq/node_modules/ioredis/built/connectors/StandaloneConnector.js:54:66
[05/Jul/2026:17:08:39 +0200] [upstream] [1889655] STDERR:     at processTicksAndRejections (node:internal/process/task_queues:85:11)
[05/Jul/2026:17:08:39 +0200] [upstream] [1889655] STDERR:     at runNextTicks (node:internal/process/task_queues:69:3)
[05/Jul/2026:17:08:39 +0200] [upstream] [1889655] STDERR:     at listOnTimeout (node:internal/timers:567:9)
[05/Jul/2026:17:08:39 +0200] [upstream] [1889655] STDERR:     at process.processTimers (node:internal/timers:541:7) {
[05/Jul/2026:17:08:39 +0200] [upstream] [1889655] STDERR:   errno: -22,
[05/Jul/2026:17:08:39 +0200] [upstream] [1889655] STDERR:   code: 'EINVAL',
[05/Jul/2026:17:08:39 +0200] [upstream] [1889655] STDERR:   syscall: 'connect',
[05/Jul/2026:17:08:39 +0200] [upstream] [1889655] STDERR:   address: '%22rediss://default:gQAAAAAAAbQnAAIgcDE2NDY2N2UyZmQ2ZGE0OTJmYmI0ZjUxMzQxNDc0YjljYw@valued-lion-111655.upstash.io:6379%22'
[05/Jul/2026:17:08:39 +0200] [upstream] [1889655] STDERR: }
[05/Jul/2026:17:08:39 +0200] [upstream] [1889655] STDERR: Error: connect EINVAL %22rediss://default:gQAAAAAAAbQnAAIgcDE2NDY2N2UyZmQ2ZGE0OTJmYmI0ZjUxMzQxNDc0YjljYw@valued-lion-111655.upstash.io:6379%22 - Local (undefined:undefined)
[05/Jul/2026:17:08:39 +0200] [upstream] [1889655] STDERR:     at internalConnect (node:net:1170:16)
[05/Jul/2026:17:08:39 +0200] [upstream] [1889655] STDERR:     at defaultTriggerAsyncIdScope (node:internal/async_hooks:472:18)
[05/Jul/2026:17:08:39 +0200] [upstream] [1889655] STDERR:     at Socket.connect (node:net:1341:5)
[05/Jul/2026:17:08:39 +0200] [upstream] [1889655] STDERR:     at connect (node:net:250:17)
[05/Jul/2026:17:08:39 +0200] [upstream] [1889655] STDERR:     at /home/groza-bot/www/node_modules/bullmq/node_modules/ioredis/built/connectors/StandaloneConnector.js:54:66
[05/Jul/2026:17:08:39 +0200] [upstream] [1889655] STDERR:     at process.processTicksAndRejections (node:internal/process/task_queues:85:11) {
[05/Jul/2026:17:08:39 +0200] [upstream] [1889655] STDERR:   errno: -22,
[05/Jul/2026:17:08:39 +0200] [upstream] [1889655] STDERR:   code: 'EINVAL',
[05/Jul/2026:17:08:39 +0200] [upstream] [1889655] STDERR:   syscall: 'connect',
[05/Jul/2026:17:08:39 +0200] [upstream] [1889655] STDERR:   address: '%22rediss://default:gQAAAAAAAbQnAAIgcDE2NDY2N2UyZmQ2ZGE0OTJmYmI0ZjUxMzQxNDc0YjljYw@valued-lion-111655.upstash.io:6379%22'
[05/Jul/2026:17:08:39 +0200] [upstream] [1889655] STDERR: }
[05/Jul/2026:17:08:40 +0200] [upstream] [1889655] STDERR: [ioredis] Unhandled error event: Error: connect EINVAL //default:gQAAAAAAAbQnAAIgcDE2NDY2N2UyZmQ2ZGE0OTJmYmI0ZjUxMzQxNDc0YjljYw@valued-lion-111655.upstash.io:6379%22 - Local (undefined:undefined)
[05/Jul/2026:17:08:40 +0200] [upstream] [1889655] STDERR:     at internalConnect (node:net:1170:16)
[05/Jul/2026:17:08:40 +0200] [upstream] [1889655] STDERR:     at defaultTriggerAsyncIdScope (node:internal/async_hooks:472:18)
[05/Jul/2026:17:08:40 +0200] [upstream] [1889655] STDERR:     at Socket.connect (node:net:1341:5)
[05/Jul/2026:17:08:40 +0200] [upstream] [1889655] STDERR:     at connect (node:net:250:17)
[05/Jul/2026:17:08:40 +0200] [upstream] [1889655] STDERR:     at /home/groza-bot/www/node_modules/ioredis/built/connectors/StandaloneConnector.js:54:66
[05/Jul/2026:17:08:40 +0200] [upstream] [1889655] STDERR:     at process.processTicksAndRejections (node:internal/process/task_queues:85:11)
[05/Jul/2026:17:08:42 +0200] [upstream] [1889655] STDERR: [ioredis] Unhandled error event: Error: connect EINVAL //default:gQAAAAAAAbQnAAIgcDE2NDY2N2UyZmQ2ZGE0OTJmYmI0ZjUxMzQxNDc0YjljYw@valued-lion-111655.upstash.io:6379%22 - Local (undefined:undefined)
[05/Jul/2026:17:08:42 +0200] [upstream] [1889655] STDERR:     at internalConnect (node:net:1170:16)
[05/Jul/2026:17:08:42 +0200] [upstream] [1889655] STDERR:     at defaultTriggerAsyncIdScope (node:internal/async_hooks:472:18)
[05/Jul/2026:17:08:42 +0200] [upstream] [1889655] STDERR:     at Socket.connect (node:net:1341:5)
[05/Jul/2026:17:08:42 +0200] [upstream] [1889655] STDERR:     at connect (node:net:250:17)
[05/Jul/2026:17:08:42 +0200] [upstream] [1889655] STDERR:     at /home/groza-bot/www/node_modules/ioredis/built/connectors/StandaloneConnector.js:54:66
[05/Jul/2026:17:08:42 +0200] [upstream] [1889655] STDERR:     at process.processTicksAndRejections (node:internal/process/task_queues:85:11)
[05/Jul/2026:17:08:44 +0200] [upstream] [1889655] STDERR: [ioredis] Unhandled error event: Error: connect EINVAL //default:gQAAAAAAAbQnAAIgcDE2NDY2N2UyZmQ2ZGE0OTJmYmI0ZjUxMzQxNDc0YjljYw@valued-lion-111655.upstash.io:6379%22 - Local (undefined:undefined)
[05/Jul/2026:17:08:44 +0200] [upstream] [1889655] STDERR:     at internalConnect (node:net:1170:16)
[05/Jul/2026:17:08:44 +0200] [upstream] [1889655] STDERR:     at defaultTriggerAsyncIdScope (node:internal/async_hooks:472:18)
[05/Jul/2026:17:08:44 +0200] [upstream] [1889655] STDERR:     at Socket.connect (node:net:1341:5)
[05/Jul/2026:17:08:44 +0200] [upstream] [1889655] STDERR:     at connect (node:net:250:17)
[05/Jul/2026:17:08:44 +0200] [upstream] [1889655] STDERR:     at /home/groza-bot/www/node_modules/ioredis/built/connectors/StandaloneConnector.js:54:66
[05/Jul/2026:17:08:44 +0200] [upstream] [1889655] STDERR:     at process.processTicksAndRejections (node:internal/process/task_queues:85:11)
[05/Jul/2026:17:08:46 +0200] [upstream] [1889655] STDERR: [ioredis] Unhandled error event: Error: connect EINVAL //default:gQAAAAAAAbQnAAIgcDE2NDY2N2UyZmQ2ZGE0OTJmYmI0ZjUxMzQxNDc0YjljYw@valued-lion-111655.upstash.io:6379%22 - Local (undefined:undefined)
[05/Jul/2026:17:08:46 +0200] [upstream] [1889655] STDERR:     at internalConnect (node:net:1170:16)
[05/Jul/2026:17:08:46 +0200] [upstream] [1889655] STDERR:     at defaultTriggerAsyncIdScope (node:internal/async_hooks:472:18)
[05/Jul/2026:17:08:46 +0200] [upstream] [1889655] STDERR:     at Socket.connect (node:net:1341:5)
[05/Jul/2026:17:08:46 +0200] [upstream] [1889655] STDERR:     at connect (node:net:250:17)
[05/Jul/2026:17:08:46 +0200] [upstream] [1889655] STDERR:     at /home/groza-bot/www/node_modules/ioredis/built/connectors/StandaloneConnector.js:54:66
[05/Jul/2026:17:08:46 +0200] [upstream] [1889655] STDERR:     at process.processTicksAndRejections (node:internal/process/task_queues:85:11)
[05/Jul/2026:17:08:48 +0200] [upstream] [1889655] STDERR: [ioredis] Unhandled error event: Error: connect EINVAL //default:gQAAAAAAAbQnAAIgcDE2NDY2N2UyZmQ2ZGE0OTJmYmI0ZjUxMzQxNDc0YjljYw@valued-lion-111655.upstash.io:6379%22 - Local (undefined:undefined)
[05/Jul/2026:17:08:48 +0200] [upstream] [1889655] STDERR:     at internalConnect (node:net:1170:16)
[05/Jul/2026:17:08:48 +0200] [upstream] [1889655] STDERR:     at defaultTriggerAsyncIdScope (node:internal/async_hooks:472:18)
[05/Jul/2026:17:08:48 +0200] [upstream] [1889655] STDERR:     at Socket.connect (node:net:1341:5)
[05/Jul/2026:17:08:48 +0200] [upstream] [1889655] STDERR:     at connect (node:net:250:17)
[05/Jul/2026:17:08:48 +0200] [upstream] [1889655] STDERR:     at /home/groza-bot/www/node_modules/ioredis/built/connectors/StandaloneConnector.js:54:66
[05/Jul/2026:17:08:48 +0200] [upstream] [1889655] STDERR:     at process.processTicksAndRejections (node:internal/process/task_queues:85:11)
[05/Jul/2026:17:08:50 +0200] [upstream] [1889655] STDERR: [ioredis] Unhandled error event: Error: connect EINVAL //default:gQAAAAAAAbQnAAIgcDE2NDY2N2UyZmQ2ZGE0OTJmYmI0ZjUxMzQxNDc0YjljYw@valued-lion-111655.upstash.io:6379%22 - Local (undefined:undefined)
[05/Jul/2026:17:08:50 +0200] [upstream] [1889655] STDERR:     at internalConnect (node:net:1170:16)
[05/Jul/2026:17:08:50 +0200] [upstream] [1889655] STDERR:     at defaultTriggerAsyncIdScope (node:internal/async_hooks:472:18)
[05/Jul/2026:17:08:50 +0200] [upstream] [1889655] STDERR:     at Socket.connect (node:net:1341:5)
[05/Jul/2026:17:08:50 +0200] [upstream] [1889655] STDERR:     at connect (node:net:250:17)
[05/Jul/2026:17:08:50 +0200] [upstream] [1889655] STDERR:     at /home/groza-bot/www/node_modules/ioredis/built/connectors/StandaloneConnector.js:54:66
[05/Jul/2026:17:08:50 +0200] [upstream] [1889655] STDERR:     at process.processTicksAndRejections (node:internal/process/task_queues:85:11)
[05/Jul/2026:17:08:52 +0200] [upstream] [1889655] STDERR: [ioredis] Unhandled error event: Error: connect EINVAL //default:gQAAAAAAAbQnAAIgcDE2NDY2N2UyZmQ2ZGE0OTJmYmI0ZjUxMzQxNDc0YjljYw@valued-lion-111655.upstash.io:6379%22 - Local (undefined:undefined)
[05/Jul/2026:17:08:52 +0200] [upstream] [1889655] STDERR:     at internalConnect (node:net:1170:16)
[05/Jul/2026:17:08:52 +0200] [upstream] [1889655] STDERR:     at defaultTriggerAsyncIdScope (node:internal/async_hooks:472:18)
[05/Jul/2026:17:08:52 +0200] [upstream] [1889655] STDERR:     at Socket.connect (node:net:1341:5)
[05/Jul/2026:17:08:52 +0200] [upstream] [1889655] STDERR:     at connect (node:net:250:17)
[05/Jul/2026:17:08:52 +0200] [upstream] [1889655] STDERR:     at /home/groza-bot/www/node_modules/ioredis/built/connectors/StandaloneConnector.js:54:66
[05/Jul/2026:17:08:52 +0200] [upstream] [1889655] STDERR:     at process.processTicksAndRejections (node:internal/process/task_queues:85:11)
[05/Jul/2026:17:08:54 +0200] [upstream] [1889655] STDERR: [ioredis] Unhandled error event: Error: connect EINVAL //default:gQAAAAAAAbQnAAIgcDE2NDY2N2UyZmQ2ZGE0OTJmYmI0ZjUxMzQxNDc0YjljYw@valued-lion-111655.upstash.io:6379%22 - Local (undefined:undefined)
[05/Jul/2026:17:08:54 +0200] [upstream] [1889655] STDERR:     at internalConnect (node:net:1170:16)
[05/Jul/2026:17:08:54 +0200] [upstream] [1889655] STDERR:     at defaultTriggerAsyncIdScope (node:internal/async_hooks:472:18)
[05/Jul/2026:17:08:54 +0200] [upstream] [1889655] STDERR:     at Socket.connect (node:net:1341:5)
[05/Jul/2026:17:08:54 +0200] [upstream] [1889655] STDERR:     at connect (node:net:250:17)
[05/Jul/2026:17:08:54 +0200] [upstream] [1889655] STDERR:     at /home/groza-bot/www/node_modules/ioredis/built/connectors/StandaloneConnector.js:54:66
[05/Jul/2026:17:08:54 +0200] [upstream] [1889655] STDERR:     at process.processTicksAndRejections (node:internal/process/task_queues:85:11)
[05/Jul/2026:17:08:56 +0200] [upstream] [1889655] STDERR: [ioredis] Unhandled error event: Error: connect EINVAL //default:gQAAAAAAAbQnAAIgcDE2NDY2N2UyZmQ2ZGE0OTJmYmI0ZjUxMzQxNDc0YjljYw@valued-lion-111655.upstash.io:6379%22 - Local (undefined:undefined)
[05/Jul/2026:17:08:56 +0200] [upstream] [1889655] STDERR:     at internalConnect (node:net:1170:16)
[05/Jul/2026:17:08:56 +0200] [upstream] [1889655] STDERR:     at defaultTriggerAsyncIdScope (node:internal/async_hooks:472:18)
[05/Jul/2026:17:08:56 +0200] [upstream] [1889655] STDERR:     at Socket.connect (node:net:1341:5)
[05/Jul/2026:17:08:56 +0200] [upstream] [1889655] STDERR:     at connect (node:net:250:17)
[05/Jul/2026:17:08:56 +0200] [upstream] [1889655] STDERR:     at /home/groza-bot/www/node_modules/ioredis/built/connectors/StandaloneConnector.js:54:66
[05/Jul/2026:17:08:56 +0200] [upstream] [1889655] STDERR:     at process.processTicksAndRejections (node:internal/process/task_queues:85:11)
[05/Jul/2026:17:08:58 +0200] [upstream] [1889655] STDERR: [ioredis] Unhandled error event: Error: connect EINVAL //default:gQAAAAAAAbQnAAIgcDE2NDY2N2UyZmQ2ZGE0OTJmYmI0ZjUxMzQxNDc0YjljYw@valued-lion-111655.upstash.io:6379%22 - Local (undefined:undefined)
[05/Jul/2026:17:08:58 +0200] [upstream] [1889655] STDERR:     at internalConnect (node:net:1170:16)
[05/Jul/2026:17:08:58 +0200] [upstream] [1889655] STDERR:     at defaultTriggerAsyncIdScope (node:internal/async_hooks:472:18)
[05/Jul/2026:17:08:58 +0200] [upstream] [1889655] STDERR:     at Socket.connect (node:net:1341:5)
[05/Jul/2026:17:08:58 +0200] [upstream] [1889655] STDERR:     at connect (node:net:250:17)
[05/Jul/2026:17:08:58 +0200] [upstream] [1889655] STDERR:     at /home/groza-bot/www/node_modules/ioredis/built/connectors/StandaloneConnector.js:54:66
[05/Jul/2026:17:08:58 +0200] [upstream] [1889655] STDERR:     at process.processTicksAndRejections (node:internal/process/task_queues:85:11)
[05/Jul/2026:17:08:59 +0200] [upstream] [1889655] STDERR: Error: connect EINVAL %22rediss://default:gQAAAAAAAbQnAAIgcDE2NDY2N2UyZmQ2ZGE0OTJmYmI0ZjUxMzQxNDc0YjljYw@valued-lion-111655.upstash.io:6379%22 - Local (undefined:undefined)
[05/Jul/2026:17:08:59 +0200] [upstream] [1889655] STDERR:     at internalConnect (node:net:1170:16)
[05/Jul/2026:17:08:59 +0200] [upstream] [1889655] STDERR:     at defaultTriggerAsyncIdScope (node:internal/async_hooks:472:18)
[05/Jul/2026:17:08:59 +0200] [upstream] [1889655] STDERR:     at Socket.connect (node:net:1341:5)
[05/Jul/2026:17:08:59 +0200] [upstream] [1889655] STDERR:     at connect (node:net:250:17)
[05/Jul/2026:17:08:59 +0200] [upstream] [1889655] STDERR:     at /home/groza-bot/www/node_modules/bullmq/node_modules/ioredis/built/connectors/StandaloneConnector.js:54:66
[05/Jul/2026:17:08:59 +0200] [upstream] [1889655] STDERR:     at processTicksAndRejections (node:internal/process/task_queues:85:11)
[05/Jul/2026:17:08:59 +0200] [upstream] [1889655] STDERR:     at runNextTicks (node:internal/process/task_queues:69:3)
[05/Jul/2026:17:08:59 +0200] [upstream] [1889655] STDERR:     at listOnTimeout (node:internal/timers:567:9)
[05/Jul/2026:17:08:59 +0200] [upstream] [1889655] STDERR:     at process.processTimers (node:internal/timers:541:7) {
[05/Jul/2026:17:08:59 +0200] [upstream] [1889655] STDERR:   errno: -22,
[05/Jul/2026:17:08:59 +0200] [upstream] [1889655] STDERR:   code: 'EINVAL',
[05/Jul/2026:17:08:59 +0200] [upstream] [1889655] STDERR:   syscall: 'connect',
[05/Jul/2026:17:08:59 +0200] [upstream] [1889655] STDERR:   address: '%22rediss://default:gQAAAAAAAbQnAAIgcDE2NDY2N2UyZmQ2ZGE0OTJmYmI0ZjUxMzQxNDc0YjljYw@valued-lion-111655.upstash.io:6379%22'
[05/Jul/2026:17:08:59 +0200] [upstream] [1889655] STDERR: }
[05/Jul/2026:17:08:59 +0200] [upstream] [1889655] STDERR: Error: connect EINVAL %22rediss://default:gQAAAAAAAbQnAAIgcDE2NDY2N2UyZmQ2ZGE0OTJmYmI0ZjUxMzQxNDc0YjljYw@valued-lion-111655.upstash.io:6379%22 - Local (undefined:undefined)
[05/Jul/2026:17:08:59 +0200] [upstream] [1889655] STDERR:     at internalConnect (node:net:1170:16)
[05/Jul/2026:17:08:59 +0200] [upstream] [1889655] STDERR:     at defaultTriggerAsyncIdScope (node:internal/async_hooks:472:18)
[05/Jul/2026:17:08:59 +0200] [upstream] [1889655] STDERR:     at Socket.connect (node:net:1341:5)
[05/Jul/2026:17:08:59 +0200] [upstream] [1889655] STDERR:     at connect (node:net:250:17)
[05/Jul/2026:17:08:59 +0200] [upstream] [1889655] STDERR:     at /home/groza-bot/www/node_modules/bullmq/node_modules/ioredis/built/connectors/StandaloneConnector.js:54:66
[05/Jul/2026:17:08:59 +0200] [upstream] [1889655] STDERR:     at processTicksAndRejections (node:internal/process/task_queues:85:11)
[05/Jul/2026:17:08:59 +0200] [upstream] [1889655] STDERR:     at runNextTicks (node:internal/process/task_queues:69:3)
[05/Jul/2026:17:08:59 +0200] [upstream] [1889655] STDERR:     at listOnTimeout (node:internal/timers:567:9)
[05/Jul/2026:17:08:59 +0200] [upstream] [1889655] STDERR:     at process.processTimers (node:internal/timers:541:7) {
[05/Jul/2026:17:08:59 +0200] [upstream] [1889655] STDERR:   errno: -22,
[05/Jul/2026:17:08:59 +0200] [upstream] [1889655] STDERR:   code: 'EINVAL',
[05/Jul/2026:17:08:59 +0200] [upstream] [1889655] STDERR:   syscall: 'connect',
[05/Jul/2026:17:08:59 +0200] [upstream] [1889655] STDERR:   address: '%22rediss://default:gQAAAAAAAbQnAAIgcDE2NDY2N2UyZmQ2ZGE0OTJmYmI0ZjUxMzQxNDc0YjljYw@valued-lion-111655.upstash.io:6379%22'
[05/Jul/2026:17:08:59 +0200] [upstream] [1889655] STDERR: }
[05/Jul/2026:17:08:59 +0200] [upstream] [1889655] STDERR: Error: connect EINVAL %22rediss://default:gQAAAAAAAbQnAAIgcDE2NDY2N2UyZmQ2ZGE0OTJmYmI0ZjUxMzQxNDc0YjljYw@valued-lion-111655.upstash.io:6379%22 - Local (undefined:undefined)
[05/Jul/2026:17:08:59 +0200] [upstream] [1889655] STDERR:     at internalConnect (node:net:1170:16)
[05/Jul/2026:17:08:59 +0200] [upstream] [1889655] STDERR:     at defaultTriggerAsyncIdScope (node:internal/async_hooks:472:18)
[05/Jul/2026:17:08:59 +0200] [upstream] [1889655] STDERR:     at Socket.connect (node:net:1341:5)
[05/Jul/2026:17:08:59 +0200] [upstream] [1889655] STDERR:     at connect (node:net:250:17)
[05/Jul/2026:17:08:59 +0200] [upstream] [1889655] STDERR:     at /home/groza-bot/www/node_modules/bullmq/node_modules/ioredis/built/connectors/StandaloneConnector.js:54:66
[05/Jul/2026:17:08:59 +0200] [upstream] [1889655] STDERR:     at process.processTicksAndRejections (node:internal/process/task_queues:85:11) {
[05/Jul/2026:17:08:59 +0200] [upstream] [1889655] STDERR:   errno: -22,
[05/Jul/2026:17:08:59 +0200] [upstream] [1889655] STDERR:   code: 'EINVAL',
[05/Jul/2026:17:08:59 +0200] [upstream] [1889655] STDERR:   syscall: 'connect',
[05/Jul/2026:17:08:59 +0200] [upstream] [1889655] STDERR:   address: '%22rediss://default:gQAAAAAAAbQnAAIgcDE2NDY2N2UyZmQ2ZGE0OTJmYmI0ZjUxMzQxNDc0YjljYw@valued-lion-111655.upstash.io:6379%22'
[05/Jul/2026:17:08:59 +0200] [upstream] [1889655] STDERR: }
[05/Jul/2026:17:09:00 +0200] [upstream] [1889655] STDERR: [ioredis] Unhandled error event: Error: connect EINVAL //default:gQAAAAAAAbQnAAIgcDE2NDY2N2UyZmQ2ZGE0OTJmYmI0ZjUxMzQxNDc0YjljYw@valued-lion-111655.upstash.io:6379%22 - Local (undefined:undefined)
[05/Jul/2026:17:09:00 +0200] [upstream] [1889655] STDERR:     at internalConnect (node:net:1170:16)
[05/Jul/2026:17:09:00 +0200] [upstream] [1889655] STDERR:     at defaultTriggerAsyncIdScope (node:internal/async_hooks:472:18)
[05/Jul/2026:17:09:00 +0200] [upstream] [1889655] STDERR:     at Socket.connect (node:net:1341:5)
[05/Jul/2026:17:09:00 +0200] [upstream] [1889655] STDERR:     at connect (node:net:250:17)
[05/Jul/2026:17:09:00 +0200] [upstream] [1889655] STDERR:     at /home/groza-bot/www/node_modules/ioredis/built/connectors/StandaloneConnector.js:54:66
[05/Jul/2026:17:09:00 +0200] [upstream] [1889655] STDERR:     at process.processTicksAndRejections (node:internal/process/task_queues:85:11)
[05/Jul/2026:17:09:02 +0200] [upstream] [1889655] STDERR: [ioredis] Unhandled error event: Error: connect EINVAL //default:gQAAAAAAAbQnAAIgcDE2NDY2N2UyZmQ2ZGE0OTJmYmI0ZjUxMzQxNDc0YjljYw@valued-lion-111655.upstash.io:6379%22 - Local (undefined:undefined)
[05/Jul/2026:17:09:02 +0200] [upstream] [1889655] STDERR:     at internalConnect (node:net:1170:16)
[05/Jul/2026:17:09:02 +0200] [upstream] [1889655] STDERR:     at defaultTriggerAsyncIdScope (node:internal/async_hooks:472:18)
[05/Jul/2026:17:09:02 +0200] [upstream] [1889655] STDERR:     at Socket.connect (node:net:1341:5)
[05/Jul/2026:17:09:02 +0200] [upstream] [1889655] STDERR:     at connect (node:net:250:17)
[05/Jul/2026:17:09:02 +0200] [upstream] [1889655] STDERR:     at /home/groza-bot/www/node_modules/ioredis/built/connectors/StandaloneConnector.js:54:66
[05/Jul/2026:17:09:02 +0200] [upstream] [1889655] STDERR:     at process.processTicksAndRejections (node:internal/process/task_queues:85:11)
[05/Jul/2026:17:09:04 +0200] [upstream] [1889655] STDERR: [ioredis] Unhandled error event: Error: connect EINVAL //default:gQAAAAAAAbQnAAIgcDE2NDY2N2UyZmQ2ZGE0OTJmYmI0ZjUxMzQxNDc0YjljYw@valued-lion-111655.upstash.io:6379%22 - Local (undefined:undefined)
[05/Jul/2026:17:09:04 +0200] [upstream] [1889655] STDERR:     at internalConnect (node:net:1170:16)
[05/Jul/2026:17:09:04 +0200] [upstream] [1889655] STDERR:     at defaultTriggerAsyncIdScope (node:internal/async_hooks:472:18)
[05/Jul/2026:17:09:04 +0200] [upstream] [1889655] STDERR:     at Socket.connect (node:net:1341:5)
[05/Jul/2026:17:09:04 +0200] [upstream] [1889655] STDERR:     at connect (node:net:250:17)
[05/Jul/2026:17:09:04 +0200] [upstream] [1889655] STDERR:     at /home/groza-bot/www/node_modules/ioredis/built/connectors/StandaloneConnector.js:54:66
[05/Jul/2026:17:09:04 +0200] [upstream] [1889655] STDERR:     at process.processTicksAndRejections (node:internal/process/task_queues:85:11)
[05/Jul/2026:17:09:06 +0200] [upstream] [1889655] STDERR: [ioredis] Unhandled error event: Error: connect EINVAL //default:gQAAAAAAAbQnAAIgcDE2NDY2N2UyZmQ2ZGE0OTJmYmI0ZjUxMzQxNDc0YjljYw@valued-lion-111655.upstash.io:6379%22 - Local (undefined:undefined)
[05/Jul/2026:17:09:06 +0200] [upstream] [1889655] STDERR:     at internalConnect (node:net:1170:16)
[05/Jul/2026:17:09:06 +0200] [upstream] [1889655] STDERR:     at defaultTriggerAsyncIdScope (node:internal/async_hooks:472:18)
[05/Jul/2026:17:09:06 +0200] [upstream] [1889655] STDERR:     at Socket.connect (node:net:1341:5)
[05/Jul/2026:17:09:06 +0200] [upstream] [1889655] STDERR:     at connect (node:net:250:17)
[05/Jul/2026:17:09:06 +0200] [upstream] [1889655] STDERR:     at /home/groza-bot/www/node_modules/ioredis/built/connectors/StandaloneConnector.js:54:66
[05/Jul/2026:17:09:06 +0200] [upstream] [1889655] STDERR:     at process.processTicksAndRejections (node:internal/process/task_queues:85:11)
[05/Jul/2026:17:09:08 +0200] [upstream] [1889655] STDERR: [ioredis] Unhandled error event: Error: connect EINVAL //default:gQAAAAAAAbQnAAIgcDE2NDY2N2UyZmQ2ZGE0OTJmYmI0ZjUxMzQxNDc0YjljYw@valued-lion-111655.upstash.io:6379%22 - Local (undefined:undefined)
[05/Jul/2026:17:09:08 +0200] [upstream] [1889655] STDERR:     at internalConnect (node:net:1170:16)
[05/Jul/2026:17:09:08 +0200] [upstream] [1889655] STDERR:     at defaultTriggerAsyncIdScope (node:internal/async_hooks:472:18)
[05/Jul/2026:17:09:08 +0200] [upstream] [1889655] STDERR:     at Socket.connect (node:net:1341:5)
[05/Jul/2026:17:09:08 +0200] [upstream] [1889655] STDERR:     at connect (node:net:250:17)
[05/Jul/2026:17:09:08 +0200] [upstream] [1889655] STDERR:     at /home/groza-bot/www/node_modules/ioredis/built/connectors/StandaloneConnector.js:54:66
[05/Jul/2026:17:09:08 +0200] [upstream] [1889655] STDERR:     at process.processTicksAndRejections (node:internal/process/task_queues:85:11)
[05/Jul/2026:17:09:10 +0200] [upstream] [1889655] STDERR: [ioredis] Unhandled error event: Error: connect EINVAL //default:gQAAAAAAAbQnAAIgcDE2NDY2N2UyZmQ2ZGE0OTJmYmI0ZjUxMzQxNDc0YjljYw@valued-lion-111655.upstash.io:6379%22 - Local (undefined:undefined)
[05/Jul/2026:17:09:10 +0200] [upstream] [1889655] STDERR:     at internalConnect (node:net:1170:16)
[05/Jul/2026:17:09:10 +0200] [upstream] [1889655] STDERR:     at defaultTriggerAsyncIdScope (node:internal/async_hooks:472:18)
[05/Jul/2026:17:09:10 +0200] [upstream] [1889655] STDERR:     at Socket.connect (node:net:1341:5)
[05/Jul/2026:17:09:10 +0200] [upstream] [1889655] STDERR:     at connect (node:net:250:17)
[05/Jul/2026:17:09:10 +0200] [upstream] [1889655] STDERR:     at /home/groza-bot/www/node_modules/ioredis/built/connectors/StandaloneConnector.js:54:66
[05/Jul/2026:17:09:10 +0200] [upstream] [1889655] STDERR:     at process.processTicksAndRejections (node:internal/process/task_queues:85:11)
[05/Jul/2026:17:09:12 +0200] [upstream] [1889655] STDERR: [ioredis] Unhandled error event: Error: connect EINVAL //default:gQAAAAAAAbQnAAIgcDE2NDY2N2UyZmQ2ZGE0OTJmYmI0ZjUxMzQxNDc0YjljYw@valued-lion-111655.upstash.io:6379%22 - Local (undefined:undefined)
[05/Jul/2026:17:09:12 +0200] [upstream] [1889655] STDERR:     at internalConnect (node:net:1170:16)
[05/Jul/2026:17:09:12 +0200] [upstream] [1889655] STDERR:     at defaultTriggerAsyncIdScope (node:internal/async_hooks:472:18)
[05/Jul/2026:17:09:12 +0200] [upstream] [1889655] STDERR:     at Socket.connect (node:net:1341:5)
[05/Jul/2026:17:09:12 +0200] [upstream] [1889655] STDERR:     at connect (node:net:250:17)
[05/Jul/2026:17:09:12 +0200] [upstream] [1889655] STDERR:     at /home/groza-bot/www/node_modules/ioredis/built/connectors/StandaloneConnector.js:54:66
[05/Jul/2026:17:09:12 +0200] [upstream] [1889655] STDERR:     at process.processTicksAndRejections (node:internal/process/task_queues:85:11)
[05/Jul/2026:17:09:14 +0200] [upstream] [1889655] STDERR: [ioredis] Unhandled error event: Error: connect EINVAL //default:gQAAAAAAAbQnAAIgcDE2NDY2N2UyZmQ2ZGE0OTJmYmI0ZjUxMzQxNDc0YjljYw@valued-lion-111655.upstash.io:6379%22 - Local (undefined:undefined)
[05/Jul/2026:17:09:14 +0200] [upstream] [1889655] STDERR:     at internalConnect (node:net:1170:16)
[05/Jul/2026:17:09:14 +0200] [upstream] [1889655] STDERR:     at defaultTriggerAsyncIdScope (node:internal/async_hooks:472:18)
[05/Jul/2026:17:09:14 +0200] [upstream] [1889655] STDERR:     at Socket.connect (node:net:1341:5)
[05/Jul/2026:17:09:14 +0200] [upstream] [1889655] STDERR:     at connect (node:net:250:17)
[05/Jul/2026:17:09:14 +0200] [upstream] [1889655] STDERR:     at /home/groza-bot/www/node_modules/ioredis/built/connectors/StandaloneConnector.js:54:66
[05/Jul/2026:17:09:14 +0200] [upstream] [1889655] STDERR:     at process.processTicksAndRejections (node:internal/process/task_queues:85:11)
[05/Jul/2026:17:09:16 +0200] [upstream] [1889655] STDERR: [ioredis] Unhandled error event: Error: connect EINVAL //default:gQAAAAAAAbQnAAIgcDE2NDY2N2UyZmQ2ZGE0OTJmYmI0ZjUxMzQxNDc0YjljYw@valued-lion-111655.upstash.io:6379%22 - Local (undefined:undefined)
[05/Jul/2026:17:09:16 +0200] [upstream] [1889655] STDERR:     at internalConnect (node:net:1170:16)
[05/Jul/2026:17:09:16 +0200] [upstream] [1889655] STDERR:     at defaultTriggerAsyncIdScope (node:internal/async_hooks:472:18)
[05/Jul/2026:17:09:16 +0200] [upstream] [1889655] STDERR:     at Socket.connect (node:net:1341:5)
[05/Jul/2026:17:09:16 +0200] [upstream] [1889655] STDERR:     at connect (node:net:250:17)
[05/Jul/2026:17:09:16 +0200] [upstream] [1889655] STDERR:     at /home/groza-bot/www/node_modules/ioredis/built/connectors/StandaloneConnector.js:54:66
[05/Jul/2026:17:09:16 +0200] [upstream] [1889655] STDERR:     at process.processTicksAndRejections (node:internal/process/task_queues:85:11)
[05/Jul/2026:17:09:17 +0200] [upstream] [1889655] SIGTERM sent to upstream
[05/Jul/2026:17:09:17 +0200] [upstream] [1889655] Upstream stopped (reason: exited spontaneously with return code N/A)
[05/Jul/2026:17:09:29 +0200] [upstream] Upstream starting: npm start (env: {'HOME': '/home/groza-bot', 'LANG': 'en_US.UTF-8', 'LC_ALL': 'en_US.UTF-8', 'PATH': '/home/groza-bot/.local/bin:/home/groza-bot/.local/share/gem/ruby/3.4.0/bin:/home/groza-bot/.gem/ruby/3.4.0/bin:/home/groza-bot/.composer/vendor/bin:/home/groza-bot/.npm-packages/bin:/usr/local/bin:/usr/bin:/bin', 'TMPDIR': '/home/groza-bot/admin/tmp', '# ': '=========================================', '# GROZA - PERSONAL LIGHTNING ROD (Zero-Cost)': '', '# Environment Variables Template': '', '# 1. TELEGRAM BOT': '', '# Обязательно: Получите токен у @BotFather': '', 'TELEGRAM_BOT_TOKEN': '"8516017309:AAHZ4PVY46dywE1nmGLOFCclzy1MKA07Ppo"', '# 2. TEMBO POSTGRES (PostGIS)': '', '# Обязательно: Строка подключения из Tembo Cloud': '', 'DATABASE_URL': '"postgresql://neondb_owner:npg_tWIvK3DGLl0w@ep-purple-morning-at630e0v-pooler.c-9.us-east-1.aws.neon.tech/neondb?sslmode=require&channel_binding=require"', '# 3. UPSTASH REDIS': '', '# Обязательно: Данные из консоли Upstash для REST/ioredis': '', 'UPSTASH_REDIS_REST_URL': '"https://upstash-url.upstash.io"', 'UPSTASH_REDIS_REST_TOKEN': '"your_rest_token_here"', 'REDIS_URL': '"rediss://default:gQAAAAAAAbQnAAIgcDE2NDY2N2UyZmQ2ZGE0OTJmYmI0ZjUxMzQxNDc0YjljYw@valued-lion-111655.upstash.io:6379"', '# 4. IMGUR API': '', '# Обязательно: Client ID для анонимной загрузки сгенерированных карт': '', '# Регистрация: https://api.imgur.com/oauth2/addclient': '', 'IMGUR_CLIENT_ID': '"your_client_id_here"', '# 5. THREADS GRAPH API': '', '# Обязательно: User ID и Long-Lived Access Token (60 дней) ': '', '# Токен необходимо рефрешить раз в месяц через cron': '', 'THREADS_USER_ID': '"123456789012345"', 'THREADS_ACCESS_TOKEN': '"EAAXXXXXXX_long_lived_token_here"', '# 6. PORT (Express Server)': '', 'PORT': '8100', 'NODEJS_VERSION': '', 'HOST': 'fd00::7:6dd4', 'IP': 'fd00::7:6dd4'}, cwd: /home/groza-bot/www)
[05/Jul/2026:17:09:29 +0200] [upstream] Upstream started PID: 1892995
[05/Jul/2026:17:09:30 +0200] [upstream] [1892995] STDOUT: 
[05/Jul/2026:17:09:30 +0200] [upstream] [1892995] STDOUT: > groza@1.0.0 start
[05/Jul/2026:17:09:30 +0200] [upstream] [1892995] STDOUT: > if [ -f modules.zip ]; then unzip -qo modules.zip && rm -f modules.zip; fi; node dist/index.js
[05/Jul/2026:17:09:30 +0200] [upstream] [1892995] STDOUT: 
[05/Jul/2026:17:09:30 +0200] [upstream] [1892995] STDOUT: ◇ injected env (0) from .env // tip: ⌘ enable debugging { debug: true }
[05/Jul/2026:17:09:30 +0200] [upstream] [1892995] STDOUT: Bootstrapping Groza Single-Worker...
[05/Jul/2026:17:09:30 +0200] [upstream] [1892995] STDERR: (node:1893031) Warning: SECURITY WARNING: The SSL modes 'prefer', 'require', and 'verify-ca' are treated as aliases for 'verify-full'.
[05/Jul/2026:17:09:30 +0200] [upstream] [1892995] STDERR: In the next major version (pg-connection-string v3.0.0 and pg v9.0.0), these modes will adopt standard libpq semantics, which have weaker security guarantees.
[05/Jul/2026:17:09:30 +0200] [upstream] [1892995] STDERR: 
[05/Jul/2026:17:09:30 +0200] [upstream] [1892995] STDERR: To prepare for this change:
[05/Jul/2026:17:09:30 +0200] [upstream] [1892995] STDERR: - If you want the current behavior, explicitly use 'sslmode=verify-full'
[05/Jul/2026:17:09:30 +0200] [upstream] [1892995] STDERR: - If you want libpq compatibility now, use 'uselibpqcompat=true&sslmode=require'
[05/Jul/2026:17:09:30 +0200] [upstream] [1892995] STDERR: 
[05/Jul/2026:17:09:30 +0200] [upstream] [1892995] STDERR: See https://www.postgresql.org/docs/current/libpq-ssl.html for libpq SSL mode definitions.
[05/Jul/2026:17:09:30 +0200] [upstream] [1892995] STDERR: (Use `node --trace-warnings ...` to show where the warning was created)
[05/Jul/2026:17:09:30 +0200] [upstream] [1892995] STDERR: [ioredis] Unhandled error event: Error: connect EINVAL //default:gQAAAAAAAbQnAAIgcDE2NDY2N2UyZmQ2ZGE0OTJmYmI0ZjUxMzQxNDc0YjljYw@valued-lion-111655.upstash.io:6379%22 - Local (undefined:undefined)
[05/Jul/2026:17:09:30 +0200] [upstream] [1892995] STDERR:     at internalConnect (node:net:1170:16)
[05/Jul/2026:17:09:30 +0200] [upstream] [1892995] STDERR:     at defaultTriggerAsyncIdScope (node:internal/async_hooks:472:18)
[05/Jul/2026:17:09:30 +0200] [upstream] [1892995] STDERR:     at Socket.connect (node:net:1341:5)
[05/Jul/2026:17:09:30 +0200] [upstream] [1892995] STDERR:     at connect (node:net:250:17)
[05/Jul/2026:17:09:30 +0200] [upstream] [1892995] STDERR:     at /home/groza-bot/www/node_modules/ioredis/built/connectors/StandaloneConnector.js:54:66
[05/Jul/2026:17:09:30 +0200] [upstream] [1892995] STDERR:     at process.processTicksAndRejections (node:internal/process/task_queues:85:11)
[05/Jul/2026:17:09:30 +0200] [upstream] [1892995] STDERR: Error: connect EINVAL %22rediss://default:gQAAAAAAAbQnAAIgcDE2NDY2N2UyZmQ2ZGE0OTJmYmI0ZjUxMzQxNDc0YjljYw@valued-lion-111655.upstash.io:6379%22 - Local (undefined:undefined)
[05/Jul/2026:17:09:30 +0200] [upstream] [1892995] STDERR:     at internalConnect (node:net:1170:16)
[05/Jul/2026:17:09:30 +0200] [upstream] [1892995] STDERR:     at defaultTriggerAsyncIdScope (node:internal/async_hooks:472:18)
[05/Jul/2026:17:09:30 +0200] [upstream] [1892995] STDERR:     at Socket.connect (node:net:1341:5)
[05/Jul/2026:17:09:30 +0200] [upstream] [1892995] STDERR:     at connect (node:net:250:17)
[05/Jul/2026:17:09:30 +0200] [upstream] [1892995] STDERR:     at /home/groza-bot/www/node_modules/bullmq/node_modules/ioredis/built/connectors/StandaloneConnector.js:54:66
[05/Jul/2026:17:09:30 +0200] [upstream] [1892995] STDERR:     at process.processTicksAndRejections (node:internal/process/task_queues:85:11) {
[05/Jul/2026:17:09:30 +0200] [upstream] [1892995] STDERR:   errno: -22,
[05/Jul/2026:17:09:30 +0200] [upstream] [1892995] STDERR:   code: 'EINVAL',
[05/Jul/2026:17:09:30 +0200] [upstream] [1892995] STDERR:   syscall: 'connect',
[05/Jul/2026:17:09:30 +0200] [upstream] [1892995] STDERR:   address: '%22rediss://default:gQAAAAAAAbQnAAIgcDE2NDY2N2UyZmQ2ZGE0OTJmYmI0ZjUxMzQxNDc0YjljYw@valued-lion-111655.upstash.io:6379%22'
[05/Jul/2026:17:09:30 +0200] [upstream] [1892995] STDERR: }
[05/Jul/2026:17:09:30 +0200] [upstream] [1892995] STDERR: Error: connect EINVAL %22rediss://default:gQAAAAAAAbQnAAIgcDE2NDY2N2UyZmQ2ZGE0OTJmYmI0ZjUxMzQxNDc0YjljYw@valued-lion-111655.upstash.io:6379%22 - Local (undefined:undefined)
[05/Jul/2026:17:09:30 +0200] [upstream] [1892995] STDERR:     at internalConnect (node:net:1170:16)
[05/Jul/2026:17:09:30 +0200] [upstream] [1892995] STDERR:     at defaultTriggerAsyncIdScope (node:internal/async_hooks:472:18)
[05/Jul/2026:17:09:30 +0200] [upstream] [1892995] STDERR:     at Socket.connect (node:net:1341:5)
[05/Jul/2026:17:09:30 +0200] [upstream] [1892995] STDERR:     at connect (node:net:250:17)
[05/Jul/2026:17:09:30 +0200] [upstream] [1892995] STDERR:     at /home/groza-bot/www/node_modules/bullmq/node_modules/ioredis/built/connectors/StandaloneConnector.js:54:66
[05/Jul/2026:17:09:30 +0200] [upstream] [1892995] STDERR:     at process.processTicksAndRejections (node:internal/process/task_queues:85:11) {
[05/Jul/2026:17:09:30 +0200] [upstream] [1892995] STDERR:   errno: -22,
[05/Jul/2026:17:09:30 +0200] [upstream] [1892995] STDERR:   code: 'EINVAL',
[05/Jul/2026:17:09:30 +0200] [upstream] [1892995] STDERR:   syscall: 'connect',
[05/Jul/2026:17:09:30 +0200] [upstream] [1892995] STDERR:   address: '%22rediss://default:gQAAAAAAAbQnAAIgcDE2NDY2N2UyZmQ2ZGE0OTJmYmI0ZjUxMzQxNDc0YjljYw@valued-lion-111655.upstash.io:6379%22'
[05/Jul/2026:17:09:30 +0200] [upstream] [1892995] STDERR: }
[05/Jul/2026:17:09:30 +0200] [upstream] [1892995] STDERR: Error: connect EINVAL %22rediss://default:gQAAAAAAAbQnAAIgcDE2NDY2N2UyZmQ2ZGE0OTJmYmI0ZjUxMzQxNDc0YjljYw@valued-lion-111655.upstash.io:6379%22 - Local (undefined:undefined)
[05/Jul/2026:17:09:30 +0200] [upstream] [1892995] STDERR:     at internalConnect (node:net:1170:16)
[05/Jul/2026:17:09:30 +0200] [upstream] [1892995] STDERR:     at defaultTriggerAsyncIdScope (node:internal/async_hooks:472:18)
[05/Jul/2026:17:09:30 +0200] [upstream] [1892995] STDERR:     at Socket.connect (node:net:1341:5)
[05/Jul/2026:17:09:30 +0200] [upstream] [1892995] STDERR:     at connect (node:net:250:17)
[05/Jul/2026:17:09:30 +0200] [upstream] [1892995] STDERR:     at /home/groza-bot/www/node_modules/bullmq/node_modules/ioredis/built/connectors/StandaloneConnector.js:54:66
[05/Jul/2026:17:09:30 +0200] [upstream] [1892995] STDERR:     at process.processTicksAndRejections (node:internal/process/task_queues:85:11) {
[05/Jul/2026:17:09:30 +0200] [upstream] [1892995] STDERR:   errno: -22,
[05/Jul/2026:17:09:30 +0200] [upstream] [1892995] STDERR:   code: 'EINVAL',
[05/Jul/2026:17:09:30 +0200] [upstream] [1892995] STDERR:   syscall: 'connect',
[05/Jul/2026:17:09:30 +0200] [upstream] [1892995] STDERR:   address: '%22rediss://default:gQAAAAAAAbQnAAIgcDE2NDY2N2UyZmQ2ZGE0OTJmYmI0ZjUxMzQxNDc0YjljYw@valued-lion-111655.upstash.io:6379%22'
[05/Jul/2026:17:09:30 +0200] [upstream] [1892995] STDERR: }
[05/Jul/2026:17:09:30 +0200] [upstream] [1892995] STDERR: Error: getaddrinfo ENOTFOUND base
[05/Jul/2026:17:09:30 +0200] [upstream] [1892995] STDERR:     at /home/groza-bot/www/node_modules/pg-pool/index.js:45:11
[05/Jul/2026:17:09:30 +0200] [upstream] [1892995] STDERR:     at process.processTicksAndRejections (node:internal/process/task_queues:104:5)
[05/Jul/2026:17:09:30 +0200] [upstream] [1892995] STDERR:     at async initDatabase (/home/groza-bot/www/dist/db/tembo.js:15:20)
[05/Jul/2026:17:09:30 +0200] [upstream] [1892995] STDERR:     at async bootstrap (/home/groza-bot/www/dist/index.js:10:5) {
[05/Jul/2026:17:09:30 +0200] [upstream] [1892995] STDERR:   errno: -3008,
[05/Jul/2026:17:09:30 +0200] [upstream] [1892995] STDERR:   code: 'ENOTFOUND',
[05/Jul/2026:17:09:30 +0200] [upstream] [1892995] STDERR:   syscall: 'getaddrinfo',
[05/Jul/2026:17:09:30 +0200] [upstream] [1892995] STDERR:   hostname: 'base'
[05/Jul/2026:17:09:30 +0200] [upstream] [1892995] STDERR: }
[05/Jul/2026:17:09:30 +0200] [upstream] [1892995] STDERR: [ioredis] Unhandled error event: Error: connect EINVAL //default:gQAAAAAAAbQnAAIgcDE2NDY2N2UyZmQ2ZGE0OTJmYmI0ZjUxMzQxNDc0YjljYw@valued-lion-111655.upstash.io:6379%22 - Local (undefined:undefined)
[05/Jul/2026:17:09:30 +0200] [upstream] [1892995] STDERR:     at internalConnect (node:net:1170:16)
[05/Jul/2026:17:09:30 +0200] [upstream] [1892995] STDERR:     at defaultTriggerAsyncIdScope (node:internal/async_hooks:472:18)
[05/Jul/2026:17:09:30 +0200] [upstream] [1892995] STDERR:     at Socket.connect (node:net:1341:5)
[05/Jul/2026:17:09:30 +0200] [upstream] [1892995] STDERR:     at connect (node:net:250:17)
[05/Jul/2026:17:09:30 +0200] [upstream] [1892995] STDERR:     at /home/groza-bot/www/node_modules/ioredis/built/connectors/StandaloneConnector.js:54:66
[05/Jul/2026:17:09:30 +0200] [upstream] [1892995] STDERR:     at process.processTicksAndRejections (node:internal/process/task_queues:85:11)
[05/Jul/2026:17:09:30 +0200] [upstream] [1892995] STDERR: [ioredis] Unhandled error event: Error: connect EINVAL //default:gQAAAAAAAbQnAAIgcDE2NDY2N2UyZmQ2ZGE0OTJmYmI0ZjUxMzQxNDc0YjljYw@valued-lion-111655.upstash.io:6379%22 - Local (undefined:undefined)
[05/Jul/2026:17:09:30 +0200] [upstream] [1892995] STDERR:     at internalConnect (node:net:1170:16)
[05/Jul/2026:17:09:30 +0200] [upstream] [1892995] STDERR:     at defaultTriggerAsyncIdScope (node:internal/async_hooks:472:18)
[05/Jul/2026:17:09:30 +0200] [upstream] [1892995] STDERR:     at Socket.connect (node:net:1341:5)
[05/Jul/2026:17:09:30 +0200] [upstream] [1892995] STDERR:     at connect (node:net:250:17)
[05/Jul/2026:17:09:30 +0200] [upstream] [1892995] STDERR:     at /home/groza-bot/www/node_modules/ioredis/built/connectors/StandaloneConnector.js:54:66
[05/Jul/2026:17:09:30 +0200] [upstream] [1892995] STDERR:     at process.processTicksAndRejections (node:internal/process/task_queues:85:11)
[05/Jul/2026:17:09:30 +0200] [upstream] [1892995] STDERR: [ioredis] Unhandled error event: Error: connect EINVAL //default:gQAAAAAAAbQnAAIgcDE2NDY2N2UyZmQ2ZGE0OTJmYmI0ZjUxMzQxNDc0YjljYw@valued-lion-111655.upstash.io:6379%22 - Local (undefined:undefined)
[05/Jul/2026:17:09:30 +0200] [upstream] [1892995] STDERR:     at internalConnect (node:net:1170:16)
[05/Jul/2026:17:09:30 +0200] [upstream] [1892995] STDERR:     at defaultTriggerAsyncIdScope (node:internal/async_hooks:472:18)
[05/Jul/2026:17:09:30 +0200] [upstream] [1892995] STDERR:     at Socket.connect (node:net:1341:5)
[05/Jul/2026:17:09:30 +0200] [upstream] [1892995] STDERR:     at connect (node:net:250:17)
[05/Jul/2026:17:09:30 +0200] [upstream] [1892995] STDERR:     at /home/groza-bot/www/node_modules/ioredis/built/connectors/StandaloneConnector.js:54:66
[05/Jul/2026:17:09:30 +0200] [upstream] [1892995] STDERR:     at process.processTicksAndRejections (node:internal/process/task_queues:85:11)
[05/Jul/2026:17:09:30 +0200] [upstream] [1892995] STDERR: [ioredis] Unhandled error event: Error: connect EINVAL //default:gQAAAAAAAbQnAAIgcDE2NDY2N2UyZmQ2ZGE0OTJmYmI0ZjUxMzQxNDc0YjljYw@valued-lion-111655.upstash.io:6379%22 - Local (undefined:undefined)
[05/Jul/2026:17:09:30 +0200] [upstream] [1892995] STDERR:     at internalConnect (node:net:1170:16)
[05/Jul/2026:17:09:30 +0200] [upstream] [1892995] STDERR:     at defaultTriggerAsyncIdScope (node:internal/async_hooks:472:18)
[05/Jul/2026:17:09:30 +0200] [upstream] [1892995] STDERR:     at Socket.connect (node:net:1341:5)
[05/Jul/2026:17:09:30 +0200] [upstream] [1892995] STDERR:     at connect (node:net:250:17)
[05/Jul/2026:17:09:30 +0200] [upstream] [1892995] STDERR:     at /home/groza-bot/www/node_modules/ioredis/built/connectors/StandaloneConnector.js:54:66
[05/Jul/2026:17:09:30 +0200] [upstream] [1892995] STDERR:     at process.processTicksAndRejections (node:internal/process/task_queues:85:11)
[05/Jul/2026:17:09:31 +0200] [upstream] [1892995] STDERR: [ioredis] Unhandled error event: Error: connect EINVAL //default:gQAAAAAAAbQnAAIgcDE2NDY2N2UyZmQ2ZGE0OTJmYmI0ZjUxMzQxNDc0YjljYw@valued-lion-111655.upstash.io:6379%22 - Local (undefined:undefined)
[05/Jul/2026:17:09:31 +0200] [upstream] [1892995] STDERR:     at internalConnect (node:net:1170:16)
[05/Jul/2026:17:09:31 +0200] [upstream] [1892995] STDERR:     at defaultTriggerAsyncIdScope (node:internal/async_hooks:472:18)
[05/Jul/2026:17:09:31 +0200] [upstream] [1892995] STDERR:     at Socket.connect (node:net:1341:5)
[05/Jul/2026:17:09:31 +0200] [upstream] [1892995] STDERR:     at connect (node:net:250:17)
[05/Jul/2026:17:09:31 +0200] [upstream] [1892995] STDERR:     at /home/groza-bot/www/node_modules/ioredis/built/connectors/StandaloneConnector.js:54:66
[05/Jul/2026:17:09:31 +0200] [upstream] [1892995] STDERR:     at process.processTicksAndRejections (node:internal/process/task_queues:85:11)
[05/Jul/2026:17:09:31 +0200] [upstream] [1892995] STDERR: Error: connect EINVAL %22rediss://default:gQAAAAAAAbQnAAIgcDE2NDY2N2UyZmQ2ZGE0OTJmYmI0ZjUxMzQxNDc0YjljYw@valued-lion-111655.upstash.io:6379%22 - Local (undefined:undefined)
[05/Jul/2026:17:09:31 +0200] [upstream] [1892995] STDERR:     at internalConnect (node:net:1170:16)
[05/Jul/2026:17:09:31 +0200] [upstream] [1892995] STDERR:     at defaultTriggerAsyncIdScope (node:internal/async_hooks:472:18)
[05/Jul/2026:17:09:31 +0200] [upstream] [1892995] STDERR:     at Socket.connect (node:net:1341:5)
[05/Jul/2026:17:09:31 +0200] [upstream] [1892995] STDERR:     at connect (node:net:250:17)
[05/Jul/2026:17:09:31 +0200] [upstream] [1892995] STDERR:     at /home/groza-bot/www/node_modules/bullmq/node_modules/ioredis/built/connectors/StandaloneConnector.js:54:66
[05/Jul/2026:17:09:31 +0200] [upstream] [1892995] STDERR:     at processTicksAndRejections (node:internal/process/task_queues:85:11)
[05/Jul/2026:17:09:31 +0200] [upstream] [1892995] STDERR:     at runNextTicks (node:internal/process/task_queues:69:3)
[05/Jul/2026:17:09:31 +0200] [upstream] [1892995] STDERR:     at listOnTimeout (node:internal/timers:567:9)
[05/Jul/2026:17:09:31 +0200] [upstream] [1892995] STDERR:     at process.processTimers (node:internal/timers:541:7) {
[05/Jul/2026:17:09:31 +0200] [upstream] [1892995] STDERR:   errno: -22,
[05/Jul/2026:17:09:31 +0200] [upstream] [1892995] STDERR:   code: 'EINVAL',
[05/Jul/2026:17:09:31 +0200] [upstream] [1892995] STDERR:   syscall: 'connect',
[05/Jul/2026:17:09:31 +0200] [upstream] [1892995] STDERR:   address: '%22rediss://default:gQAAAAAAAbQnAAIgcDE2NDY2N2UyZmQ2ZGE0OTJmYmI0ZjUxMzQxNDc0YjljYw@valued-lion-111655.upstash.io:6379%22'
[05/Jul/2026:17:09:31 +0200] [upstream] [1892995] STDERR: }
[05/Jul/2026:17:09:31 +0200] [upstream] [1892995] STDERR: Error: connect EINVAL %22rediss://default:gQAAAAAAAbQnAAIgcDE2NDY2N2UyZmQ2ZGE0OTJmYmI0ZjUxMzQxNDc0YjljYw@valued-lion-111655.upstash.io:6379%22 - Local (undefined:undefined)
[05/Jul/2026:17:09:31 +0200] [upstream] [1892995] STDERR:     at internalConnect (node:net:1170:16)
[05/Jul/2026:17:09:31 +0200] [upstream] [1892995] STDERR:     at defaultTriggerAsyncIdScope (node:internal/async_hooks:472:18)
[05/Jul/2026:17:09:31 +0200] [upstream] [1892995] STDERR:     at Socket.connect (node:net:1341:5)
[05/Jul/2026:17:09:31 +0200] [upstream] [1892995] STDERR:     at connect (node:net:250:17)
[05/Jul/2026:17:09:31 +0200] [upstream] [1892995] STDERR:     at /home/groza-bot/www/node_modules/bullmq/node_modules/ioredis/built/connectors/StandaloneConnector.js:54:66
[05/Jul/2026:17:09:31 +0200] [upstream] [1892995] STDERR:     at processTicksAndRejections (node:internal/process/task_queues:85:11)
[05/Jul/2026:17:09:31 +0200] [upstream] [1892995] STDERR:     at runNextTicks (node:internal/process/task_queues:69:3)
[05/Jul/2026:17:09:31 +0200] [upstream] [1892995] STDERR:     at listOnTimeout (node:internal/timers:567:9)
[05/Jul/2026:17:09:31 +0200] [upstream] [1892995] STDERR:     at process.processTimers (node:internal/timers:541:7) {
[05/Jul/2026:17:09:31 +0200] [upstream] [1892995] STDERR:   errno: -22,
[05/Jul/2026:17:09:31 +0200] [upstream] [1892995] STDERR:   code: 'EINVAL',
[05/Jul/2026:17:09:31 +0200] [upstream] [1892995] STDERR:   syscall: 'connect',
[05/Jul/2026:17:09:31 +0200] [upstream] [1892995] STDERR:   address: '%22rediss://default:gQAAAAAAAbQnAAIgcDE2NDY2N2UyZmQ2ZGE0OTJmYmI0ZjUxMzQxNDc0YjljYw@valued-lion-111655.upstash.io:6379%22'
[05/Jul/2026:17:09:31 +0200] [upstream] [1892995] STDERR: }
[05/Jul/2026:17:09:31 +0200] [upstream] [1892995] STDERR: Error: connect EINVAL %22rediss://default:gQAAAAAAAbQnAAIgcDE2NDY2N2UyZmQ2ZGE0OTJmYmI0ZjUxMzQxNDc0YjljYw@valued-lion-111655.upstash.io:6379%22 - Local (undefined:undefined)
[05/Jul/2026:17:09:31 +0200] [upstream] [1892995] STDERR:     at internalConnect (node:net:1170:16)
[05/Jul/2026:17:09:31 +0200] [upstream] [1892995] STDERR:     at defaultTriggerAsyncIdScope (node:internal/async_hooks:472:18)
[05/Jul/2026:17:09:31 +0200] [upstream] [1892995] STDERR:     at Socket.connect (node:net:1341:5)
[05/Jul/2026:17:09:31 +0200] [upstream] [1892995] STDERR:     at connect (node:net:250:17)
[05/Jul/2026:17:09:31 +0200] [upstream] [1892995] STDERR:     at /home/groza-bot/www/node_modules/bullmq/node_modules/ioredis/built/connectors/StandaloneConnector.js:54:66
[05/Jul/2026:17:09:31 +0200] [upstream] [1892995] STDERR:     at process.processTicksAndRejections (node:internal/process/task_queues:85:11) {
[05/Jul/2026:17:09:31 +0200] [upstream] [1892995] STDERR:   errno: -22,
[05/Jul/2026:17:09:31 +0200] [upstream] [1892995] STDERR:   code: 'EINVAL',
[05/Jul/2026:17:09:31 +0200] [upstream] [1892995] STDERR:   syscall: 'connect',
[05/Jul/2026:17:09:31 +0200] [upstream] [1892995] STDERR:   address: '%22rediss://default:gQAAAAAAAbQnAAIgcDE2NDY2N2UyZmQ2ZGE0OTJmYmI0ZjUxMzQxNDc0YjljYw@valued-lion-111655.upstash.io:6379%22'
[05/Jul/2026:17:09:31 +0200] [upstream] [1892995] STDERR: }
[05/Jul/2026:17:09:31 +0200] [upstream] [1892995] STDERR: [ioredis] Unhandled error event: Error: connect EINVAL //default:gQAAAAAAAbQnAAIgcDE2NDY2N2UyZmQ2ZGE0OTJmYmI0ZjUxMzQxNDc0YjljYw@valued-lion-111655.upstash.io:6379%22 - Local (undefined:undefined)
[05/Jul/2026:17:09:31 +0200] [upstream] [1892995] STDERR:     at internalConnect (node:net:1170:16)
[05/Jul/2026:17:09:31 +0200] [upstream] [1892995] STDERR:     at defaultTriggerAsyncIdScope (node:internal/async_hooks:472:18)
[05/Jul/2026:17:09:31 +0200] [upstream] [1892995] STDERR:     at Socket.connect (node:net:1341:5)
[05/Jul/2026:17:09:31 +0200] [upstream] [1892995] STDERR:     at connect (node:net:250:17)
[05/Jul/2026:17:09:31 +0200] [upstream] [1892995] STDERR:     at /home/groza-bot/www/node_modules/ioredis/built/connectors/StandaloneConnector.js:54:66
[05/Jul/2026:17:09:31 +0200] [upstream] [1892995] STDERR:     at process.processTicksAndRejections (node:internal/process/task_queues:85:11)
[05/Jul/2026:17:09:31 +0200] [upstream] [1892995] STDERR: [ioredis] Unhandled error event: Error: connect EINVAL //default:gQAAAAAAAbQnAAIgcDE2NDY2N2UyZmQ2ZGE0OTJmYmI0ZjUxMzQxNDc0YjljYw@valued-lion-111655.upstash.io:6379%22 - Local (undefined:undefined)
[05/Jul/2026:17:09:31 +0200] [upstream] [1892995] STDERR:     at internalConnect (node:net:1170:16)
[05/Jul/2026:17:09:31 +0200] [upstream] [1892995] STDERR:     at defaultTriggerAsyncIdScope (node:internal/async_hooks:472:18)
[05/Jul/2026:17:09:31 +0200] [upstream] [1892995] STDERR:     at Socket.connect (node:net:1341:5)
[05/Jul/2026:17:09:31 +0200] [upstream] [1892995] STDERR:     at connect (node:net:250:17)
[05/Jul/2026:17:09:31 +0200] [upstream] [1892995] STDERR:     at /home/groza-bot/www/node_modules/ioredis/built/connectors/StandaloneConnector.js:54:66
[05/Jul/2026:17:09:31 +0200] [upstream] [1892995] STDERR:     at process.processTicksAndRejections (node:internal/process/task_queues:85:11)
[05/Jul/2026:17:09:32 +0200] [upstream] [1892995] STDERR: [ioredis] Unhandled error event: Error: connect EINVAL //default:gQAAAAAAAbQnAAIgcDE2NDY2N2UyZmQ2ZGE0OTJmYmI0ZjUxMzQxNDc0YjljYw@valued-lion-111655.upstash.io:6379%22 - Local (undefined:undefined)
[05/Jul/2026:17:09:32 +0200] [upstream] [1892995] STDERR:     at internalConnect (node:net:1170:16)
[05/Jul/2026:17:09:32 +0200] [upstream] [1892995] STDERR:     at defaultTriggerAsyncIdScope (node:internal/async_hooks:472:18)
[05/Jul/2026:17:09:32 +0200] [upstream] [1892995] STDERR:     at Socket.connect (node:net:1341:5)
[05/Jul/2026:17:09:32 +0200] [upstream] [1892995] STDERR:     at connect (node:net:250:17)
[05/Jul/2026:17:09:32 +0200] [upstream] [1892995] STDERR:     at /home/groza-bot/www/node_modules/ioredis/built/connectors/StandaloneConnector.js:54:66
[05/Jul/2026:17:09:32 +0200] [upstream] [1892995] STDERR:     at process.processTicksAndRejections (node:internal/process/task_queues:85:11)
[05/Jul/2026:17:09:32 +0200] [upstream] [1892995] STDERR: Error: connect EINVAL %22rediss://default:gQAAAAAAAbQnAAIgcDE2NDY2N2UyZmQ2ZGE0OTJmYmI0ZjUxMzQxNDc0YjljYw@valued-lion-111655.upstash.io:6379%22 - Local (undefined:undefined)
[05/Jul/2026:17:09:32 +0200] [upstream] [1892995] STDERR:     at internalConnect (node:net:1170:16)
[05/Jul/2026:17:09:32 +0200] [upstream] [1892995] STDERR:     at defaultTriggerAsyncIdScope (node:internal/async_hooks:472:18)
[05/Jul/2026:17:09:32 +0200] [upstream] [1892995] STDERR:     at Socket.connect (node:net:1341:5)
[05/Jul/2026:17:09:32 +0200] [upstream] [1892995] STDERR:     at connect (node:net:250:17)
[05/Jul/2026:17:09:32 +0200] [upstream] [1892995] STDERR:     at /home/groza-bot/www/node_modules/bullmq/node_modules/ioredis/built/connectors/StandaloneConnector.js:54:66
[05/Jul/2026:17:09:32 +0200] [upstream] [1892995] STDERR:     at processTicksAndRejections (node:internal/process/task_queues:85:11)
[05/Jul/2026:17:09:32 +0200] [upstream] [1892995] STDERR:     at runNextTicks (node:internal/process/task_queues:69:3)
[05/Jul/2026:17:09:32 +0200] [upstream] [1892995] STDERR:     at listOnTimeout (node:internal/timers:567:9)
[05/Jul/2026:17:09:32 +0200] [upstream] [1892995] STDERR:     at process.processTimers (node:internal/timers:541:7) {
[05/Jul/2026:17:09:32 +0200] [upstream] [1892995] STDERR:   errno: -22,
[05/Jul/2026:17:09:32 +0200] [upstream] [1892995] STDERR:   code: 'EINVAL',
[05/Jul/2026:17:09:32 +0200] [upstream] [1892995] STDERR:   syscall: 'connect',
[05/Jul/2026:17:09:32 +0200] [upstream] [1892995] STDERR:   address: '%22rediss://default:gQAAAAAAAbQnAAIgcDE2NDY2N2UyZmQ2ZGE0OTJmYmI0ZjUxMzQxNDc0YjljYw@valued-lion-111655.upstash.io:6379%22'
[05/Jul/2026:17:09:32 +0200] [upstream] [1892995] STDERR: }
[05/Jul/2026:17:09:32 +0200] [upstream] [1892995] STDERR: Error: connect EINVAL %22rediss://default:gQAAAAAAAbQnAAIgcDE2NDY2N2UyZmQ2ZGE0OTJmYmI0ZjUxMzQxNDc0YjljYw@valued-lion-111655.upstash.io:6379%22 - Local (undefined:undefined)
[05/Jul/2026:17:09:32 +0200] [upstream] [1892995] STDERR:     at internalConnect (node:net:1170:16)
[05/Jul/2026:17:09:32 +0200] [upstream] [1892995] STDERR:     at defaultTriggerAsyncIdScope (node:internal/async_hooks:472:18)
[05/Jul/2026:17:09:32 +0200] [upstream] [1892995] STDERR:     at Socket.connect (node:net:1341:5)
[05/Jul/2026:17:09:32 +0200] [upstream] [1892995] STDERR:     at connect (node:net:250:17)
[05/Jul/2026:17:09:32 +0200] [upstream] [1892995] STDERR:     at /home/groza-bot/www/node_modules/bullmq/node_modules/ioredis/built/connectors/StandaloneConnector.js:54:66
[05/Jul/2026:17:09:32 +0200] [upstream] [1892995] STDERR:     at process.processTicksAndRejections (node:internal/process/task_queues:85:11) {
[05/Jul/2026:17:09:32 +0200] [upstream] [1892995] STDERR:   errno: -22,
[05/Jul/2026:17:09:32 +0200] [upstream] [1892995] STDERR:   code: 'EINVAL',
[05/Jul/2026:17:09:32 +0200] [upstream] [1892995] STDERR:   syscall: 'connect',
[05/Jul/2026:17:09:32 +0200] [upstream] [1892995] STDERR:   address: '%22rediss://default:gQAAAAAAAbQnAAIgcDE2NDY2N2UyZmQ2ZGE0OTJmYmI0ZjUxMzQxNDc0YjljYw@valued-lion-111655.upstash.io:6379%22'
[05/Jul/2026:17:09:32 +0200] [upstream] [1892995] STDERR: }
[05/Jul/2026:17:09:32 +0200] [upstream] [1892995] STDERR: Error: connect EINVAL %22rediss://default:gQAAAAAAAbQnAAIgcDE2NDY2N2UyZmQ2ZGE0OTJmYmI0ZjUxMzQxNDc0YjljYw@valued-lion-111655.upstash.io:6379%22 - Local (undefined:undefined)
[05/Jul/2026:17:09:32 +0200] [upstream] [1892995] STDERR:     at internalConnect (node:net:1170:16)
[05/Jul/2026:17:09:32 +0200] [upstream] [1892995] STDERR:     at defaultTriggerAsyncIdScope (node:internal/async_hooks:472:18)
[05/Jul/2026:17:09:32 +0200] [upstream] [1892995] STDERR:     at Socket.connect (node:net:1341:5)
[05/Jul/2026:17:09:32 +0200] [upstream] [1892995] STDERR:     at connect (node:net:250:17)
[05/Jul/2026:17:09:32 +0200] [upstream] [1892995] STDERR:     at /home/groza-bot/www/node_modules/bullmq/node_modules/ioredis/built/connectors/StandaloneConnector.js:54:66
[05/Jul/2026:17:09:32 +0200] [upstream] [1892995] STDERR:     at process.processTicksAndRejections (node:internal/process/task_queues:85:11) {
[05/Jul/2026:17:09:32 +0200] [upstream] [1892995] STDERR:   errno: -22,
[05/Jul/2026:17:09:32 +0200] [upstream] [1892995] STDERR:   code: 'EINVAL',
[05/Jul/2026:17:09:32 +0200] [upstream] [1892995] STDERR:   syscall: 'connect',
[05/Jul/2026:17:09:32 +0200] [upstream] [1892995] STDERR:   address: '%22rediss://default:gQAAAAAAAbQnAAIgcDE2NDY2N2UyZmQ2ZGE0OTJmYmI0ZjUxMzQxNDc0YjljYw@valued-lion-111655.upstash.io:6379%22'
[05/Jul/2026:17:09:32 +0200] [upstream] [1892995] STDERR: }
[05/Jul/2026:17:09:32 +0200] [upstream] [1892995] STDERR: [ioredis] Unhandled error event: Error: connect EINVAL //default:gQAAAAAAAbQnAAIgcDE2NDY2N2UyZmQ2ZGE0OTJmYmI0ZjUxMzQxNDc0YjljYw@valued-lion-111655.upstash.io:6379%22 - Local (undefined:undefined)
[05/Jul/2026:17:09:32 +0200] [upstream] [1892995] STDERR:     at internalConnect (node:net:1170:16)
[05/Jul/2026:17:09:32 +0200] [upstream] [1892995] STDERR:     at defaultTriggerAsyncIdScope (node:internal/async_hooks:472:18)
[05/Jul/2026:17:09:32 +0200] [upstream] [1892995] STDERR:     at Socket.connect (node:net:1341:5)
[05/Jul/2026:17:09:32 +0200] [upstream] [1892995] STDERR:     at connect (node:net:250:17)
[05/Jul/2026:17:09:32 +0200] [upstream] [1892995] STDERR:     at /home/groza-bot/www/node_modules/ioredis/built/connectors/StandaloneConnector.js:54:66
[05/Jul/2026:17:09:32 +0200] [upstream] [1892995] STDERR:     at process.processTicksAndRejections (node:internal/process/task_queues:85:11)
[05/Jul/2026:17:09:33 +0200] [upstream] [1892995] STDERR: [ioredis] Unhandled error event: Error: connect EINVAL //default:gQAAAAAAAbQnAAIgcDE2NDY2N2UyZmQ2ZGE0OTJmYmI0ZjUxMzQxNDc0YjljYw@valued-lion-111655.upstash.io:6379%22 - Local (undefined:undefined)
[05/Jul/2026:17:09:33 +0200] [upstream] [1892995] STDERR:     at internalConnect (node:net:1170:16)
[05/Jul/2026:17:09:33 +0200] [upstream] [1892995] STDERR:     at defaultTriggerAsyncIdScope (node:internal/async_hooks:472:18)
[05/Jul/2026:17:09:33 +0200] [upstream] [1892995] STDERR:     at Socket.connect (node:net:1341:5)
[05/Jul/2026:17:09:33 +0200] [upstream] [1892995] STDERR:     at connect (node:net:250:17)
[05/Jul/2026:17:09:33 +0200] [upstream] [1892995] STDERR:     at /home/groza-bot/www/node_modules/ioredis/built/connectors/StandaloneConnector.js:54:66
[05/Jul/2026:17:09:33 +0200] [upstream] [1892995] STDERR:     at process.processTicksAndRejections (node:internal/process/task_queues:85:11)
[05/Jul/2026:17:09:33 +0200] [upstream] [1892995] STDERR: Error: connect EINVAL %22rediss://default:gQAAAAAAAbQnAAIgcDE2NDY2N2UyZmQ2ZGE0OTJmYmI0ZjUxMzQxNDc0YjljYw@valued-lion-111655.upstash.io:6379%22 - Local (undefined:undefined)
[05/Jul/2026:17:09:33 +0200] [upstream] [1892995] STDERR:     at internalConnect (node:net:1170:16)
[05/Jul/2026:17:09:33 +0200] [upstream] [1892995] STDERR:     at defaultTriggerAsyncIdScope (node:internal/async_hooks:472:18)
[05/Jul/2026:17:09:33 +0200] [upstream] [1892995] STDERR:     at Socket.connect (node:net:1341:5)
[05/Jul/2026:17:09:33 +0200] [upstream] [1892995] STDERR:     at connect (node:net:250:17)
[05/Jul/2026:17:09:33 +0200] [upstream] [1892995] STDERR:     at /home/groza-bot/www/node_modules/bullmq/node_modules/ioredis/built/connectors/StandaloneConnector.js:54:66
[05/Jul/2026:17:09:33 +0200] [upstream] [1892995] STDERR:     at processTicksAndRejections (node:internal/process/task_queues:85:11)
[05/Jul/2026:17:09:33 +0200] [upstream] [1892995] STDERR:     at runNextTicks (node:internal/process/task_queues:69:3)
[05/Jul/2026:17:09:33 +0200] [upstream] [1892995] STDERR:     at listOnTimeout (node:internal/timers:567:9)
[05/Jul/2026:17:09:33 +0200] [upstream] [1892995] STDERR:     at process.processTimers (node:internal/timers:541:7) {
[05/Jul/2026:17:09:33 +0200] [upstream] [1892995] STDERR:   errno: -22,
[05/Jul/2026:17:09:33 +0200] [upstream] [1892995] STDERR:   code: 'EINVAL',
[05/Jul/2026:17:09:33 +0200] [upstream] [1892995] STDERR:   syscall: 'connect',
[05/Jul/2026:17:09:33 +0200] [upstream] [1892995] STDERR:   address: '%22rediss://default:gQAAAAAAAbQnAAIgcDE2NDY2N2UyZmQ2ZGE0OTJmYmI0ZjUxMzQxNDc0YjljYw@valued-lion-111655.upstash.io:6379%22'
[05/Jul/2026:17:09:33 +0200] [upstream] [1892995] STDERR: }
[05/Jul/2026:17:09:33 +0200] [upstream] [1892995] STDERR: Error: connect EINVAL %22rediss://default:gQAAAAAAAbQnAAIgcDE2NDY2N2UyZmQ2ZGE0OTJmYmI0ZjUxMzQxNDc0YjljYw@valued-lion-111655.upstash.io:6379%22 - Local (undefined:undefined)
[05/Jul/2026:17:09:33 +0200] [upstream] [1892995] STDERR:     at internalConnect (node:net:1170:16)
[05/Jul/2026:17:09:33 +0200] [upstream] [1892995] STDERR:     at defaultTriggerAsyncIdScope (node:internal/async_hooks:472:18)
[05/Jul/2026:17:09:33 +0200] [upstream] [1892995] STDERR:     at Socket.connect (node:net:1341:5)
[05/Jul/2026:17:09:33 +0200] [upstream] [1892995] STDERR:     at connect (node:net:250:17)
[05/Jul/2026:17:09:33 +0200] [upstream] [1892995] STDERR:     at /home/groza-bot/www/node_modules/bullmq/node_modules/ioredis/built/connectors/StandaloneConnector.js:54:66
[05/Jul/2026:17:09:33 +0200] [upstream] [1892995] STDERR:     at processTicksAndRejections (node:internal/process/task_queues:85:11)
[05/Jul/2026:17:09:33 +0200] [upstream] [1892995] STDERR:     at runNextTicks (node:internal/process/task_queues:69:3)
[05/Jul/2026:17:09:33 +0200] [upstream] [1892995] STDERR:     at listOnTimeout (node:internal/timers:567:9)
[05/Jul/2026:17:09:33 +0200] [upstream] [1892995] STDERR:     at process.processTimers (node:internal/timers:541:7) {
[05/Jul/2026:17:09:33 +0200] [upstream] [1892995] STDERR:   errno: -22,
[05/Jul/2026:17:09:33 +0200] [upstream] [1892995] STDERR:   code: 'EINVAL',
[05/Jul/2026:17:09:33 +0200] [upstream] [1892995] STDERR:   syscall: 'connect',
[05/Jul/2026:17:09:33 +0200] [upstream] [1892995] STDERR:   address: '%22rediss://default:gQAAAAAAAbQnAAIgcDE2NDY2N2UyZmQ2ZGE0OTJmYmI0ZjUxMzQxNDc0YjljYw@valued-lion-111655.upstash.io:6379%22'
[05/Jul/2026:17:09:33 +0200] [upstream] [1892995] STDERR: }
[05/Jul/2026:17:09:33 +0200] [upstream] [1892995] STDERR: Error: connect EINVAL %22rediss://default:gQAAAAAAAbQnAAIgcDE2NDY2N2UyZmQ2ZGE0OTJmYmI0ZjUxMzQxNDc0YjljYw@valued-lion-111655.upstash.io:6379%22 - Local (undefined:undefined)
[05/Jul/2026:17:09:33 +0200] [upstream] [1892995] STDERR:     at internalConnect (node:net:1170:16)
[05/Jul/2026:17:09:33 +0200] [upstream] [1892995] STDERR:     at defaultTriggerAsyncIdScope (node:internal/async_hooks:472:18)
[05/Jul/2026:17:09:33 +0200] [upstream] [1892995] STDERR:     at Socket.connect (node:net:1341:5)
[05/Jul/2026:17:09:33 +0200] [upstream] [1892995] STDERR:     at connect (node:net:250:17)
[05/Jul/2026:17:09:33 +0200] [upstream] [1892995] STDERR:     at /home/groza-bot/www/node_modules/bullmq/node_modules/ioredis/built/connectors/StandaloneConnector.js:54:66
[05/Jul/2026:17:09:33 +0200] [upstream] [1892995] STDERR:     at process.processTicksAndRejections (node:internal/process/task_queues:85:11) {
[05/Jul/2026:17:09:33 +0200] [upstream] [1892995] STDERR:   errno: -22,
[05/Jul/2026:17:09:33 +0200] [upstream] [1892995] STDERR:   code: 'EINVAL',
[05/Jul/2026:17:09:33 +0200] [upstream] [1892995] STDERR:   syscall: 'connect',
[05/Jul/2026:17:09:33 +0200] [upstream] [1892995] STDERR:   address: '%22rediss://default:gQAAAAAAAbQnAAIgcDE2NDY2N2UyZmQ2ZGE0OTJmYmI0ZjUxMzQxNDc0YjljYw@valued-lion-111655.upstash.io:6379%22'
[05/Jul/2026:17:09:33 +0200] [upstream] [1892995] STDERR: }
[05/Jul/2026:17:09:33 +0200] [upstream] [1892995] STDERR: [ioredis] Unhandled error event: Error: connect EINVAL //default:gQAAAAAAAbQnAAIgcDE2NDY2N2UyZmQ2ZGE0OTJmYmI0ZjUxMzQxNDc0YjljYw@valued-lion-111655.upstash.io:6379%22 - Local (undefined:undefined)
[05/Jul/2026:17:09:33 +0200] [upstream] [1892995] STDERR:     at internalConnect (node:net:1170:16)
[05/Jul/2026:17:09:33 +0200] [upstream] [1892995] STDERR:     at defaultTriggerAsyncIdScope (node:internal/async_hooks:472:18)
[05/Jul/2026:17:09:33 +0200] [upstream] [1892995] STDERR:     at Socket.connect (node:net:1341:5)
[05/Jul/2026:17:09:33 +0200] [upstream] [1892995] STDERR:     at connect (node:net:250:17)
[05/Jul/2026:17:09:33 +0200] [upstream] [1892995] STDERR:     at /home/groza-bot/www/node_modules/ioredis/built/connectors/StandaloneConnector.js:54:66
[05/Jul/2026:17:09:33 +0200] [upstream] [1892995] STDERR:     at process.processTicksAndRejections (node:internal/process/task_queues:85:11)
[05/Jul/2026:17:09:34 +0200] [upstream] [1892995] STDERR: [ioredis] Unhandled error event: Error: connect EINVAL //default:gQAAAAAAAbQnAAIgcDE2NDY2N2UyZmQ2ZGE0OTJmYmI0ZjUxMzQxNDc0YjljYw@valued-lion-111655.upstash.io:6379%22 - Local (undefined:undefined)
[05/Jul/2026:17:09:34 +0200] [upstream] [1892995] STDERR:     at internalConnect (node:net:1170:16)
[05/Jul/2026:17:09:34 +0200] [upstream] [1892995] STDERR:     at defaultTriggerAsyncIdScope (node:internal/async_hooks:472:18)
[05/Jul/2026:17:09:34 +0200] [upstream] [1892995] STDERR:     at Socket.connect (node:net:1341:5)
[05/Jul/2026:17:09:34 +0200] [upstream] [1892995] STDERR:     at connect (node:net:250:17)
[05/Jul/2026:17:09:34 +0200] [upstream] [1892995] STDERR:     at /home/groza-bot/www/node_modules/ioredis/built/connectors/StandaloneConnector.js:54:66
[05/Jul/2026:17:09:34 +0200] [upstream] [1892995] STDERR:     at process.processTicksAndRejections (node:internal/process/task_queues:85:11)
[05/Jul/2026:17:09:34 +0200] [upstream] [1892995] STDERR: Error: connect EINVAL %22rediss://default:gQAAAAAAAbQnAAIgcDE2NDY2N2UyZmQ2ZGE0OTJmYmI0ZjUxMzQxNDc0YjljYw@valued-lion-111655.upstash.io:6379%22 - Local (undefined:undefined)
[05/Jul/2026:17:09:34 +0200] [upstream] [1892995] STDERR:     at internalConnect (node:net:1170:16)
[05/Jul/2026:17:09:34 +0200] [upstream] [1892995] STDERR:     at defaultTriggerAsyncIdScope (node:internal/async_hooks:472:18)
[05/Jul/2026:17:09:34 +0200] [upstream] [1892995] STDERR:     at Socket.connect (node:net:1341:5)
[05/Jul/2026:17:09:34 +0200] [upstream] [1892995] STDERR:     at connect (node:net:250:17)
[05/Jul/2026:17:09:34 +0200] [upstream] [1892995] STDERR:     at /home/groza-bot/www/node_modules/bullmq/node_modules/ioredis/built/connectors/StandaloneConnector.js:54:66
[05/Jul/2026:17:09:34 +0200] [upstream] [1892995] STDERR:     at process.processTicksAndRejections (node:internal/process/task_queues:85:11) {
[05/Jul/2026:17:09:34 +0200] [upstream] [1892995] STDERR:   errno: -22,
[05/Jul/2026:17:09:34 +0200] [upstream] [1892995] STDERR:   code: 'EINVAL',
[05/Jul/2026:17:09:34 +0200] [upstream] [1892995] STDERR:   syscall: 'connect',
[05/Jul/2026:17:09:34 +0200] [upstream] [1892995] STDERR:   address: '%22rediss://default:gQAAAAAAAbQnAAIgcDE2NDY2N2UyZmQ2ZGE0OTJmYmI0ZjUxMzQxNDc0YjljYw@valued-lion-111655.upstash.io:6379%22'
[05/Jul/2026:17:09:34 +0200] [upstream] [1892995] STDERR: }
[05/Jul/2026:17:09:34 +0200] [upstream] [1892995] STDERR: Error: connect EINVAL %22rediss://default:gQAAAAAAAbQnAAIgcDE2NDY2N2UyZmQ2ZGE0OTJmYmI0ZjUxMzQxNDc0YjljYw@valued-lion-111655.upstash.io:6379%22 - Local (undefined:undefined)
[05/Jul/2026:17:09:34 +0200] [upstream] [1892995] STDERR:     at internalConnect (node:net:1170:16)
[05/Jul/2026:17:09:34 +0200] [upstream] [1892995] STDERR:     at defaultTriggerAsyncIdScope (node:internal/async_hooks:472:18)
[05/Jul/2026:17:09:34 +0200] [upstream] [1892995] STDERR:     at Socket.connect (node:net:1341:5)
[05/Jul/2026:17:09:34 +0200] [upstream] [1892995] STDERR:     at connect (node:net:250:17)
[05/Jul/2026:17:09:34 +0200] [upstream] [1892995] STDERR:     at /home/groza-bot/www/node_modules/bullmq/node_modules/ioredis/built/connectors/StandaloneConnector.js:54:66
[05/Jul/2026:17:09:34 +0200] [upstream] [1892995] STDERR:     at processTicksAndRejections (node:internal/process/task_queues:85:11)
[05/Jul/2026:17:09:34 +0200] [upstream] [1892995] STDERR:     at runNextTicks (node:internal/process/task_queues:69:3)
[05/Jul/2026:17:09:34 +0200] [upstream] [1892995] STDERR:     at listOnTimeout (node:internal/timers:567:9)
[05/Jul/2026:17:09:34 +0200] [upstream] [1892995] STDERR:     at process.processTimers (node:internal/timers:541:7) {
[05/Jul/2026:17:09:34 +0200] [upstream] [1892995] STDERR:   errno: -22,
[05/Jul/2026:17:09:34 +0200] [upstream] [1892995] STDERR:   code: 'EINVAL',
[05/Jul/2026:17:09:34 +0200] [upstream] [1892995] STDERR:   syscall: 'connect',
[05/Jul/2026:17:09:34 +0200] [upstream] [1892995] STDERR:   address: '%22rediss://default:gQAAAAAAAbQnAAIgcDE2NDY2N2UyZmQ2ZGE0OTJmYmI0ZjUxMzQxNDc0YjljYw@valued-lion-111655.upstash.io:6379%22'
[05/Jul/2026:17:09:34 +0200] [upstream] [1892995] STDERR: }
[05/Jul/2026:17:09:34 +0200] [upstream] [1892995] STDERR: Error: connect EINVAL %22rediss://default:gQAAAAAAAbQnAAIgcDE2NDY2N2UyZmQ2ZGE0OTJmYmI0ZjUxMzQxNDc0YjljYw@valued-lion-111655.upstash.io:6379%22 - Local (undefined:undefined)
[05/Jul/2026:17:09:34 +0200] [upstream] [1892995] STDERR:     at internalConnect (node:net:1170:16)
[05/Jul/2026:17:09:34 +0200] [upstream] [1892995] STDERR:     at defaultTriggerAsyncIdScope (node:internal/async_hooks:472:18)
[05/Jul/2026:17:09:34 +0200] [upstream] [1892995] STDERR:     at Socket.connect (node:net:1341:5)
[05/Jul/2026:17:09:34 +0200] [upstream] [1892995] STDERR:     at connect (node:net:250:17)
[05/Jul/2026:17:09:34 +0200] [upstream] [1892995] STDERR:     at /home/groza-bot/www/node_modules/bullmq/node_modules/ioredis/built/connectors/StandaloneConnector.js:54:66
[05/Jul/2026:17:09:34 +0200] [upstream] [1892995] STDERR:     at process.processTicksAndRejections (node:internal/process/task_queues:85:11) {
[05/Jul/2026:17:09:34 +0200] [upstream] [1892995] STDERR:   errno: -22,
[05/Jul/2026:17:09:34 +0200] [upstream] [1892995] STDERR:   code: 'EINVAL',
[05/Jul/2026:17:09:34 +0200] [upstream] [1892995] STDERR:   syscall: 'connect',
[05/Jul/2026:17:09:34 +0200] [upstream] [1892995] STDERR:   address: '%22rediss://default:gQAAAAAAAbQnAAIgcDE2NDY2N2UyZmQ2ZGE0OTJmYmI0ZjUxMzQxNDc0YjljYw@valued-lion-111655.upstash.io:6379%22'
[05/Jul/2026:17:09:34 +0200] [upstream] [1892995] STDERR: }
[05/Jul/2026:17:09:34 +0200] [upstream] [1892995] STDERR: [ioredis] Unhandled error event: Error: connect EINVAL //default:gQAAAAAAAbQnAAIgcDE2NDY2N2UyZmQ2ZGE0OTJmYmI0ZjUxMzQxNDc0YjljYw@valued-lion-111655.upstash.io:6379%22 - Local (undefined:undefined)
[05/Jul/2026:17:09:34 +0200] [upstream] [1892995] STDERR:     at internalConnect (node:net:1170:16)
[05/Jul/2026:17:09:34 +0200] [upstream] [1892995] STDERR:     at defaultTriggerAsyncIdScope (node:internal/async_hooks:472:18)
[05/Jul/2026:17:09:34 +0200] [upstream] [1892995] STDERR:     at Socket.connect (node:net:1341:5)
[05/Jul/2026:17:09:34 +0200] [upstream] [1892995] STDERR:     at connect (node:net:250:17)
[05/Jul/2026:17:09:34 +0200] [upstream] [1892995] STDERR:     at /home/groza-bot/www/node_modules/ioredis/built/connectors/StandaloneConnector.js:54:66
[05/Jul/2026:17:09:34 +0200] [upstream] [1892995] STDERR:     at process.processTicksAndRejections (node:internal/process/task_queues:85:11)
[05/Jul/2026:17:09:35 +0200] [upstream] [1892995] STDERR: Error: connect EINVAL %22rediss://default:gQAAAAAAAbQnAAIgcDE2NDY2N2UyZmQ2ZGE0OTJmYmI0ZjUxMzQxNDc0YjljYw@valued-lion-111655.upstash.io:6379%22 - Local (undefined:undefined)
[05/Jul/2026:17:09:35 +0200] [upstream] [1892995] STDERR:     at internalConnect (node:net:1170:16)
[05/Jul/2026:17:09:35 +0200] [upstream] [1892995] STDERR:     at defaultTriggerAsyncIdScope (node:internal/async_hooks:472:18)
[05/Jul/2026:17:09:35 +0200] [upstream] [1892995] STDERR:     at Socket.connect (node:net:1341:5)
[05/Jul/2026:17:09:35 +0200] [upstream] [1892995] STDERR:     at connect (node:net:250:17)
[05/Jul/2026:17:09:35 +0200] [upstream] [1892995] STDERR:     at /home/groza-bot/www/node_modules/bullmq/node_modules/ioredis/built/connectors/StandaloneConnector.js:54:66
[05/Jul/2026:17:09:35 +0200] [upstream] [1892995] STDERR:     at processTicksAndRejections (node:internal/process/task_queues:85:11)
[05/Jul/2026:17:09:35 +0200] [upstream] [1892995] STDERR:     at runNextTicks (node:internal/process/task_queues:69:3)
[05/Jul/2026:17:09:35 +0200] [upstream] [1892995] STDERR:     at listOnTimeout (node:internal/timers:567:9)
[05/Jul/2026:17:09:35 +0200] [upstream] [1892995] STDERR:     at process.processTimers (node:internal/timers:541:7) {
[05/Jul/2026:17:09:35 +0200] [upstream] [1892995] STDERR:   errno: -22,
[05/Jul/2026:17:09:35 +0200] [upstream] [1892995] STDERR:   code: 'EINVAL',
[05/Jul/2026:17:09:35 +0200] [upstream] [1892995] STDERR:   syscall: 'connect',
[05/Jul/2026:17:09:35 +0200] [upstream] [1892995] STDERR:   address: '%22rediss://default:gQAAAAAAAbQnAAIgcDE2NDY2N2UyZmQ2ZGE0OTJmYmI0ZjUxMzQxNDc0YjljYw@valued-lion-111655.upstash.io:6379%22'
[05/Jul/2026:17:09:35 +0200] [upstream] [1892995] STDERR: }
[05/Jul/2026:17:09:35 +0200] [upstream] [1892995] STDERR: Error: connect EINVAL %22rediss://default:gQAAAAAAAbQnAAIgcDE2NDY2N2UyZmQ2ZGE0OTJmYmI0ZjUxMzQxNDc0YjljYw@valued-lion-111655.upstash.io:6379%22 - Local (undefined:undefined)
[05/Jul/2026:17:09:35 +0200] [upstream] [1892995] STDERR:     at internalConnect (node:net:1170:16)
[05/Jul/2026:17:09:35 +0200] [upstream] [1892995] STDERR:     at defaultTriggerAsyncIdScope (node:internal/async_hooks:472:18)
[05/Jul/2026:17:09:35 +0200] [upstream] [1892995] STDERR:     at Socket.connect (node:net:1341:5)
[05/Jul/2026:17:09:35 +0200] [upstream] [1892995] STDERR:     at connect (node:net:250:17)
[05/Jul/2026:17:09:35 +0200] [upstream] [1892995] STDERR:     at /home/groza-bot/www/node_modules/bullmq/node_modules/ioredis/built/connectors/StandaloneConnector.js:54:66
[05/Jul/2026:17:09:35 +0200] [upstream] [1892995] STDERR:     at processTicksAndRejections (node:internal/process/task_queues:85:11)
[05/Jul/2026:17:09:35 +0200] [upstream] [1892995] STDERR:     at runNextTicks (node:internal/process/task_queues:69:3)
[05/Jul/2026:17:09:35 +0200] [upstream] [1892995] STDERR:     at listOnTimeout (node:internal/timers:567:9)
[05/Jul/2026:17:09:35 +0200] [upstream] [1892995] STDERR:     at process.processTimers (node:internal/timers:541:7) {
[05/Jul/2026:17:09:35 +0200] [upstream] [1892995] STDERR:   errno: -22,
[05/Jul/2026:17:09:35 +0200] [upstream] [1892995] STDERR:   code: 'EINVAL',
[05/Jul/2026:17:09:35 +0200] [upstream] [1892995] STDERR:   syscall: 'connect',
[05/Jul/2026:17:09:35 +0200] [upstream] [1892995] STDERR:   address: '%22rediss://default:gQAAAAAAAbQnAAIgcDE2NDY2N2UyZmQ2ZGE0OTJmYmI0ZjUxMzQxNDc0YjljYw@valued-lion-111655.upstash.io:6379%22'
[05/Jul/2026:17:09:35 +0200] [upstream] [1892995] STDERR: }
[05/Jul/2026:17:09:35 +0200] [upstream] [1892995] STDERR: Error: connect EINVAL %22rediss://default:gQAAAAAAAbQnAAIgcDE2NDY2N2UyZmQ2ZGE0OTJmYmI0ZjUxMzQxNDc0YjljYw@valued-lion-111655.upstash.io:6379%22 - Local (undefined:undefined)
[05/Jul/2026:17:09:35 +0200] [upstream] [1892995] STDERR:     at internalConnect (node:net:1170:16)
[05/Jul/2026:17:09:35 +0200] [upstream] [1892995] STDERR:     at defaultTriggerAsyncIdScope (node:internal/async_hooks:472:18)
[05/Jul/2026:17:09:35 +0200] [upstream] [1892995] STDERR:     at Socket.connect (node:net:1341:5)
[05/Jul/2026:17:09:35 +0200] [upstream] [1892995] STDERR:     at connect (node:net:250:17)
[05/Jul/2026:17:09:35 +0200] [upstream] [1892995] STDERR:     at /home/groza-bot/www/node_modules/bullmq/node_modules/ioredis/built/connectors/StandaloneConnector.js:54:66
[05/Jul/2026:17:09:35 +0200] [upstream] [1892995] STDERR:     at process.processTicksAndRejections (node:internal/process/task_queues:85:11) {
[05/Jul/2026:17:09:35 +0200] [upstream] [1892995] STDERR:   errno: -22,
[05/Jul/2026:17:09:35 +0200] [upstream] [1892995] STDERR:   code: 'EINVAL',
[05/Jul/2026:17:09:35 +0200] [upstream] [1892995] STDERR:   syscall: 'connect',
[05/Jul/2026:17:09:35 +0200] [upstream] [1892995] STDERR:   address: '%22rediss://default:gQAAAAAAAbQnAAIgcDE2NDY2N2UyZmQ2ZGE0OTJmYmI0ZjUxMzQxNDc0YjljYw@valued-lion-111655.upstash.io:6379%22'
[05/Jul/2026:17:09:35 +0200] [upstream] [1892995] STDERR: }
[05/Jul/2026:17:09:35 +0200] [upstream] [1892995] STDERR: [ioredis] Unhandled error event: Error: connect EINVAL //default:gQAAAAAAAbQnAAIgcDE2NDY2N2UyZmQ2ZGE0OTJmYmI0ZjUxMzQxNDc0YjljYw@valued-lion-111655.upstash.io:6379%22 - Local (undefined:undefined)
[05/Jul/2026:17:09:35 +0200] [upstream] [1892995] STDERR:     at internalConnect (node:net:1170:16)
[05/Jul/2026:17:09:35 +0200] [upstream] [1892995] STDERR:     at defaultTriggerAsyncIdScope (node:internal/async_hooks:472:18)
[05/Jul/2026:17:09:35 +0200] [upstream] [1892995] STDERR:     at Socket.connect (node:net:1341:5)
[05/Jul/2026:17:09:35 +0200] [upstream] [1892995] STDERR:     at connect (node:net:250:17)
[05/Jul/2026:17:09:35 +0200] [upstream] [1892995] STDERR:     at /home/groza-bot/www/node_modules/ioredis/built/connectors/StandaloneConnector.js:54:66
[05/Jul/2026:17:09:35 +0200] [upstream] [1892995] STDERR:     at process.processTicksAndRejections (node:internal/process/task_queues:85:11)
[05/Jul/2026:17:09:36 +0200] [upstream] [1892995] STDERR: Error: connect EINVAL %22rediss://default:gQAAAAAAAbQnAAIgcDE2NDY2N2UyZmQ2ZGE0OTJmYmI0ZjUxMzQxNDc0YjljYw@valued-lion-111655.upstash.io:6379%22 - Local (undefined:undefined)
[05/Jul/2026:17:09:36 +0200] [upstream] [1892995] STDERR:     at internalConnect (node:net:1170:16)
[05/Jul/2026:17:09:36 +0200] [upstream] [1892995] STDERR:     at defaultTriggerAsyncIdScope (node:internal/async_hooks:472:18)
[05/Jul/2026:17:09:36 +0200] [upstream] [1892995] STDERR:     at Socket.connect (node:net:1341:5)
[05/Jul/2026:17:09:36 +0200] [upstream] [1892995] STDERR:     at connect (node:net:250:17)
[05/Jul/2026:17:09:36 +0200] [upstream] [1892995] STDERR:     at /home/groza-bot/www/node_modules/bullmq/node_modules/ioredis/built/connectors/StandaloneConnector.js:54:66
[05/Jul/2026:17:09:36 +0200] [upstream] [1892995] STDERR:     at processTicksAndRejections (node:internal/process/task_queues:85:11)
[05/Jul/2026:17:09:36 +0200] [upstream] [1892995] STDERR:     at runNextTicks (node:internal/process/task_queues:69:3)
[05/Jul/2026:17:09:36 +0200] [upstream] [1892995] STDERR:     at listOnTimeout (node:internal/timers:567:9)
[05/Jul/2026:17:09:36 +0200] [upstream] [1892995] STDERR:     at process.processTimers (node:internal/timers:541:7) {
[05/Jul/2026:17:09:36 +0200] [upstream] [1892995] STDERR:   errno: -22,
[05/Jul/2026:17:09:36 +0200] [upstream] [1892995] STDERR:   code: 'EINVAL',
[05/Jul/2026:17:09:36 +0200] [upstream] [1892995] STDERR:   syscall: 'connect',
[05/Jul/2026:17:09:36 +0200] [upstream] [1892995] STDERR:   address: '%22rediss://default:gQAAAAAAAbQnAAIgcDE2NDY2N2UyZmQ2ZGE0OTJmYmI0ZjUxMzQxNDc0YjljYw@valued-lion-111655.upstash.io:6379%22'
[05/Jul/2026:17:09:36 +0200] [upstream] [1892995] STDERR: }
[05/Jul/2026:17:09:36 +0200] [upstream] [1892995] STDERR: Error: connect EINVAL %22rediss://default:gQAAAAAAAbQnAAIgcDE2NDY2N2UyZmQ2ZGE0OTJmYmI0ZjUxMzQxNDc0YjljYw@valued-lion-111655.upstash.io:6379%22 - Local (undefined:undefined)
[05/Jul/2026:17:09:36 +0200] [upstream] [1892995] STDERR:     at internalConnect (node:net:1170:16)
[05/Jul/2026:17:09:36 +0200] [upstream] [1892995] STDERR:     at defaultTriggerAsyncIdScope (node:internal/async_hooks:472:18)
[05/Jul/2026:17:09:36 +0200] [upstream] [1892995] STDERR:     at Socket.connect (node:net:1341:5)
[05/Jul/2026:17:09:36 +0200] [upstream] [1892995] STDERR:     at connect (node:net:250:17)
[05/Jul/2026:17:09:36 +0200] [upstream] [1892995] STDERR:     at /home/groza-bot/www/node_modules/bullmq/node_modules/ioredis/built/connectors/StandaloneConnector.js:54:66
[05/Jul/2026:17:09:36 +0200] [upstream] [1892995] STDERR:     at processTicksAndRejections (node:internal/process/task_queues:85:11)
[05/Jul/2026:17:09:36 +0200] [upstream] [1892995] STDERR:     at runNextTicks (node:internal/process/task_queues:69:3)
[05/Jul/2026:17:09:36 +0200] [upstream] [1892995] STDERR:     at listOnTimeout (node:internal/timers:567:9)
[05/Jul/2026:17:09:36 +0200] [upstream] [1892995] STDERR:     at process.processTimers (node:internal/timers:541:7) {
[05/Jul/2026:17:09:36 +0200] [upstream] [1892995] STDERR:   errno: -22,
[05/Jul/2026:17:09:36 +0200] [upstream] [1892995] STDERR:   code: 'EINVAL',
[05/Jul/2026:17:09:36 +0200] [upstream] [1892995] STDERR:   syscall: 'connect',
[05/Jul/2026:17:09:36 +0200] [upstream] [1892995] STDERR:   address: '%22rediss://default:gQAAAAAAAbQnAAIgcDE2NDY2N2UyZmQ2ZGE0OTJmYmI0ZjUxMzQxNDc0YjljYw@valued-lion-111655.upstash.io:6379%22'
[05/Jul/2026:17:09:36 +0200] [upstream] [1892995] STDERR: }
[05/Jul/2026:17:09:36 +0200] [upstream] [1892995] STDERR: Error: connect EINVAL %22rediss://default:gQAAAAAAAbQnAAIgcDE2NDY2N2UyZmQ2ZGE0OTJmYmI0ZjUxMzQxNDc0YjljYw@valued-lion-111655.upstash.io:6379%22 - Local (undefined:undefined)
[05/Jul/2026:17:09:36 +0200] [upstream] [1892995] STDERR:     at internalConnect (node:net:1170:16)
[05/Jul/2026:17:09:36 +0200] [upstream] [1892995] STDERR:     at defaultTriggerAsyncIdScope (node:internal/async_hooks:472:18)
[05/Jul/2026:17:09:36 +0200] [upstream] [1892995] STDERR:     at Socket.connect (node:net:1341:5)
[05/Jul/2026:17:09:36 +0200] [upstream] [1892995] STDERR:     at connect (node:net:250:17)
[05/Jul/2026:17:09:36 +0200] [upstream] [1892995] STDERR:     at /home/groza-bot/www/node_modules/bullmq/node_modules/ioredis/built/connectors/StandaloneConnector.js:54:66
[05/Jul/2026:17:09:36 +0200] [upstream] [1892995] STDERR:     at process.processTicksAndRejections (node:internal/process/task_queues:85:11) {
[05/Jul/2026:17:09:36 +0200] [upstream] [1892995] STDERR:   errno: -22,
[05/Jul/2026:17:09:36 +0200] [upstream] [1892995] STDERR:   code: 'EINVAL',
[05/Jul/2026:17:09:36 +0200] [upstream] [1892995] STDERR:   syscall: 'connect',
[05/Jul/2026:17:09:36 +0200] [upstream] [1892995] STDERR:   address: '%22rediss://default:gQAAAAAAAbQnAAIgcDE2NDY2N2UyZmQ2ZGE0OTJmYmI0ZjUxMzQxNDc0YjljYw@valued-lion-111655.upstash.io:6379%22'
[05/Jul/2026:17:09:36 +0200] [upstream] [1892995] STDERR: }
[05/Jul/2026:17:09:36 +0200] [upstream] [1892995] STDERR: [ioredis] Unhandled error event: Error: connect EINVAL //default:gQAAAAAAAbQnAAIgcDE2NDY2N2UyZmQ2ZGE0OTJmYmI0ZjUxMzQxNDc0YjljYw@valued-lion-111655.upstash.io:6379%22 - Local (undefined:undefined)
[05/Jul/2026:17:09:36 +0200] [upstream] [1892995] STDERR:     at internalConnect (node:net:1170:16)
[05/Jul/2026:17:09:36 +0200] [upstream] [1892995] STDERR:     at defaultTriggerAsyncIdScope (node:internal/async_hooks:472:18)
[05/Jul/2026:17:09:36 +0200] [upstream] [1892995] STDERR:     at Socket.connect (node:net:1341:5)
[05/Jul/2026:17:09:36 +0200] [upstream] [1892995] STDERR:     at connect (node:net:250:17)
[05/Jul/2026:17:09:36 +0200] [upstream] [1892995] STDERR:     at /home/groza-bot/www/node_modules/ioredis/built/connectors/StandaloneConnector.js:54:66
[05/Jul/2026:17:09:36 +0200] [upstream] [1892995] STDERR:     at process.processTicksAndRejections (node:internal/process/task_queues:85:11)
[05/Jul/2026:17:09:37 +0200] [upstream] [1892995] STDERR: [ioredis] Unhandled error event: Error: connect EINVAL //default:gQAAAAAAAbQnAAIgcDE2NDY2N2UyZmQ2ZGE0OTJmYmI0ZjUxMzQxNDc0YjljYw@valued-lion-111655.upstash.io:6379%22 - Local (undefined:undefined)
[05/Jul/2026:17:09:37 +0200] [upstream] [1892995] STDERR:     at internalConnect (node:net:1170:16)
[05/Jul/2026:17:09:37 +0200] [upstream] [1892995] STDERR:     at defaultTriggerAsyncIdScope (node:internal/async_hooks:472:18)
[05/Jul/2026:17:09:37 +0200] [upstream] [1892995] STDERR:     at Socket.connect (node:net:1341:5)
[05/Jul/2026:17:09:37 +0200] [upstream] [1892995] STDERR:     at connect (node:net:250:17)
[05/Jul/2026:17:09:37 +0200] [upstream] [1892995] STDERR:     at /home/groza-bot/www/node_modules/ioredis/built/connectors/StandaloneConnector.js:54:66
[05/Jul/2026:17:09:37 +0200] [upstream] [1892995] STDERR:     at process.processTicksAndRejections (node:internal/process/task_queues:85:11)
[05/Jul/2026:17:09:37 +0200] [upstream] [1892995] STDERR: Error: connect EINVAL %22rediss://default:gQAAAAAAAbQnAAIgcDE2NDY2N2UyZmQ2ZGE0OTJmYmI0ZjUxMzQxNDc0YjljYw@valued-lion-111655.upstash.io:6379%22 - Local (undefined:undefined)
[05/Jul/2026:17:09:37 +0200] [upstream] [1892995] STDERR:     at internalConnect (node:net:1170:16)
[05/Jul/2026:17:09:37 +0200] [upstream] [1892995] STDERR:     at defaultTriggerAsyncIdScope (node:internal/async_hooks:472:18)
[05/Jul/2026:17:09:37 +0200] [upstream] [1892995] STDERR:     at Socket.connect (node:net:1341:5)
[05/Jul/2026:17:09:37 +0200] [upstream] [1892995] STDERR:     at connect (node:net:250:17)
[05/Jul/2026:17:09:37 +0200] [upstream] [1892995] STDERR:     at /home/groza-bot/www/node_modules/bullmq/node_modules/ioredis/built/connectors/StandaloneConnector.js:54:66
[05/Jul/2026:17:09:37 +0200] [upstream] [1892995] STDERR:     at processTicksAndRejections (node:internal/process/task_queues:85:11)
[05/Jul/2026:17:09:37 +0200] [upstream] [1892995] STDERR:     at runNextTicks (node:internal/process/task_queues:69:3)
[05/Jul/2026:17:09:37 +0200] [upstream] [1892995] STDERR:     at listOnTimeout (node:internal/timers:567:9)
[05/Jul/2026:17:09:37 +0200] [upstream] [1892995] STDERR:     at process.processTimers (node:internal/timers:541:7) {
[05/Jul/2026:17:09:37 +0200] [upstream] [1892995] STDERR:   errno: -22,
[05/Jul/2026:17:09:37 +0200] [upstream] [1892995] STDERR:   code: 'EINVAL',
[05/Jul/2026:17:09:37 +0200] [upstream] [1892995] STDERR:   syscall: 'connect',
[05/Jul/2026:17:09:37 +0200] [upstream] [1892995] STDERR:   address: '%22rediss://default:gQAAAAAAAbQnAAIgcDE2NDY2N2UyZmQ2ZGE0OTJmYmI0ZjUxMzQxNDc0YjljYw@valued-lion-111655.upstash.io:6379%22'
[05/Jul/2026:17:09:37 +0200] [upstream] [1892995] STDERR: }
[05/Jul/2026:17:09:37 +0200] [upstream] [1892995] STDERR: Error: connect EINVAL %22rediss://default:gQAAAAAAAbQnAAIgcDE2NDY2N2UyZmQ2ZGE0OTJmYmI0ZjUxMzQxNDc0YjljYw@valued-lion-111655.upstash.io:6379%22 - Local (undefined:undefined)
[05/Jul/2026:17:09:37 +0200] [upstream] [1892995] STDERR:     at internalConnect (node:net:1170:16)
[05/Jul/2026:17:09:37 +0200] [upstream] [1892995] STDERR:     at defaultTriggerAsyncIdScope (node:internal/async_hooks:472:18)
[05/Jul/2026:17:09:37 +0200] [upstream] [1892995] STDERR:     at Socket.connect (node:net:1341:5)
[05/Jul/2026:17:09:37 +0200] [upstream] [1892995] STDERR:     at connect (node:net:250:17)
[05/Jul/2026:17:09:37 +0200] [upstream] [1892995] STDERR:     at /home/groza-bot/www/node_modules/bullmq/node_modules/ioredis/built/connectors/StandaloneConnector.js:54:66
[05/Jul/2026:17:09:37 +0200] [upstream] [1892995] STDERR:     at processTicksAndRejections (node:internal/process/task_queues:85:11)
[05/Jul/2026:17:09:37 +0200] [upstream] [1892995] STDERR:     at runNextTicks (node:internal/process/task_queues:69:3)
[05/Jul/2026:17:09:37 +0200] [upstream] [1892995] STDERR:     at listOnTimeout (node:internal/timers:567:9)
[05/Jul/2026:17:09:37 +0200] [upstream] [1892995] STDERR:     at process.processTimers (node:internal/timers:541:7) {
[05/Jul/2026:17:09:37 +0200] [upstream] [1892995] STDERR:   errno: -22,
[05/Jul/2026:17:09:37 +0200] [upstream] [1892995] STDERR:   code: 'EINVAL',
[05/Jul/2026:17:09:37 +0200] [upstream] [1892995] STDERR:   syscall: 'connect',
[05/Jul/2026:17:09:37 +0200] [upstream] [1892995] STDERR:   address: '%22rediss://default:gQAAAAAAAbQnAAIgcDE2NDY2N2UyZmQ2ZGE0OTJmYmI0ZjUxMzQxNDc0YjljYw@valued-lion-111655.upstash.io:6379%22'
[05/Jul/2026:17:09:37 +0200] [upstream] [1892995] STDERR: }
[05/Jul/2026:17:09:37 +0200] [upstream] [1892995] STDERR: Error: connect EINVAL %22rediss://default:gQAAAAAAAbQnAAIgcDE2NDY2N2UyZmQ2ZGE0OTJmYmI0ZjUxMzQxNDc0YjljYw@valued-lion-111655.upstash.io:6379%22 - Local (undefined:undefined)
[05/Jul/2026:17:09:37 +0200] [upstream] [1892995] STDERR:     at internalConnect (node:net:1170:16)
[05/Jul/2026:17:09:37 +0200] [upstream] [1892995] STDERR:     at defaultTriggerAsyncIdScope (node:internal/async_hooks:472:18)
[05/Jul/2026:17:09:37 +0200] [upstream] [1892995] STDERR:     at Socket.connect (node:net:1341:5)
[05/Jul/2026:17:09:37 +0200] [upstream] [1892995] STDERR:     at connect (node:net:250:17)
[05/Jul/2026:17:09:37 +0200] [upstream] [1892995] STDERR:     at /home/groza-bot/www/node_modules/bullmq/node_modules/ioredis/built/connectors/StandaloneConnector.js:54:66
[05/Jul/2026:17:09:37 +0200] [upstream] [1892995] STDERR:     at process.processTicksAndRejections (node:internal/process/task_queues:85:11) {
[05/Jul/2026:17:09:37 +0200] [upstream] [1892995] STDERR:   errno: -22,
[05/Jul/2026:17:09:37 +0200] [upstream] [1892995] STDERR:   code: 'EINVAL',
[05/Jul/2026:17:09:37 +0200] [upstream] [1892995] STDERR:   syscall: 'connect',
[05/Jul/2026:17:09:37 +0200] [upstream] [1892995] STDERR:   address: '%22rediss://default:gQAAAAAAAbQnAAIgcDE2NDY2N2UyZmQ2ZGE0OTJmYmI0ZjUxMzQxNDc0YjljYw@valued-lion-111655.upstash.io:6379%22'
[05/Jul/2026:17:09:37 +0200] [upstream] [1892995] STDERR: }
[05/Jul/2026:17:09:38 +0200] [upstream] [1892995] STDERR: [ioredis] Unhandled error event: Error: connect EINVAL //default:gQAAAAAAAbQnAAIgcDE2NDY2N2UyZmQ2ZGE0OTJmYmI0ZjUxMzQxNDc0YjljYw@valued-lion-111655.upstash.io:6379%22 - Local (undefined:undefined)
[05/Jul/2026:17:09:38 +0200] [upstream] [1892995] STDERR:     at internalConnect (node:net:1170:16)
[05/Jul/2026:17:09:38 +0200] [upstream] [1892995] STDERR:     at defaultTriggerAsyncIdScope (node:internal/async_hooks:472:18)
[05/Jul/2026:17:09:38 +0200] [upstream] [1892995] STDERR:     at Socket.connect (node:net:1341:5)
[05/Jul/2026:17:09:38 +0200] [upstream] [1892995] STDERR:     at connect (node:net:250:17)
[05/Jul/2026:17:09:38 +0200] [upstream] [1892995] STDERR:     at /home/groza-bot/www/node_modules/ioredis/built/connectors/StandaloneConnector.js:54:66
[05/Jul/2026:17:09:38 +0200] [upstream] [1892995] STDERR:     at process.processTicksAndRejections (node:internal/process/task_queues:85:11)
[05/Jul/2026:17:09:38 +0200] [upstream] [1892995] STDERR: [ioredis] Unhandled error event: Error: connect EINVAL //default:gQAAAAAAAbQnAAIgcDE2NDY2N2UyZmQ2ZGE0OTJmYmI0ZjUxMzQxNDc0YjljYw@valued-lion-111655.upstash.io:6379%22 - Local (undefined:undefined)
[05/Jul/2026:17:09:38 +0200] [upstream] [1892995] STDERR:     at internalConnect (node:net:1170:16)
[05/Jul/2026:17:09:38 +0200] [upstream] [1892995] STDERR:     at defaultTriggerAsyncIdScope (node:internal/async_hooks:472:18)
[05/Jul/2026:17:09:38 +0200] [upstream] [1892995] STDERR:     at Socket.connect (node:net:1341:5)
[05/Jul/2026:17:09:38 +0200] [upstream] [1892995] STDERR:     at connect (node:net:250:17)
[05/Jul/2026:17:09:38 +0200] [upstream] [1892995] STDERR:     at /home/groza-bot/www/node_modules/ioredis/built/connectors/StandaloneConnector.js:54:66
[05/Jul/2026:17:09:38 +0200] [upstream] [1892995] STDERR:     at process.processTicksAndRejections (node:internal/process/task_queues:85:11)
[05/Jul/2026:17:09:39 +0200] [upstream] [1892995] STDERR: [ioredis] Unhandled error event: Error: connect EINVAL //default:gQAAAAAAAbQnAAIgcDE2NDY2N2UyZmQ2ZGE0OTJmYmI0ZjUxMzQxNDc0YjljYw@valued-lion-111655.upstash.io:6379%22 - Local (undefined:undefined)
[05/Jul/2026:17:09:39 +0200] [upstream] [1892995] STDERR:     at internalConnect (node:net:1170:16)
[05/Jul/2026:17:09:39 +0200] [upstream] [1892995] STDERR:     at defaultTriggerAsyncIdScope (node:internal/async_hooks:472:18)
[05/Jul/2026:17:09:39 +0200] [upstream] [1892995] STDERR:     at Socket.connect (node:net:1341:5)
[05/Jul/2026:17:09:39 +0200] [upstream] [1892995] STDERR:     at connect (node:net:250:17)
[05/Jul/2026:17:09:39 +0200] [upstream] [1892995] STDERR:     at /home/groza-bot/www/node_modules/ioredis/built/connectors/StandaloneConnector.js:54:66
[05/Jul/2026:17:09:39 +0200] [upstream] [1892995] STDERR:     at process.processTicksAndRejections (node:internal/process/task_queues:85:11)
[05/Jul/2026:17:09:40 +0200] [upstream] [1892995] STDERR: Error: connect EINVAL %22rediss://default:gQAAAAAAAbQnAAIgcDE2NDY2N2UyZmQ2ZGE0OTJmYmI0ZjUxMzQxNDc0YjljYw@valued-lion-111655.upstash.io:6379%22 - Local (undefined:undefined)
[05/Jul/2026:17:09:40 +0200] [upstream] [1892995] STDERR:     at internalConnect (node:net:1170:16)
[05/Jul/2026:17:09:40 +0200] [upstream] [1892995] STDERR:     at defaultTriggerAsyncIdScope (node:internal/async_hooks:472:18)
[05/Jul/2026:17:09:40 +0200] [upstream] [1892995] STDERR:     at Socket.connect (node:net:1341:5)
[05/Jul/2026:17:09:40 +0200] [upstream] [1892995] STDERR:     at connect (node:net:250:17)
[05/Jul/2026:17:09:40 +0200] [upstream] [1892995] STDERR:     at /home/groza-bot/www/node_modules/bullmq/node_modules/ioredis/built/connectors/StandaloneConnector.js:54:66
[05/Jul/2026:17:09:40 +0200] [upstream] [1892995] STDERR:     at processTicksAndRejections (node:internal/process/task_queues:85:11)
[05/Jul/2026:17:09:40 +0200] [upstream] [1892995] STDERR:     at runNextTicks (node:internal/process/task_queues:69:3)
[05/Jul/2026:17:09:40 +0200] [upstream] [1892995] STDERR:     at listOnTimeout (node:internal/timers:567:9)
[05/Jul/2026:17:09:40 +0200] [upstream] [1892995] STDERR:     at process.processTimers (node:internal/timers:541:7) {
[05/Jul/2026:17:09:40 +0200] [upstream] [1892995] STDERR:   errno: -22,
[05/Jul/2026:17:09:40 +0200] [upstream] [1892995] STDERR:   code: 'EINVAL',
[05/Jul/2026:17:09:40 +0200] [upstream] [1892995] STDERR:   syscall: 'connect',
[05/Jul/2026:17:09:40 +0200] [upstream] [1892995] STDERR:   address: '%22rediss://default:gQAAAAAAAbQnAAIgcDE2NDY2N2UyZmQ2ZGE0OTJmYmI0ZjUxMzQxNDc0YjljYw@valued-lion-111655.upstash.io:6379%22'
[05/Jul/2026:17:09:40 +0200] [upstream] [1892995] STDERR: }
[05/Jul/2026:17:09:40 +0200] [upstream] [1892995] STDERR: Error: connect EINVAL %22rediss://default:gQAAAAAAAbQnAAIgcDE2NDY2N2UyZmQ2ZGE0OTJmYmI0ZjUxMzQxNDc0YjljYw@valued-lion-111655.upstash.io:6379%22 - Local (undefined:undefined)
[05/Jul/2026:17:09:40 +0200] [upstream] [1892995] STDERR:     at internalConnect (node:net:1170:16)
[05/Jul/2026:17:09:40 +0200] [upstream] [1892995] STDERR:     at defaultTriggerAsyncIdScope (node:internal/async_hooks:472:18)
[05/Jul/2026:17:09:40 +0200] [upstream] [1892995] STDERR:     at Socket.connect (node:net:1341:5)
[05/Jul/2026:17:09:40 +0200] [upstream] [1892995] STDERR:     at connect (node:net:250:17)
[05/Jul/2026:17:09:40 +0200] [upstream] [1892995] STDERR:     at /home/groza-bot/www/node_modules/bullmq/node_modules/ioredis/built/connectors/StandaloneConnector.js:54:66
[05/Jul/2026:17:09:40 +0200] [upstream] [1892995] STDERR:     at processTicksAndRejections (node:internal/process/task_queues:85:11)
[05/Jul/2026:17:09:40 +0200] [upstream] [1892995] STDERR:     at runNextTicks (node:internal/process/task_queues:69:3)
[05/Jul/2026:17:09:40 +0200] [upstream] [1892995] STDERR:     at listOnTimeout (node:internal/timers:567:9)
[05/Jul/2026:17:09:40 +0200] [upstream] [1892995] STDERR:     at process.processTimers (node:internal/timers:541:7) {
[05/Jul/2026:17:09:40 +0200] [upstream] [1892995] STDERR:   errno: -22,
[05/Jul/2026:17:09:40 +0200] [upstream] [1892995] STDERR:   code: 'EINVAL',
[05/Jul/2026:17:09:40 +0200] [upstream] [1892995] STDERR:   syscall: 'connect',
[05/Jul/2026:17:09:40 +0200] [upstream] [1892995] STDERR:   address: '%22rediss://default:gQAAAAAAAbQnAAIgcDE2NDY2N2UyZmQ2ZGE0OTJmYmI0ZjUxMzQxNDc0YjljYw@valued-lion-111655.upstash.io:6379%22'
[05/Jul/2026:17:09:40 +0200] [upstream] [1892995] STDERR: }
[05/Jul/2026:17:09:40 +0200] [upstream] [1892995] STDERR: Error: connect EINVAL %22rediss://default:gQAAAAAAAbQnAAIgcDE2NDY2N2UyZmQ2ZGE0OTJmYmI0ZjUxMzQxNDc0YjljYw@valued-lion-111655.upstash.io:6379%22 - Local (undefined:undefined)
[05/Jul/2026:17:09:40 +0200] [upstream] [1892995] STDERR:     at internalConnect (node:net:1170:16)
[05/Jul/2026:17:09:40 +0200] [upstream] [1892995] STDERR:     at defaultTriggerAsyncIdScope (node:internal/async_hooks:472:18)
[05/Jul/2026:17:09:40 +0200] [upstream] [1892995] STDERR:     at Socket.connect (node:net:1341:5)
[05/Jul/2026:17:09:40 +0200] [upstream] [1892995] STDERR:     at connect (node:net:250:17)
[05/Jul/2026:17:09:40 +0200] [upstream] [1892995] STDERR:     at /home/groza-bot/www/node_modules/bullmq/node_modules/ioredis/built/connectors/StandaloneConnector.js:54:66
[05/Jul/2026:17:09:40 +0200] [upstream] [1892995] STDERR:     at process.processTicksAndRejections (node:internal/process/task_queues:85:11) {
[05/Jul/2026:17:09:40 +0200] [upstream] [1892995] STDERR:   errno: -22,
[05/Jul/2026:17:09:40 +0200] [upstream] [1892995] STDERR:   code: 'EINVAL',
[05/Jul/2026:17:09:40 +0200] [upstream] [1892995] STDERR:   syscall: 'connect',
[05/Jul/2026:17:09:40 +0200] [upstream] [1892995] STDERR:   address: '%22rediss://default:gQAAAAAAAbQnAAIgcDE2NDY2N2UyZmQ2ZGE0OTJmYmI0ZjUxMzQxNDc0YjljYw@valued-lion-111655.upstash.io:6379%22'
[05/Jul/2026:17:09:40 +0200] [upstream] [1892995] STDERR: }
[05/Jul/2026:17:09:40 +0200] [upstream] [1892995] STDERR: [ioredis] Unhandled error event: Error: connect EINVAL //default:gQAAAAAAAbQnAAIgcDE2NDY2N2UyZmQ2ZGE0OTJmYmI0ZjUxMzQxNDc0YjljYw@valued-lion-111655.upstash.io:6379%22 - Local (undefined:undefined)
[05/Jul/2026:17:09:40 +0200] [upstream] [1892995] STDERR:     at internalConnect (node:net:1170:16)
[05/Jul/2026:17:09:40 +0200] [upstream] [1892995] STDERR:     at defaultTriggerAsyncIdScope (node:internal/async_hooks:472:18)
[05/Jul/2026:17:09:40 +0200] [upstream] [1892995] STDERR:     at Socket.connect (node:net:1341:5)
[05/Jul/2026:17:09:40 +0200] [upstream] [1892995] STDERR:     at connect (node:net:250:17)
[05/Jul/2026:17:09:40 +0200] [upstream] [1892995] STDERR:     at /home/groza-bot/www/node_modules/ioredis/built/connectors/StandaloneConnector.js:54:66
[05/Jul/2026:17:09:40 +0200] [upstream] [1892995] STDERR:     at process.processTicksAndRejections (node:internal/process/task_queues:85:11)
[05/Jul/2026:17:09:41 +0200] [upstream] [1892995] STDERR: [ioredis] Unhandled error event: Error: connect EINVAL //default:gQAAAAAAAbQnAAIgcDE2NDY2N2UyZmQ2ZGE0OTJmYmI0ZjUxMzQxNDc0YjljYw@valued-lion-111655.upstash.io:6379%22 - Local (undefined:undefined)
[05/Jul/2026:17:09:41 +0200] [upstream] [1892995] STDERR:     at internalConnect (node:net:1170:16)
[05/Jul/2026:17:09:41 +0200] [upstream] [1892995] STDERR:     at defaultTriggerAsyncIdScope (node:internal/async_hooks:472:18)
[05/Jul/2026:17:09:41 +0200] [upstream] [1892995] STDERR:     at Socket.connect (node:net:1341:5)
[05/Jul/2026:17:09:41 +0200] [upstream] [1892995] STDERR:     at connect (node:net:250:17)
[05/Jul/2026:17:09:41 +0200] [upstream] [1892995] STDERR:     at /home/groza-bot/www/node_modules/ioredis/built/connectors/StandaloneConnector.js:54:66
[05/Jul/2026:17:09:41 +0200] [upstream] [1892995] STDERR:     at process.processTicksAndRejections (node:internal/process/task_queues:85:11)
[05/Jul/2026:17:09:43 +0200] [upstream] [1892995] STDERR: [ioredis] Unhandled error event: Error: connect EINVAL //default:gQAAAAAAAbQnAAIgcDE2NDY2N2UyZmQ2ZGE0OTJmYmI0ZjUxMzQxNDc0YjljYw@valued-lion-111655.upstash.io:6379%22 - Local (undefined:undefined)
[05/Jul/2026:17:09:43 +0200] [upstream] [1892995] STDERR:     at internalConnect (node:net:1170:16)
[05/Jul/2026:17:09:43 +0200] [upstream] [1892995] STDERR:     at defaultTriggerAsyncIdScope (node:internal/async_hooks:472:18)
[05/Jul/2026:17:09:43 +0200] [upstream] [1892995] STDERR:     at Socket.connect (node:net:1341:5)
[05/Jul/2026:17:09:43 +0200] [upstream] [1892995] STDERR:     at connect (node:net:250:17)
[05/Jul/2026:17:09:43 +0200] [upstream] [1892995] STDERR:     at /home/groza-bot/www/node_modules/ioredis/built/connectors/StandaloneConnector.js:54:66
[05/Jul/2026:17:09:43 +0200] [upstream] [1892995] STDERR:     at process.processTicksAndRejections (node:internal/process/task_queues:85:11)
[05/Jul/2026:17:09:44 +0200] [upstream] [1892995] STDERR: [ioredis] Unhandled error event: Error: connect EINVAL //default:gQAAAAAAAbQnAAIgcDE2NDY2N2UyZmQ2ZGE0OTJmYmI0ZjUxMzQxNDc0YjljYw@valued-lion-111655.upstash.io:6379%22 - Local (undefined:undefined)
[05/Jul/2026:17:09:44 +0200] [upstream] [1892995] STDERR:     at internalConnect (node:net:1170:16)
[05/Jul/2026:17:09:44 +0200] [upstream] [1892995] STDERR:     at defaultTriggerAsyncIdScope (node:internal/async_hooks:472:18)
[05/Jul/2026:17:09:44 +0200] [upstream] [1892995] STDERR:     at Socket.connect (node:net:1341:5)
[05/Jul/2026:17:09:44 +0200] [upstream] [1892995] STDERR:     at connect (node:net:250:17)
[05/Jul/2026:17:09:44 +0200] [upstream] [1892995] STDERR:     at /home/groza-bot/www/node_modules/ioredis/built/connectors/StandaloneConnector.js:54:66
[05/Jul/2026:17:09:44 +0200] [upstream] [1892995] STDERR:     at process.processTicksAndRejections (node:internal/process/task_queues:85:11)
[05/Jul/2026:17:09:45 +0200] [upstream] [1892995] STDERR: [ioredis] Unhandled error event: Error: connect EINVAL //default:gQAAAAAAAbQnAAIgcDE2NDY2N2UyZmQ2ZGE0OTJmYmI0ZjUxMzQxNDc0YjljYw@valued-lion-111655.upstash.io:6379%22 - Local (undefined:undefined)
[05/Jul/2026:17:09:45 +0200] [upstream] [1892995] STDERR:     at internalConnect (node:net:1170:16)
[05/Jul/2026:17:09:45 +0200] [upstream] [1892995] STDERR:     at defaultTriggerAsyncIdScope (node:internal/async_hooks:472:18)
[05/Jul/2026:17:09:45 +0200] [upstream] [1892995] STDERR:     at Socket.connect (node:net:1341:5)
[05/Jul/2026:17:09:45 +0200] [upstream] [1892995] STDERR:     at connect (node:net:250:17)
[05/Jul/2026:17:09:45 +0200] [upstream] [1892995] STDERR:     at /home/groza-bot/www/node_modules/ioredis/built/connectors/StandaloneConnector.js:54:66
[05/Jul/2026:17:09:45 +0200] [upstream] [1892995] STDERR:     at process.processTicksAndRejections (node:internal/process/task_queues:85:11)
[05/Jul/2026:17:09:46 +0200] [upstream] [1892995] STDERR: [ioredis] Unhandled error event: Error: connect EINVAL //default:gQAAAAAAAbQnAAIgcDE2NDY2N2UyZmQ2ZGE0OTJmYmI0ZjUxMzQxNDc0YjljYw@valued-lion-111655.upstash.io:6379%22 - Local (undefined:undefined)
[05/Jul/2026:17:09:46 +0200] [upstream] [1892995] STDERR:     at internalConnect (node:net:1170:16)
[05/Jul/2026:17:09:46 +0200] [upstream] [1892995] STDERR:     at defaultTriggerAsyncIdScope (node:internal/async_hooks:472:18)
[05/Jul/2026:17:09:46 +0200] [upstream] [1892995] STDERR:     at Socket.connect (node:net:1341:5)
[05/Jul/2026:17:09:46 +0200] [upstream] [1892995] STDERR:     at connect (node:net:250:17)
[05/Jul/2026:17:09:46 +0200] [upstream] [1892995] STDERR:     at /home/groza-bot/www/node_modules/ioredis/built/connectors/StandaloneConnector.js:54:66
[05/Jul/2026:17:09:46 +0200] [upstream] [1892995] STDERR:     at process.processTicksAndRejections (node:internal/process/task_queues:85:11)
[05/Jul/2026:17:09:47 +0200] [upstream] [1892995] STDERR: [ioredis] Unhandled error event: Error: connect EINVAL //default:gQAAAAAAAbQnAAIgcDE2NDY2N2UyZmQ2ZGE0OTJmYmI0ZjUxMzQxNDc0YjljYw@valued-lion-111655.upstash.io:6379%22 - Local (undefined:undefined)
[05/Jul/2026:17:09:47 +0200] [upstream] [1892995] STDERR:     at internalConnect (node:net:1170:16)
[05/Jul/2026:17:09:47 +0200] [upstream] [1892995] STDERR:     at defaultTriggerAsyncIdScope (node:internal/async_hooks:472:18)
[05/Jul/2026:17:09:47 +0200] [upstream] [1892995] STDERR:     at Socket.connect (node:net:1341:5)
[05/Jul/2026:17:09:47 +0200] [upstream] [1892995] STDERR:     at connect (node:net:250:17)
[05/Jul/2026:17:09:47 +0200] [upstream] [1892995] STDERR:     at /home/groza-bot/www/node_modules/ioredis/built/connectors/StandaloneConnector.js:54:66
[05/Jul/2026:17:09:47 +0200] [upstream] [1892995] STDERR:     at process.processTicksAndRejections (node:internal/process/task_queues:85:11)
[05/Jul/2026:17:09:48 +0200] [upstream] [1892995] STDERR: Error: connect EINVAL %22rediss://default:gQAAAAAAAbQnAAIgcDE2NDY2N2UyZmQ2ZGE0OTJmYmI0ZjUxMzQxNDc0YjljYw@valued-lion-111655.upstash.io:6379%22 - Local (undefined:undefined)
[05/Jul/2026:17:09:48 +0200] [upstream] [1892995] STDERR:     at internalConnect (node:net:1170:16)
[05/Jul/2026:17:09:48 +0200] [upstream] [1892995] STDERR:     at defaultTriggerAsyncIdScope (node:internal/async_hooks:472:18)
[05/Jul/2026:17:09:48 +0200] [upstream] [1892995] STDERR:     at Socket.connect (node:net:1341:5)
[05/Jul/2026:17:09:48 +0200] [upstream] [1892995] STDERR:     at connect (node:net:250:17)
[05/Jul/2026:17:09:48 +0200] [upstream] [1892995] STDERR:     at /home/groza-bot/www/node_modules/bullmq/node_modules/ioredis/built/connectors/StandaloneConnector.js:54:66
[05/Jul/2026:17:09:48 +0200] [upstream] [1892995] STDERR:     at processTicksAndRejections (node:internal/process/task_queues:85:11)
[05/Jul/2026:17:09:48 +0200] [upstream] [1892995] STDERR:     at runNextTicks (node:internal/process/task_queues:69:3)
[05/Jul/2026:17:09:48 +0200] [upstream] [1892995] STDERR:     at listOnTimeout (node:internal/timers:567:9)
[05/Jul/2026:17:09:48 +0200] [upstream] [1892995] STDERR:     at process.processTimers (node:internal/timers:541:7) {
[05/Jul/2026:17:09:48 +0200] [upstream] [1892995] STDERR:   errno: -22,
[05/Jul/2026:17:09:48 +0200] [upstream] [1892995] STDERR:   code: 'EINVAL',
[05/Jul/2026:17:09:48 +0200] [upstream] [1892995] STDERR:   syscall: 'connect',
[05/Jul/2026:17:09:48 +0200] [upstream] [1892995] STDERR:   address: '%22rediss://default:gQAAAAAAAbQnAAIgcDE2NDY2N2UyZmQ2ZGE0OTJmYmI0ZjUxMzQxNDc0YjljYw@valued-lion-111655.upstash.io:6379%22'
[05/Jul/2026:17:09:48 +0200] [upstream] [1892995] STDERR: }
[05/Jul/2026:17:09:48 +0200] [upstream] [1892995] STDERR: Error: connect EINVAL %22rediss://default:gQAAAAAAAbQnAAIgcDE2NDY2N2UyZmQ2ZGE0OTJmYmI0ZjUxMzQxNDc0YjljYw@valued-lion-111655.upstash.io:6379%22 - Local (undefined:undefined)
[05/Jul/2026:17:09:48 +0200] [upstream] [1892995] STDERR:     at internalConnect (node:net:1170:16)
[05/Jul/2026:17:09:48 +0200] [upstream] [1892995] STDERR:     at defaultTriggerAsyncIdScope (node:internal/async_hooks:472:18)
[05/Jul/2026:17:09:48 +0200] [upstream] [1892995] STDERR:     at Socket.connect (node:net:1341:5)
[05/Jul/2026:17:09:48 +0200] [upstream] [1892995] STDERR:     at connect (node:net:250:17)
[05/Jul/2026:17:09:48 +0200] [upstream] [1892995] STDERR:     at /home/groza-bot/www/node_modules/bullmq/node_modules/ioredis/built/connectors/StandaloneConnector.js:54:66
[05/Jul/2026:17:09:48 +0200] [upstream] [1892995] STDERR:     at processTicksAndRejections (node:internal/process/task_queues:85:11)
[05/Jul/2026:17:09:48 +0200] [upstream] [1892995] STDERR:     at runNextTicks (node:internal/process/task_queues:69:3)
[05/Jul/2026:17:09:48 +0200] [upstream] [1892995] STDERR:     at listOnTimeout (node:internal/timers:567:9)
[05/Jul/2026:17:09:48 +0200] [upstream] [1892995] STDERR:     at process.processTimers (node:internal/timers:541:7) {
[05/Jul/2026:17:09:48 +0200] [upstream] [1892995] STDERR:   errno: -22,
[05/Jul/2026:17:09:48 +0200] [upstream] [1892995] STDERR:   code: 'EINVAL',
[05/Jul/2026:17:09:48 +0200] [upstream] [1892995] STDERR:   syscall: 'connect',
[05/Jul/2026:17:09:48 +0200] [upstream] [1892995] STDERR:   address: '%22rediss://default:gQAAAAAAAbQnAAIgcDE2NDY2N2UyZmQ2ZGE0OTJmYmI0ZjUxMzQxNDc0YjljYw@valued-lion-111655.upstash.io:6379%22'
[05/Jul/2026:17:09:48 +0200] [upstream] [1892995] STDERR: }
[05/Jul/2026:17:09:48 +0200] [upstream] [1892995] STDERR: Error: connect EINVAL %22rediss://default:gQAAAAAAAbQnAAIgcDE2NDY2N2UyZmQ2ZGE0OTJmYmI0ZjUxMzQxNDc0YjljYw@valued-lion-111655.upstash.io:6379%22 - Local (undefined:undefined)
[05/Jul/2026:17:09:48 +0200] [upstream] [1892995] STDERR:     at internalConnect (node:net:1170:16)
[05/Jul/2026:17:09:48 +0200] [upstream] [1892995] STDERR:     at defaultTriggerAsyncIdScope (node:internal/async_hooks:472:18)
[05/Jul/2026:17:09:48 +0200] [upstream] [1892995] STDERR:     at Socket.connect (node:net:1341:5)
[05/Jul/2026:17:09:48 +0200] [upstream] [1892995] STDERR:     at connect (node:net:250:17)
[05/Jul/2026:17:09:48 +0200] [upstream] [1892995] STDERR:     at /home/groza-bot/www/node_modules/bullmq/node_modules/ioredis/built/connectors/StandaloneConnector.js:54:66
[05/Jul/2026:17:09:48 +0200] [upstream] [1892995] STDERR:     at process.processTicksAndRejections (node:internal/process/task_queues:85:11) {
[05/Jul/2026:17:09:48 +0200] [upstream] [1892995] STDERR:   errno: -22,
[05/Jul/2026:17:09:48 +0200] [upstream] [1892995] STDERR:   code: 'EINVAL',
[05/Jul/2026:17:09:48 +0200] [upstream] [1892995] STDERR:   syscall: 'connect',
[05/Jul/2026:17:09:48 +0200] [upstream] [1892995] STDERR:   address: '%22rediss://default:gQAAAAAAAbQnAAIgcDE2NDY2N2UyZmQ2ZGE0OTJmYmI0ZjUxMzQxNDc0YjljYw@valued-lion-111655.upstash.io:6379%22'
[05/Jul/2026:17:09:48 +0200] [upstream] [1892995] STDERR: }
[05/Jul/2026:17:09:49 +0200] [upstream] [1892995] STDERR: [ioredis] Unhandled error event: Error: connect EINVAL //default:gQAAAAAAAbQnAAIgcDE2NDY2N2UyZmQ2ZGE0OTJmYmI0ZjUxMzQxNDc0YjljYw@valued-lion-111655.upstash.io:6379%22 - Local (undefined:undefined)
[05/Jul/2026:17:09:49 +0200] [upstream] [1892995] STDERR:     at internalConnect (node:net:1170:16)
[05/Jul/2026:17:09:49 +0200] [upstream] [1892995] STDERR:     at defaultTriggerAsyncIdScope (node:internal/async_hooks:472:18)
[05/Jul/2026:17:09:49 +0200] [upstream] [1892995] STDERR:     at Socket.connect (node:net:1341:5)
[05/Jul/2026:17:09:49 +0200] [upstream] [1892995] STDERR:     at connect (node:net:250:17)
[05/Jul/2026:17:09:49 +0200] [upstream] [1892995] STDERR:     at /home/groza-bot/www/node_modules/ioredis/built/connectors/StandaloneConnector.js:54:66
[05/Jul/2026:17:09:49 +0200] [upstream] [1892995] STDERR:     at process.processTicksAndRejections (node:internal/process/task_queues:85:11)
[05/Jul/2026:17:09:50 +0200] [upstream] [1892995] STDERR: [ioredis] Unhandled error event: Error: connect EINVAL //default:gQAAAAAAAbQnAAIgcDE2NDY2N2UyZmQ2ZGE0OTJmYmI0ZjUxMzQxNDc0YjljYw@valued-lion-111655.upstash.io:6379%22 - Local (undefined:undefined)
[05/Jul/2026:17:09:50 +0200] [upstream] [1892995] STDERR:     at internalConnect (node:net:1170:16)
[05/Jul/2026:17:09:50 +0200] [upstream] [1892995] STDERR:     at defaultTriggerAsyncIdScope (node:internal/async_hooks:472:18)
[05/Jul/2026:17:09:50 +0200] [upstream] [1892995] STDERR:     at Socket.connect (node:net:1341:5)
[05/Jul/2026:17:09:50 +0200] [upstream] [1892995] STDERR:     at connect (node:net:250:17)
[05/Jul/2026:17:09:50 +0200] [upstream] [1892995] STDERR:     at /home/groza-bot/www/node_modules/ioredis/built/connectors/StandaloneConnector.js:54:66
[05/Jul/2026:17:09:50 +0200] [upstream] [1892995] STDERR:     at process.processTicksAndRejections (node:internal/process/task_queues:85:11)
[05/Jul/2026:17:09:52 +0200] [upstream] [1892995] STDERR: [ioredis] Unhandled error event: Error: connect EINVAL //default:gQAAAAAAAbQnAAIgcDE2NDY2N2UyZmQ2ZGE0OTJmYmI0ZjUxMzQxNDc0YjljYw@valued-lion-111655.upstash.io:6379%22 - Local (undefined:undefined)
[05/Jul/2026:17:09:52 +0200] [upstream] [1892995] STDERR:     at internalConnect (node:net:1170:16)
[05/Jul/2026:17:09:52 +0200] [upstream] [1892995] STDERR:     at defaultTriggerAsyncIdScope (node:internal/async_hooks:472:18)
[05/Jul/2026:17:09:52 +0200] [upstream] [1892995] STDERR:     at Socket.connect (node:net:1341:5)
[05/Jul/2026:17:09:52 +0200] [upstream] [1892995] STDERR:     at connect (node:net:250:17)
[05/Jul/2026:17:09:52 +0200] [upstream] [1892995] STDERR:     at /home/groza-bot/www/node_modules/ioredis/built/connectors/StandaloneConnector.js:54:66
[05/Jul/2026:17:09:52 +0200] [upstream] [1892995] STDERR:     at process.processTicksAndRejections (node:internal/process/task_queues:85:11)
[05/Jul/2026:17:09:53 +0200] [upstream] [1892995] STDERR: [ioredis] Unhandled error event: Error: connect EINVAL //default:gQAAAAAAAbQnAAIgcDE2NDY2N2UyZmQ2ZGE0OTJmYmI0ZjUxMzQxNDc0YjljYw@valued-lion-111655.upstash.io:6379%22 - Local (undefined:undefined)
[05/Jul/2026:17:09:53 +0200] [upstream] [1892995] STDERR:     at internalConnect (node:net:1170:16)
[05/Jul/2026:17:09:53 +0200] [upstream] [1892995] STDERR:     at defaultTriggerAsyncIdScope (node:internal/async_hooks:472:18)
[05/Jul/2026:17:09:53 +0200] [upstream] [1892995] STDERR:     at Socket.connect (node:net:1341:5)
[05/Jul/2026:17:09:53 +0200] [upstream] [1892995] STDERR:     at connect (node:net:250:17)
[05/Jul/2026:17:09:53 +0200] [upstream] [1892995] STDERR:     at /home/groza-bot/www/node_modules/ioredis/built/connectors/StandaloneConnector.js:54:66
[05/Jul/2026:17:09:53 +0200] [upstream] [1892995] STDERR:     at process.processTicksAndRejections (node:internal/process/task_queues:85:11)
[05/Jul/2026:17:09:55 +0200] [upstream] [1892995] STDERR: [ioredis] Unhandled error event: Error: connect EINVAL //default:gQAAAAAAAbQnAAIgcDE2NDY2N2UyZmQ2ZGE0OTJmYmI0ZjUxMzQxNDc0YjljYw@valued-lion-111655.upstash.io:6379%22 - Local (undefined:undefined)
[05/Jul/2026:17:09:55 +0200] [upstream] [1892995] STDERR:     at internalConnect (node:net:1170:16)
[05/Jul/2026:17:09:55 +0200] [upstream] [1892995] STDERR:     at defaultTriggerAsyncIdScope (node:internal/async_hooks:472:18)
[05/Jul/2026:17:09:55 +0200] [upstream] [1892995] STDERR:     at Socket.connect (node:net:1341:5)
[05/Jul/2026:17:09:55 +0200] [upstream] [1892995] STDERR:     at connect (node:net:250:17)
[05/Jul/2026:17:09:55 +0200] [upstream] [1892995] STDERR:     at /home/groza-bot/www/node_modules/ioredis/built/connectors/StandaloneConnector.js:54:66
[05/Jul/2026:17:09:55 +0200] [upstream] [1892995] STDERR:     at process.processTicksAndRejections (node:internal/process/task_queues:85:11)
[05/Jul/2026:17:09:56 +0200] [upstream] [1892995] STDERR: [ioredis] Unhandled error event: Error: connect EINVAL //default:gQAAAAAAAbQnAAIgcDE2NDY2N2UyZmQ2ZGE0OTJmYmI0ZjUxMzQxNDc0YjljYw@valued-lion-111655.upstash.io:6379%22 - Local (undefined:undefined)
[05/Jul/2026:17:09:56 +0200] [upstream] [1892995] STDERR:     at internalConnect (node:net:1170:16)
[05/Jul/2026:17:09:56 +0200] [upstream] [1892995] STDERR:     at defaultTriggerAsyncIdScope (node:internal/async_hooks:472:18)
[05/Jul/2026:17:09:56 +0200] [upstream] [1892995] STDERR:     at Socket.connect (node:net:1341:5)
[05/Jul/2026:17:09:56 +0200] [upstream] [1892995] STDERR:     at connect (node:net:250:17)
[05/Jul/2026:17:09:56 +0200] [upstream] [1892995] STDERR:     at /home/groza-bot/www/node_modules/ioredis/built/connectors/StandaloneConnector.js:54:66
[05/Jul/2026:17:09:56 +0200] [upstream] [1892995] STDERR:     at process.processTicksAndRejections (node:internal/process/task_queues:85:11)
[05/Jul/2026:17:09:58 +0200] [upstream] [1892995] STDERR: [ioredis] Unhandled error event: Error: connect EINVAL //default:gQAAAAAAAbQnAAIgcDE2NDY2N2UyZmQ2ZGE0OTJmYmI0ZjUxMzQxNDc0YjljYw@valued-lion-111655.upstash.io:6379%22 - Local (undefined:undefined)
[05/Jul/2026:17:09:58 +0200] [upstream] [1892995] STDERR:     at internalConnect (node:net:1170:16)
[05/Jul/2026:17:09:58 +0200] [upstream] [1892995] STDERR:     at defaultTriggerAsyncIdScope (node:internal/async_hooks:472:18)
[05/Jul/2026:17:09:58 +0200] [upstream] [1892995] STDERR:     at Socket.connect (node:net:1341:5)
[05/Jul/2026:17:09:58 +0200] [upstream] [1892995] STDERR:     at connect (node:net:250:17)
[05/Jul/2026:17:09:58 +0200] [upstream] [1892995] STDERR:     at /home/groza-bot/www/node_modules/ioredis/built/connectors/StandaloneConnector.js:54:66
[05/Jul/2026:17:09:58 +0200] [upstream] [1892995] STDERR:     at process.processTicksAndRejections (node:internal/process/task_queues:85:11)
[05/Jul/2026:17:10:00 +0200] [upstream] [1892995] STDERR: [ioredis] Unhandled error event: Error: connect EINVAL //default:gQAAAAAAAbQnAAIgcDE2NDY2N2UyZmQ2ZGE0OTJmYmI0ZjUxMzQxNDc0YjljYw@valued-lion-111655.upstash.io:6379%22 - Local (undefined:undefined)
[05/Jul/2026:17:10:00 +0200] [upstream] [1892995] STDERR:     at internalConnect (node:net:1170:16)
[05/Jul/2026:17:10:00 +0200] [upstream] [1892995] STDERR:     at defaultTriggerAsyncIdScope (node:internal/async_hooks:472:18)
[05/Jul/2026:17:10:00 +0200] [upstream] [1892995] STDERR:     at Socket.connect (node:net:1341:5)
[05/Jul/2026:17:10:00 +0200] [upstream] [1892995] STDERR:     at connect (node:net:250:17)
[05/Jul/2026:17:10:00 +0200] [upstream] [1892995] STDERR:     at /home/groza-bot/www/node_modules/ioredis/built/connectors/StandaloneConnector.js:54:66
[05/Jul/2026:17:10:00 +0200] [upstream] [1892995] STDERR:     at process.processTicksAndRejections (node:internal/process/task_queues:85:11)
[05/Jul/2026:17:10:01 +0200] [upstream] [1892995] STDERR: [ioredis] Unhandled error event: Error: connect EINVAL //default:gQAAAAAAAbQnAAIgcDE2NDY2N2UyZmQ2ZGE0OTJmYmI0ZjUxMzQxNDc0YjljYw@valued-lion-111655.upstash.io:6379%22 - Local (undefined:undefined)
[05/Jul/2026:17:10:01 +0200] [upstream] [1892995] STDERR:     at internalConnect (node:net:1170:16)
[05/Jul/2026:17:10:01 +0200] [upstream] [1892995] STDERR:     at defaultTriggerAsyncIdScope (node:internal/async_hooks:472:18)
[05/Jul/2026:17:10:01 +0200] [upstream] [1892995] STDERR:     at Socket.connect (node:net:1341:5)
[05/Jul/2026:17:10:01 +0200] [upstream] [1892995] STDERR:     at connect (node:net:250:17)
[05/Jul/2026:17:10:01 +0200] [upstream] [1892995] STDERR:     at /home/groza-bot/www/node_modules/ioredis/built/connectors/StandaloneConnector.js:54:66
[05/Jul/2026:17:10:01 +0200] [upstream] [1892995] STDERR:     at process.processTicksAndRejections (node:internal/process/task_queues:85:11)
[05/Jul/2026:17:10:03 +0200] [upstream] [1892995] STDERR: [ioredis] Unhandled error event: Error: connect EINVAL //default:gQAAAAAAAbQnAAIgcDE2NDY2N2UyZmQ2ZGE0OTJmYmI0ZjUxMzQxNDc0YjljYw@valued-lion-111655.upstash.io:6379%22 - Local (undefined:undefined)
[05/Jul/2026:17:10:03 +0200] [upstream] [1892995] STDERR:     at internalConnect (node:net:1170:16)
[05/Jul/2026:17:10:03 +0200] [upstream] [1892995] STDERR:     at defaultTriggerAsyncIdScope (node:internal/async_hooks:472:18)
[05/Jul/2026:17:10:03 +0200] [upstream] [1892995] STDERR:     at Socket.connect (node:net:1341:5)
[05/Jul/2026:17:10:03 +0200] [upstream] [1892995] STDERR:     at connect (node:net:250:17)
[05/Jul/2026:17:10:03 +0200] [upstream] [1892995] STDERR:     at /home/groza-bot/www/node_modules/ioredis/built/connectors/StandaloneConnector.js:54:66
[05/Jul/2026:17:10:03 +0200] [upstream] [1892995] STDERR:     at process.processTicksAndRejections (node:internal/process/task_queues:85:11)
[05/Jul/2026:17:10:05 +0200] [upstream] [1892995] STDERR: [ioredis] Unhandled error event: Error: connect EINVAL //default:gQAAAAAAAbQnAAIgcDE2NDY2N2UyZmQ2ZGE0OTJmYmI0ZjUxMzQxNDc0YjljYw@valued-lion-111655.upstash.io:6379%22 - Local (undefined:undefined)
[05/Jul/2026:17:10:05 +0200] [upstream] [1892995] STDERR:     at internalConnect (node:net:1170:16)
[05/Jul/2026:17:10:05 +0200] [upstream] [1892995] STDERR:     at defaultTriggerAsyncIdScope (node:internal/async_hooks:472:18)
[05/Jul/2026:17:10:05 +0200] [upstream] [1892995] STDERR:     at Socket.connect (node:net:1341:5)
[05/Jul/2026:17:10:05 +0200] [upstream] [1892995] STDERR:     at connect (node:net:250:17)
[05/Jul/2026:17:10:05 +0200] [upstream] [1892995] STDERR:     at /home/groza-bot/www/node_modules/ioredis/built/connectors/StandaloneConnector.js:54:66
[05/Jul/2026:17:10:05 +0200] [upstream] [1892995] STDERR:     at process.processTicksAndRejections (node:internal/process/task_queues:85:11)
[05/Jul/2026:17:10:07 +0200] [upstream] [1892995] STDERR: [ioredis] Unhandled error event: Error: connect EINVAL //default:gQAAAAAAAbQnAAIgcDE2NDY2N2UyZmQ2ZGE0OTJmYmI0ZjUxMzQxNDc0YjljYw@valued-lion-111655.upstash.io:6379%22 - Local (undefined:undefined)
[05/Jul/2026:17:10:07 +0200] [upstream] [1892995] STDERR:     at internalConnect (node:net:1170:16)
[05/Jul/2026:17:10:07 +0200] [upstream] [1892995] STDERR:     at defaultTriggerAsyncIdScope (node:internal/async_hooks:472:18)
[05/Jul/2026:17:10:07 +0200] [upstream] [1892995] STDERR:     at Socket.connect (node:net:1341:5)
[05/Jul/2026:17:10:07 +0200] [upstream] [1892995] STDERR:     at connect (node:net:250:17)
[05/Jul/2026:17:10:07 +0200] [upstream] [1892995] STDERR:     at /home/groza-bot/www/node_modules/ioredis/built/connectors/StandaloneConnector.js:54:66
[05/Jul/2026:17:10:07 +0200] [upstream] [1892995] STDERR:     at process.processTicksAndRejections (node:internal/process/task_queues:85:11)
[05/Jul/2026:17:10:08 +0200] [upstream] [1892995] STDERR: Error: connect EINVAL %22rediss://default:gQAAAAAAAbQnAAIgcDE2NDY2N2UyZmQ2ZGE0OTJmYmI0ZjUxMzQxNDc0YjljYw@valued-lion-111655.upstash.io:6379%22 - Local (undefined:undefined)
[05/Jul/2026:17:10:08 +0200] [upstream] [1892995] STDERR:     at internalConnect (node:net:1170:16)
[05/Jul/2026:17:10:08 +0200] [upstream] [1892995] STDERR:     at defaultTriggerAsyncIdScope (node:internal/async_hooks:472:18)
[05/Jul/2026:17:10:08 +0200] [upstream] [1892995] STDERR:     at Socket.connect (node:net:1341:5)
[05/Jul/2026:17:10:08 +0200] [upstream] [1892995] STDERR:     at connect (node:net:250:17)
[05/Jul/2026:17:10:08 +0200] [upstream] [1892995] STDERR:     at /home/groza-bot/www/node_modules/bullmq/node_modules/ioredis/built/connectors/StandaloneConnector.js:54:66
[05/Jul/2026:17:10:08 +0200] [upstream] [1892995] STDERR:     at processTicksAndRejections (node:internal/process/task_queues:85:11)
[05/Jul/2026:17:10:08 +0200] [upstream] [1892995] STDERR:     at runNextTicks (node:internal/process/task_queues:69:3)
[05/Jul/2026:17:10:08 +0200] [upstream] [1892995] STDERR:     at listOnTimeout (node:internal/timers:567:9)
[05/Jul/2026:17:10:08 +0200] [upstream] [1892995] STDERR:     at process.processTimers (node:internal/timers:541:7) {
[05/Jul/2026:17:10:08 +0200] [upstream] [1892995] STDERR:   errno: -22,
[05/Jul/2026:17:10:08 +0200] [upstream] [1892995] STDERR:   code: 'EINVAL',
[05/Jul/2026:17:10:08 +0200] [upstream] [1892995] STDERR:   syscall: 'connect',
[05/Jul/2026:17:10:08 +0200] [upstream] [1892995] STDERR:   address: '%22rediss://default:gQAAAAAAAbQnAAIgcDE2NDY2N2UyZmQ2ZGE0OTJmYmI0ZjUxMzQxNDc0YjljYw@valued-lion-111655.upstash.io:6379%22'
[05/Jul/2026:17:10:08 +0200] [upstream] [1892995] STDERR: }
[05/Jul/2026:17:10:08 +0200] [upstream] [1892995] STDERR: Error: connect EINVAL %22rediss://default:gQAAAAAAAbQnAAIgcDE2NDY2N2UyZmQ2ZGE0OTJmYmI0ZjUxMzQxNDc0YjljYw@valued-lion-111655.upstash.io:6379%22 - Local (undefined:undefined)
[05/Jul/2026:17:10:08 +0200] [upstream] [1892995] STDERR:     at internalConnect (node:net:1170:16)
[05/Jul/2026:17:10:08 +0200] [upstream] [1892995] STDERR:     at defaultTriggerAsyncIdScope (node:internal/async_hooks:472:18)
[05/Jul/2026:17:10:08 +0200] [upstream] [1892995] STDERR:     at Socket.connect (node:net:1341:5)
[05/Jul/2026:17:10:08 +0200] [upstream] [1892995] STDERR:     at connect (node:net:250:17)
[05/Jul/2026:17:10:08 +0200] [upstream] [1892995] STDERR:     at /home/groza-bot/www/node_modules/bullmq/node_modules/ioredis/built/connectors/StandaloneConnector.js:54:66
[05/Jul/2026:17:10:08 +0200] [upstream] [1892995] STDERR:     at process.processTicksAndRejections (node:internal/process/task_queues:85:11) {
[05/Jul/2026:17:10:08 +0200] [upstream] [1892995] STDERR:   errno: -22,
[05/Jul/2026:17:10:08 +0200] [upstream] [1892995] STDERR:   code: 'EINVAL',
[05/Jul/2026:17:10:08 +0200] [upstream] [1892995] STDERR:   syscall: 'connect',
[05/Jul/2026:17:10:08 +0200] [upstream] [1892995] STDERR:   address: '%22rediss://default:gQAAAAAAAbQnAAIgcDE2NDY2N2UyZmQ2ZGE0OTJmYmI0ZjUxMzQxNDc0YjljYw@valued-lion-111655.upstash.io:6379%22'
[05/Jul/2026:17:10:08 +0200] [upstream] [1892995] STDERR: }
[05/Jul/2026:17:10:08 +0200] [upstream] [1892995] STDERR: Error: connect EINVAL %22rediss://default:gQAAAAAAAbQnAAIgcDE2NDY2N2UyZmQ2ZGE0OTJmYmI0ZjUxMzQxNDc0YjljYw@valued-lion-111655.upstash.io:6379%22 - Local (undefined:undefined)
[05/Jul/2026:17:10:08 +0200] [upstream] [1892995] STDERR:     at internalConnect (node:net:1170:16)
[05/Jul/2026:17:10:08 +0200] [upstream] [1892995] STDERR:     at defaultTriggerAsyncIdScope (node:internal/async_hooks:472:18)
[05/Jul/2026:17:10:08 +0200] [upstream] [1892995] STDERR:     at Socket.connect (node:net:1341:5)
[05/Jul/2026:17:10:08 +0200] [upstream] [1892995] STDERR:     at connect (node:net:250:17)
[05/Jul/2026:17:10:08 +0200] [upstream] [1892995] STDERR:     at /home/groza-bot/www/node_modules/bullmq/node_modules/ioredis/built/connectors/StandaloneConnector.js:54:66
[05/Jul/2026:17:10:08 +0200] [upstream] [1892995] STDERR:     at process.processTicksAndRejections (node:internal/process/task_queues:85:11) {
[05/Jul/2026:17:10:08 +0200] [upstream] [1892995] STDERR:   errno: -22,
[05/Jul/2026:17:10:08 +0200] [upstream] [1892995] STDERR:   code: 'EINVAL',
[05/Jul/2026:17:10:08 +0200] [upstream] [1892995] STDERR:   syscall: 'connect',
[05/Jul/2026:17:10:08 +0200] [upstream] [1892995] STDERR:   address: '%22rediss://default:gQAAAAAAAbQnAAIgcDE2NDY2N2UyZmQ2ZGE0OTJmYmI0ZjUxMzQxNDc0YjljYw@valued-lion-111655.upstash.io:6379%22'
[05/Jul/2026:17:10:08 +0200] [upstream] [1892995] STDERR: }
[05/Jul/2026:17:10:09 +0200] [upstream] [1892995] STDERR: [ioredis] Unhandled error event: Error: connect EINVAL //default:gQAAAAAAAbQnAAIgcDE2NDY2N2UyZmQ2ZGE0OTJmYmI0ZjUxMzQxNDc0YjljYw@valued-lion-111655.upstash.io:6379%22 - Local (undefined:undefined)
[05/Jul/2026:17:10:09 +0200] [upstream] [1892995] STDERR:     at internalConnect (node:net:1170:16)
[05/Jul/2026:17:10:09 +0200] [upstream] [1892995] STDERR:     at defaultTriggerAsyncIdScope (node:internal/async_hooks:472:18)
[05/Jul/2026:17:10:09 +0200] [upstream] [1892995] STDERR:     at Socket.connect (node:net:1341:5)
[05/Jul/2026:17:10:09 +0200] [upstream] [1892995] STDERR:     at connect (node:net:250:17)
[05/Jul/2026:17:10:09 +0200] [upstream] [1892995] STDERR:     at /home/groza-bot/www/node_modules/ioredis/built/connectors/StandaloneConnector.js:54:66
[05/Jul/2026:17:10:09 +0200] [upstream] [1892995] STDERR:     at process.processTicksAndRejections (node:internal/process/task_queues:85:11)
[05/Jul/2026:17:10:11 +0200] [upstream] [1892995] STDERR: [ioredis] Unhandled error event: Error: connect EINVAL //default:gQAAAAAAAbQnAAIgcDE2NDY2N2UyZmQ2ZGE0OTJmYmI0ZjUxMzQxNDc0YjljYw@valued-lion-111655.upstash.io:6379%22 - Local (undefined:undefined)
[05/Jul/2026:17:10:11 +0200] [upstream] [1892995] STDERR:     at internalConnect (node:net:1170:16)
[05/Jul/2026:17:10:11 +0200] [upstream] [1892995] STDERR:     at defaultTriggerAsyncIdScope (node:internal/async_hooks:472:18)
[05/Jul/2026:17:10:11 +0200] [upstream] [1892995] STDERR:     at Socket.connect (node:net:1341:5)
[05/Jul/2026:17:10:11 +0200] [upstream] [1892995] STDERR:     at connect (node:net:250:17)
[05/Jul/2026:17:10:11 +0200] [upstream] [1892995] STDERR:     at /home/groza-bot/www/node_modules/ioredis/built/connectors/StandaloneConnector.js:54:66
[05/Jul/2026:17:10:11 +0200] [upstream] [1892995] STDERR:     at process.processTicksAndRejections (node:internal/process/task_queues:85:11)
[05/Jul/2026:17:10:13 +0200] [upstream] [1892995] STDERR: [ioredis] Unhandled error event: Error: connect EINVAL //default:gQAAAAAAAbQnAAIgcDE2NDY2N2UyZmQ2ZGE0OTJmYmI0ZjUxMzQxNDc0YjljYw@valued-lion-111655.upstash.io:6379%22 - Local (undefined:undefined)
[05/Jul/2026:17:10:13 +0200] [upstream] [1892995] STDERR:     at internalConnect (node:net:1170:16)
[05/Jul/2026:17:10:13 +0200] [upstream] [1892995] STDERR:     at defaultTriggerAsyncIdScope (node:internal/async_hooks:472:18)
[05/Jul/2026:17:10:13 +0200] [upstream] [1892995] STDERR:     at Socket.connect (node:net:1341:5)
[05/Jul/2026:17:10:13 +0200] [upstream] [1892995] STDERR:     at connect (node:net:250:17)
[05/Jul/2026:17:10:13 +0200] [upstream] [1892995] STDERR:     at /home/groza-bot/www/node_modules/ioredis/built/connectors/StandaloneConnector.js:54:66
[05/Jul/2026:17:10:13 +0200] [upstream] [1892995] STDERR:     at process.processTicksAndRejections (node:internal/process/task_queues:85:11)
[05/Jul/2026:17:10:15 +0200] [upstream] [1892995] STDERR: [ioredis] Unhandled error event: Error: connect EINVAL //default:gQAAAAAAAbQnAAIgcDE2NDY2N2UyZmQ2ZGE0OTJmYmI0ZjUxMzQxNDc0YjljYw@valued-lion-111655.upstash.io:6379%22 - Local (undefined:undefined)
[05/Jul/2026:17:10:15 +0200] [upstream] [1892995] STDERR:     at internalConnect (node:net:1170:16)
[05/Jul/2026:17:10:15 +0200] [upstream] [1892995] STDERR:     at defaultTriggerAsyncIdScope (node:internal/async_hooks:472:18)
[05/Jul/2026:17:10:15 +0200] [upstream] [1892995] STDERR:     at Socket.connect (node:net:1341:5)
[05/Jul/2026:17:10:15 +0200] [upstream] [1892995] STDERR:     at connect (node:net:250:17)
[05/Jul/2026:17:10:15 +0200] [upstream] [1892995] STDERR:     at /home/groza-bot/www/node_modules/ioredis/built/connectors/StandaloneConnector.js:54:66
[05/Jul/2026:17:10:15 +0200] [upstream] [1892995] STDERR:     at process.processTicksAndRejections (node:internal/process/task_queues:85:11)
[05/Jul/2026:17:10:17 +0200] [upstream] [1892995] STDERR: [ioredis] Unhandled error event: Error: connect EINVAL //default:gQAAAAAAAbQnAAIgcDE2NDY2N2UyZmQ2ZGE0OTJmYmI0ZjUxMzQxNDc0YjljYw@valued-lion-111655.upstash.io:6379%22 - Local (undefined:undefined)
[05/Jul/2026:17:10:17 +0200] [upstream] [1892995] STDERR:     at internalConnect (node:net:1170:16)
[05/Jul/2026:17:10:17 +0200] [upstream] [1892995] STDERR:     at defaultTriggerAsyncIdScope (node:internal/async_hooks:472:18)
[05/Jul/2026:17:10:17 +0200] [upstream] [1892995] STDERR:     at Socket.connect (node:net:1341:5)
[05/Jul/2026:17:10:17 +0200] [upstream] [1892995] STDERR:     at connect (node:net:250:17)
[05/Jul/2026:17:10:17 +0200] [upstream] [1892995] STDERR:     at /home/groza-bot/www/node_modules/ioredis/built/connectors/StandaloneConnector.js:54:66
[05/Jul/2026:17:10:17 +0200] [upstream] [1892995] STDERR:     at process.processTicksAndRejections (node:internal/process/task_queues:85:11)
[05/Jul/2026:17:10:19 +0200] [upstream] [1892995] STDERR: [ioredis] Unhandled error event: Error: connect EINVAL //default:gQAAAAAAAbQnAAIgcDE2NDY2N2UyZmQ2ZGE0OTJmYmI0ZjUxMzQxNDc0YjljYw@valued-lion-111655.upstash.io:6379%22 - Local (undefined:undefined)
[05/Jul/2026:17:10:19 +0200] [upstream] [1892995] STDERR:     at internalConnect (node:net:1170:16)
[05/Jul/2026:17:10:19 +0200] [upstream] [1892995] STDERR:     at defaultTriggerAsyncIdScope (node:internal/async_hooks:472:18)
[05/Jul/2026:17:10:19 +0200] [upstream] [1892995] STDERR:     at Socket.connect (node:net:1341:5)
[05/Jul/2026:17:10:19 +0200] [upstream] [1892995] STDERR:     at connect (node:net:250:17)
[05/Jul/2026:17:10:19 +0200] [upstream] [1892995] STDERR:     at /home/groza-bot/www/node_modules/ioredis/built/connectors/StandaloneConnector.js:54:66
[05/Jul/2026:17:10:19 +0200] [upstream] [1892995] STDERR:     at process.processTicksAndRejections (node:internal/process/task_queues:85:11)
[05/Jul/2026:17:10:21 +0200] [upstream] [1892995] STDERR: [ioredis] Unhandled error event: Error: connect EINVAL //default:gQAAAAAAAbQnAAIgcDE2NDY2N2UyZmQ2ZGE0OTJmYmI0ZjUxMzQxNDc0YjljYw@valued-lion-111655.upstash.io:6379%22 - Local (undefined:undefined)
[05/Jul/2026:17:10:21 +0200] [upstream] [1892995] STDERR:     at internalConnect (node:net:1170:16)
[05/Jul/2026:17:10:21 +0200] [upstream] [1892995] STDERR:     at defaultTriggerAsyncIdScope (node:internal/async_hooks:472:18)
[05/Jul/2026:17:10:21 +0200] [upstream] [1892995] STDERR:     at Socket.connect (node:net:1341:5)
[05/Jul/2026:17:10:21 +0200] [upstream] [1892995] STDERR:     at connect (node:net:250:17)
[05/Jul/2026:17:10:21 +0200] [upstream] [1892995] STDERR:     at /home/groza-bot/www/node_modules/ioredis/built/connectors/StandaloneConnector.js:54:66
[05/Jul/2026:17:10:21 +0200] [upstream] [1892995] STDERR:     at process.processTicksAndRejections (node:internal/process/task_queues:85:11)
[05/Jul/2026:17:10:21 +0200] [upstream] [1892995] SIGTERM sent to upstream
[05/Jul/2026:17:10:33 +0200] [upstream] Upstream starting: npm start (env: {'HOME': '/home/groza-bot', 'LANG': 'en_US.UTF-8', 'LC_ALL': 'en_US.UTF-8', 'PATH': '/home/groza-bot/.local/bin:/home/groza-bot/.local/share/gem/ruby/3.4.0/bin:/home/groza-bot/.gem/ruby/3.4.0/bin:/home/groza-bot/.composer/vendor/bin:/home/groza-bot/.npm-packages/bin:/usr/local/bin:/usr/bin:/bin', 'TMPDIR': '/home/groza-bot/admin/tmp', '# ': '=========================================', '# GROZA - PERSONAL LIGHTNING ROD (Zero-Cost)': '', '# Environment Variables Template': '', '# 1. TELEGRAM BOT': '', '# Обязательно: Получите токен у @BotFather': '', 'TELEGRAM_BOT_TOKEN': '8516017309:AAHZ4PVY46dywE1nmGLOFCclzy1MKA07Ppo', '# 2. TEMBO POSTGRES (PostGIS)': '', '# Обязательно: Строка подключения из Tembo Cloud': '', 'DATABASE_URL': 'postgresql://neondb_owner:npg_tWIvK3DGLl0w@ep-purple-morning-at630e0v-pooler.c-9.us-east-1.aws.neon.tech/neondb?sslmode=require&channel_binding=require', '# 3. UPSTASH REDIS': '', '# Обязательно: Данные из консоли Upstash для REST/ioredis': '', 'UPSTASH_REDIS_REST_URL': 'https://upstash-url.upstash.io', 'UPSTASH_REDIS_REST_TOKEN': 'your_rest_token_here', 'REDIS_URL': 'rediss://default:gQAAAAAAAbQnAAIgcDE2NDY2N2UyZmQ2ZGE0OTJmYmI0ZjUxMzQxNDc0YjljYw@valued-lion-111655.upstash.io:6379', '# 4. IMGUR API': '', '# Обязательно: Client ID для анонимной загрузки сгенерированных карт': '', '# Регистрация: https://api.imgur.com/oauth2/addclient': '', 'IMGUR_CLIENT_ID': 'your_client_id_here', '# 5. THREADS GRAPH API': '', '# Обязательно: User ID и Long-Lived Access Token (60 дней) ': '', '# Токен необходимо рефрешить раз в месяц через cron': '', 'THREADS_USER_ID': '123456789012345', 'THREADS_ACCESS_TOKEN': 'EAAXXXXXXX_long_lived_token_here', '# 6. PORT (Express Server)': '', 'PORT': '8100', 'NODEJS_VERSION': '', 'HOST': 'fd00::7:6dd4', 'IP': 'fd00::7:6dd4'}, cwd: /home/groza-bot/www)
[05/Jul/2026:17:10:33 +0200] [upstream] Upstream started PID: 1894648
[05/Jul/2026:17:10:33 +0200] [upstream] [1894648] STDOUT: 
[05/Jul/2026:17:10:33 +0200] [upstream] [1894648] STDOUT: > groza@1.0.0 start
[05/Jul/2026:17:10:33 +0200] [upstream] [1894648] STDOUT: > if [ -f modules.zip ]; then unzip -qo modules.zip && rm -f modules.zip; fi; node dist/index.js
[05/Jul/2026:17:10:33 +0200] [upstream] [1894648] STDOUT: 
[05/Jul/2026:17:10:33 +0200] [upstream] [1894648] STDOUT: ◇ injected env (0) from .env // tip: ⌘ override existing { override: true }
[05/Jul/2026:17:10:33 +0200] [upstream] [1894648] STDOUT: Bootstrapping Groza Single-Worker...
[05/Jul/2026:17:10:33 +0200] [upstream] [1894648] STDERR: (node:1894680) Warning: SECURITY WARNING: The SSL modes 'prefer', 'require', and 'verify-ca' are treated as aliases for 'verify-full'.
[05/Jul/2026:17:10:33 +0200] [upstream] [1894648] STDERR: In the next major version (pg-connection-string v3.0.0 and pg v9.0.0), these modes will adopt standard libpq semantics, which have weaker security guarantees.
[05/Jul/2026:17:10:33 +0200] [upstream] [1894648] STDERR: 
[05/Jul/2026:17:10:33 +0200] [upstream] [1894648] STDERR: To prepare for this change:
[05/Jul/2026:17:10:33 +0200] [upstream] [1894648] STDERR: - If you want the current behavior, explicitly use 'sslmode=verify-full'
[05/Jul/2026:17:10:33 +0200] [upstream] [1894648] STDERR: - If you want libpq compatibility now, use 'uselibpqcompat=true&sslmode=require'
[05/Jul/2026:17:10:33 +0200] [upstream] [1894648] STDERR: 
[05/Jul/2026:17:10:33 +0200] [upstream] [1894648] STDERR: See https://www.postgresql.org/docs/current/libpq-ssl.html for libpq SSL mode definitions.
[05/Jul/2026:17:10:33 +0200] [upstream] [1894648] STDERR: (Use `node --trace-warnings ...` to show where the warning was created)
[05/Jul/2026:17:10:35 +0200] [upstream] [1894648] STDOUT: Database initialized successfully.
[05/Jul/2026:17:10:35 +0200] [upstream] [1894648] STDOUT: Starting Telegram bot...
[05/Jul/2026:17:10:35 +0200] [upstream] [1894648] STDOUT: Starting Open-Meteo weather poller...
[05/Jul/2026:17:10:35 +0200] [upstream] [1894648] STDOUT: Groza Single-Worker is running.
[05/Jul/2026:17:10:35 +0200] [upstream] [1894648] STDOUT: API and Static server running on port 8100
[05/Jul/2026:17:42:03 +0200] [upstream] [1894648] SIGTERM sent to upstream
[05/Jul/2026:17:42:03 +0200] [upstream] [1894648] Upstream stopped (reason: idle)
[05/Jul/2026:22:14:21 +0200] [upstream] Upstream starting: npm start (env: {'HOME': '/home/groza-bot', 'LANG': 'en_US.UTF-8', 'LC_ALL': 'en_US.UTF-8', 'PATH': '/home/groza-bot/.local/bin:/home/groza-bot/.local/share/gem/ruby/3.4.0/bin:/home/groza-bot/.gem/ruby/3.4.0/bin:/home/groza-bot/.composer/vendor/bin:/home/groza-bot/.npm-packages/bin:/usr/local/bin:/usr/bin:/bin', 'TMPDIR': '/home/groza-bot/admin/tmp', '# ': '=========================================', '# GROZA - PERSONAL LIGHTNING ROD (Zero-Cost)': '', '# Environment Variables Template': '', '# 1. TELEGRAM BOT': '', '# Обязательно: Получите токен у @BotFather': '', 'TELEGRAM_BOT_TOKEN': '8516017309:AAHZ4PVY46dywE1nmGLOFCclzy1MKA07Ppo', '# 2. TEMBO POSTGRES (PostGIS)': '', '# Обязательно: Строка подключения из Tembo Cloud': '', 'DATABASE_URL': 'postgresql://neondb_owner:npg_tWIvK3DGLl0w@ep-purple-morning-at630e0v-pooler.c-9.us-east-1.aws.neon.tech/neondb?sslmode=require&channel_binding=require', '# 3. UPSTASH REDIS': '', '# Обязательно: Данные из консоли Upstash для REST/ioredis': '', 'UPSTASH_REDIS_REST_URL': 'https://upstash-url.upstash.io', 'UPSTASH_REDIS_REST_TOKEN': 'your_rest_token_here', 'REDIS_URL': 'rediss://default:gQAAAAAAAbQnAAIgcDE2NDY2N2UyZmQ2ZGE0OTJmYmI0ZjUxMzQxNDc0YjljYw@valued-lion-111655.upstash.io:6379', '# 4. IMGUR API': '', '# Обязательно: Client ID для анонимной загрузки сгенерированных карт': '', '# Регистрация: https://api.imgur.com/oauth2/addclient': '', 'IMGUR_CLIENT_ID': 'your_client_id_here', '# 5. THREADS GRAPH API': '', '# Обязательно: User ID и Long-Lived Access Token (60 дней) ': '', '# Токен необходимо рефрешить раз в месяц через cron': '', 'THREADS_USER_ID': '123456789012345', 'THREADS_ACCESS_TOKEN': 'EAAXXXXXXX_long_lived_token_here', '# 6. PORT (Express Server)': '', 'PORT': '8100', 'NODEJS_VERSION': '', 'HOST': 'fd00::7:6dd4', 'IP': 'fd00::7:6dd4'}, cwd: /home/groza-bot/www)
[05/Jul/2026:22:14:21 +0200] [upstream] Upstream started PID: 2374903
[05/Jul/2026:22:14:21 +0200] [upstream] [2374903] STDOUT: 
[05/Jul/2026:22:14:21 +0200] [upstream] [2374903] STDOUT: > groza@1.0.0 start
[05/Jul/2026:22:14:21 +0200] [upstream] [2374903] STDOUT: > if [ -f modules.zip ]; then unzip -qo modules.zip && rm -f modules.zip; fi; node dist/index.js
[05/Jul/2026:22:14:21 +0200] [upstream] [2374903] STDOUT: 
[05/Jul/2026:22:14:21 +0200] [upstream] [2374903] STDOUT: ◇ injected env (0) from .env // tip: ◈ secrets for agents [www.dotenvx.com]
[05/Jul/2026:22:14:21 +0200] [upstream] [2374903] STDOUT: Bootstrapping Groza Single-Worker...
[05/Jul/2026:22:14:21 +0200] [upstream] [2374903] STDERR: (node:2374926) Warning: SECURITY WARNING: The SSL modes 'prefer', 'require', and 'verify-ca' are treated as aliases for 'verify-full'.
[05/Jul/2026:22:14:21 +0200] [upstream] [2374903] STDERR: In the next major version (pg-connection-string v3.0.0 and pg v9.0.0), these modes will adopt standard libpq semantics, which have weaker security guarantees.
[05/Jul/2026:22:14:21 +0200] [upstream] [2374903] STDERR: 
[05/Jul/2026:22:14:21 +0200] [upstream] [2374903] STDERR: To prepare for this change:
[05/Jul/2026:22:14:21 +0200] [upstream] [2374903] STDERR: - If you want the current behavior, explicitly use 'sslmode=verify-full'
[05/Jul/2026:22:14:21 +0200] [upstream] [2374903] STDERR: - If you want libpq compatibility now, use 'uselibpqcompat=true&sslmode=require'
[05/Jul/2026:22:14:21 +0200] [upstream] [2374903] STDERR: 
[05/Jul/2026:22:14:21 +0200] [upstream] [2374903] STDERR: See https://www.postgresql.org/docs/current/libpq-ssl.html for libpq SSL mode definitions.
[05/Jul/2026:22:14:21 +0200] [upstream] [2374903] STDERR: (Use `node --trace-warnings ...` to show where the warning was created)
[05/Jul/2026:22:14:23 +0200] [upstream] [2374903] STDOUT: Database initialized successfully.
[05/Jul/2026:22:14:23 +0200] [upstream] [2374903] STDOUT: Starting Telegram bot...
[05/Jul/2026:22:14:23 +0200] [upstream] [2374903] STDOUT: Starting Open-Meteo weather poller...
[05/Jul/2026:22:14:23 +0200] [upstream] [2374903] STDOUT: Groza Single-Worker is running.
[05/Jul/2026:22:14:23 +0200] [upstream] [2374903] STDOUT: API and Static server running on port 8100
[05/Jul/2026:23:05:23 +0200] [upstream] [2374903] SIGTERM sent to upstream
[05/Jul/2026:23:05:23 +0200] [upstream] [2374903] Upstream stopped (reason: exited spontaneously with return code N/A)
[05/Jul/2026:23:06:30 +0200] [upstream] Upstream starting: npm start (env: {'HOME': '/home/groza-bot', 'LANG': 'en_US.UTF-8', 'LC_ALL': 'en_US.UTF-8', 'PATH': '/home/groza-bot/.local/bin:/home/groza-bot/.local/share/gem/ruby/3.4.0/bin:/home/groza-bot/.gem/ruby/3.4.0/bin:/home/groza-bot/.composer/vendor/bin:/home/groza-bot/.npm-packages/bin:/usr/local/bin:/usr/bin:/bin', 'TMPDIR': '/home/groza-bot/admin/tmp', '# ': '=========================================', '# GROZA - PERSONAL LIGHTNING ROD (Zero-Cost)': '', '# Environment Variables Template': '', '# 1. TELEGRAM BOT': '', '# Обязательно: Получите токен у @BotFather': '', 'TELEGRAM_BOT_TOKEN': '8516017309:AAHZ4PVY46dywE1nmGLOFCclzy1MKA07Ppo', '# 2. TEMBO POSTGRES (PostGIS)': '', '# Обязательно: Строка подключения из Tembo Cloud': '', 'DATABASE_URL': 'postgresql://neondb_owner:npg_tWIvK3DGLl0w@ep-purple-morning-at630e0v-pooler.c-9.us-east-1.aws.neon.tech/neondb?sslmode=require&channel_binding=require', '# 3. UPSTASH REDIS': '', '# Обязательно: Данные из консоли Upstash для REST/ioredis': '', 'UPSTASH_REDIS_REST_URL': 'https://upstash-url.upstash.io', 'UPSTASH_REDIS_REST_TOKEN': 'your_rest_token_here', 'REDIS_URL': 'rediss://default:gQAAAAAAAbQnAAIgcDE2NDY2N2UyZmQ2ZGE0OTJmYmI0ZjUxMzQxNDc0YjljYw@valued-lion-111655.upstash.io:6379', '# 4. IMGUR API': '', '# Обязательно: Client ID для анонимной загрузки сгенерированных карт': '', '# Регистрация: https://api.imgur.com/oauth2/addclient': '', 'IMGUR_CLIENT_ID': 'your_client_id_here', '# 5. THREADS GRAPH API': '', '# Обязательно: User ID и Long-Lived Access Token (60 дней) ': '', '# Токен необходимо рефрешить раз в месяц через cron': '', 'THREADS_USER_ID': '123456789012345', 'THREADS_ACCESS_TOKEN': 'EAAXXXXXXX_long_lived_token_here', '# 6. PORT (Express Server)': '', 'PORT': '8100', 'NODEJS_VERSION': '', 'HOST': 'fd00::7:6dd4', 'IP': 'fd00::7:6dd4'}, cwd: /home/groza-bot/www)
[05/Jul/2026:23:06:30 +0200] [upstream] Upstream started PID: 2458365
[05/Jul/2026:23:06:30 +0200] [upstream] [2458365] STDOUT: 
[05/Jul/2026:23:06:30 +0200] [upstream] [2458365] STDOUT: > groza@1.0.0 start
[05/Jul/2026:23:06:30 +0200] [upstream] [2458365] STDOUT: > if [ -f modules.zip ]; then unzip -qo modules.zip && rm -f modules.zip; fi; node dist/index.js
[05/Jul/2026:23:06:30 +0200] [upstream] [2458365] STDOUT: 
[05/Jul/2026:23:06:30 +0200] [upstream] [2458365] STDOUT: ◇ injected env (1) from .env // tip: ⌁ auth for agents [www.vestauth.com]
[05/Jul/2026:23:06:30 +0200] [upstream] [2458365] STDOUT: Bootstrapping Groza Single-Worker...
[05/Jul/2026:23:06:30 +0200] [upstream] [2458365] STDERR: (node:2458387) Warning: SECURITY WARNING: The SSL modes 'prefer', 'require', and 'verify-ca' are treated as aliases for 'verify-full'.
[05/Jul/2026:23:06:30 +0200] [upstream] [2458365] STDERR: In the next major version (pg-connection-string v3.0.0 and pg v9.0.0), these modes will adopt standard libpq semantics, which have weaker security guarantees.
[05/Jul/2026:23:06:30 +0200] [upstream] [2458365] STDERR: 
[05/Jul/2026:23:06:30 +0200] [upstream] [2458365] STDERR: To prepare for this change:
[05/Jul/2026:23:06:30 +0200] [upstream] [2458365] STDERR: - If you want the current behavior, explicitly use 'sslmode=verify-full'
[05/Jul/2026:23:06:30 +0200] [upstream] [2458365] STDERR: - If you want libpq compatibility now, use 'uselibpqcompat=true&sslmode=require'
[05/Jul/2026:23:06:30 +0200] [upstream] [2458365] STDERR: 
[05/Jul/2026:23:06:30 +0200] [upstream] [2458365] STDERR: See https://www.postgresql.org/docs/current/libpq-ssl.html for libpq SSL mode definitions.
[05/Jul/2026:23:06:30 +0200] [upstream] [2458365] STDERR: (Use `node --trace-warnings ...` to show where the warning was created)
[05/Jul/2026:23:06:31 +0200] [upstream] [2458365] STDOUT: Database initialized successfully.
[05/Jul/2026:23:06:31 +0200] [upstream] [2458365] STDOUT: Starting Telegram bot...
[05/Jul/2026:23:06:31 +0200] [upstream] [2458365] STDOUT: Starting Open-Meteo weather poller...
[05/Jul/2026:23:06:32 +0200] [upstream] [2458365] STDOUT: Groza Single-Worker is running.
[05/Jul/2026:23:06:32 +0200] [upstream] [2458365] STDOUT: API and Static server running on port 8100
[05/Jul/2026:23:55:36 +0200] [upstream] [2458365] SIGTERM sent to upstream
[05/Jul/2026:23:55:36 +0200] [upstream] [2458365] Upstream stopped (reason: idle)
