[06/Jul/2026:10:14:08 +0200] [upstream] Upstream starting: npm start (env: {'HOME': '/home/groza-bot', 'LANG': 'en_US.UTF-8', 'LC_ALL': 'en_US.UTF-8', 'PATH': '/home/groza-bot/.local/bin:/home/groza-bot/.local/share/gem/ruby/3.4.0/bin:/home/groza-bot/.gem/ruby/3.4.0/bin:/home/groza-bot/.composer/vendor/bin:/home/groza-bot/.npm-packages/bin:/usr/local/bin:/usr/bin:/bin', 'TMPDIR': '/home/groza-bot/admin/tmp', '# ': '=========================================', '# GROZA - PERSONAL LIGHTNING ROD (Zero-Cost)': '', '# Environment Variables Template': '', '# 1. TELEGRAM BOT': '', '# Обязательно: Получите токен у @BotFather': '', 'TELEGRAM_BOT_TOKEN': '8516017309:AAHZ4PVY46dywE1nmGLOFCclzy1MKA07Ppo', '# 2. TEMBO POSTGRES (PostGIS)': '', '# Обязательно: Строка подключения из Tembo Cloud': '', 'DATABASE_URL': 'postgresql://neondb_owner:npg_tWIvK3DGLl0w@ep-purple-morning-at630e0v-pooler.c-9.us-east-1.aws.neon.tech/neondb?sslmode=require&channel_binding=require', '# 3. UPSTASH REDIS': '', '# Обязательно: Данные из консоли Upstash для REST/ioredis': '', 'UPSTASH_REDIS_REST_URL': 'https://upstash-url.upstash.io', 'UPSTASH_REDIS_REST_TOKEN': 'your_rest_token_here', 'REDIS_URL': 'rediss://default:gQAAAAAAAbQnAAIgcDE2NDY2N2UyZmQ2ZGE0OTJmYmI0ZjUxMzQxNDc0YjljYw@valued-lion-111655.upstash.io:6379', '# 4. IMGUR API': '', '# Обязательно: Client ID для анонимной загрузки сгенерированных карт': '', '# Регистрация: https://api.imgur.com/oauth2/addclient': '', 'IMGUR_CLIENT_ID': 'your_client_id_here', '# 5. THREADS GRAPH API': '', '# Обязательно: User ID и Long-Lived Access Token (60 дней) ': '', '# Токен необходимо рефрешить раз в месяц через cron': '', 'THREADS_USER_ID': '123456789012345', 'THREADS_ACCESS_TOKEN': 'EAAXXXXXXX_long_lived_token_here', '# 6. PORT (Express Server)': '', 'PORT': '8100', 'NODEJS_VERSION': '', 'HOST': 'fd00::7:6dd4', 'IP': 'fd00::7:6dd4'}, cwd: /home/groza-bot/www)
[06/Jul/2026:10:14:08 +0200] [upstream] Upstream started PID: 3563163
[06/Jul/2026:10:14:08 +0200] [upstream] [3563163] STDOUT: 
[06/Jul/2026:10:14:08 +0200] [upstream] [3563163] STDOUT: > groza@1.0.0 start
[06/Jul/2026:10:14:08 +0200] [upstream] [3563163] STDOUT: > if [ -f modules.zip ]; then unzip -qo modules.zip && rm -f modules.zip; fi; node dist/index.js
[06/Jul/2026:10:14:08 +0200] [upstream] [3563163] STDOUT: 
[06/Jul/2026:10:14:08 +0200] [upstream] [3563163] STDOUT: ◇ injected env (1) from .env // tip: ⌘ suppress logs { quiet: true }
[06/Jul/2026:10:14:08 +0200] [upstream] [3563163] STDERR: node:internal/modules/cjs/loader:1503
[06/Jul/2026:10:14:08 +0200] [upstream] [3563163] STDERR:   throw err;
[06/Jul/2026:10:14:08 +0200] [upstream] [3563163] STDERR:   ^
[06/Jul/2026:10:14:08 +0200] [upstream] [3563163] STDERR: 
[06/Jul/2026:10:14:08 +0200] [upstream] [3563163] STDERR: Error: Cannot find module '@simonschick/blitzortungapi'
[06/Jul/2026:10:14:08 +0200] [upstream] [3563163] STDERR: Require stack:
[06/Jul/2026:10:14:08 +0200] [upstream] [3563163] STDERR: - /home/groza-bot/www/dist/weather/lightning_listener.js
[06/Jul/2026:10:14:08 +0200] [upstream] [3563163] STDERR: - /home/groza-bot/www/dist/index.js
[06/Jul/2026:10:14:08 +0200] [upstream] [3563163] STDERR:     at Module._resolveFilename (node:internal/modules/cjs/loader:1500:15)
[06/Jul/2026:10:14:08 +0200] [upstream] [3563163] STDERR:     at wrapResolveFilename (node:internal/modules/cjs/loader:1071:27)
[06/Jul/2026:10:14:08 +0200] [upstream] [3563163] STDERR:     at defaultResolveImplForCJSLoading (node:internal/modules/cjs/loader:1095:10)
[06/Jul/2026:10:14:08 +0200] [upstream] [3563163] STDERR:     at resolveForCJSWithHooks (node:internal/modules/cjs/loader:1116:12)
[06/Jul/2026:10:14:08 +0200] [upstream] [3563163] STDERR:     at Module._load (node:internal/modules/cjs/loader:1285:25)
[06/Jul/2026:10:14:08 +0200] [upstream] [3563163] STDERR:     at wrapModuleLoad (node:internal/modules/cjs/loader:255:19)
[06/Jul/2026:10:14:08 +0200] [upstream] [3563163] STDERR:     at Module.require (node:internal/modules/cjs/loader:1600:12)
[06/Jul/2026:10:14:08 +0200] [upstream] [3563163] STDERR:     at require (node:internal/modules/helpers:153:16)
[06/Jul/2026:10:14:08 +0200] [upstream] [3563163] STDERR:     at Object.<anonymous> (/home/groza-bot/www/dist/weather/lightning_listener.js:7:26)
[06/Jul/2026:10:14:08 +0200] [upstream] [3563163] STDERR:     at Module._compile (node:internal/modules/cjs/loader:1854:14) {
[06/Jul/2026:10:14:08 +0200] [upstream] [3563163] STDERR:   code: 'MODULE_NOT_FOUND',
[06/Jul/2026:10:14:08 +0200] [upstream] [3563163] STDERR:   requireStack: [
[06/Jul/2026:10:14:08 +0200] [upstream] [3563163] STDERR:     '/home/groza-bot/www/dist/weather/lightning_listener.js',
[06/Jul/2026:10:14:08 +0200] [upstream] [3563163] STDERR:     '/home/groza-bot/www/dist/index.js'
[06/Jul/2026:10:14:08 +0200] [upstream] [3563163] STDERR:   ]
[06/Jul/2026:10:14:08 +0200] [upstream] [3563163] STDERR: }
[06/Jul/2026:10:14:08 +0200] [upstream] [3563163] STDERR: 
[06/Jul/2026:10:14:08 +0200] [upstream] [3563163] STDERR: Node.js v24.17.0
[06/Jul/2026:10:14:08 +0200] [upstream] Upstream starting failed: npm start (return code: 1 | reason: -)
[06/Jul/2026:10:14:09 +0200] [upstream] Upstream npm start previously failed to start, will not start again until 10:14:09
[06/Jul/2026:10:14:09 +0200] [upstream] Upstream starting: npm start (env: {'HOME': '/home/groza-bot', 'LANG': 'en_US.UTF-8', 'LC_ALL': 'en_US.UTF-8', 'PATH': '/home/groza-bot/.local/bin:/home/groza-bot/.local/share/gem/ruby/3.4.0/bin:/home/groza-bot/.gem/ruby/3.4.0/bin:/home/groza-bot/.composer/vendor/bin:/home/groza-bot/.npm-packages/bin:/usr/local/bin:/usr/bin:/bin', 'TMPDIR': '/home/groza-bot/admin/tmp', '# ': '=========================================', '# GROZA - PERSONAL LIGHTNING ROD (Zero-Cost)': '', '# Environment Variables Template': '', '# 1. TELEGRAM BOT': '', '# Обязательно: Получите токен у @BotFather': '', 'TELEGRAM_BOT_TOKEN': '8516017309:AAHZ4PVY46dywE1nmGLOFCclzy1MKA07Ppo', '# 2. TEMBO POSTGRES (PostGIS)': '', '# Обязательно: Строка подключения из Tembo Cloud': '', 'DATABASE_URL': 'postgresql://neondb_owner:npg_tWIvK3DGLl0w@ep-purple-morning-at630e0v-pooler.c-9.us-east-1.aws.neon.tech/neondb?sslmode=require&channel_binding=require', '# 3. UPSTASH REDIS': '', '# Обязательно: Данные из консоли Upstash для REST/ioredis': '', 'UPSTASH_REDIS_REST_URL': 'https://upstash-url.upstash.io', 'UPSTASH_REDIS_REST_TOKEN': 'your_rest_token_here', 'REDIS_URL': 'rediss://default:gQAAAAAAAbQnAAIgcDE2NDY2N2UyZmQ2ZGE0OTJmYmI0ZjUxMzQxNDc0YjljYw@valued-lion-111655.upstash.io:6379', '# 4. IMGUR API': '', '# Обязательно: Client ID для анонимной загрузки сгенерированных карт': '', '# Регистрация: https://api.imgur.com/oauth2/addclient': '', 'IMGUR_CLIENT_ID': 'your_client_id_here', '# 5. THREADS GRAPH API': '', '# Обязательно: User ID и Long-Lived Access Token (60 дней) ': '', '# Токен необходимо рефрешить раз в месяц через cron': '', 'THREADS_USER_ID': '123456789012345', 'THREADS_ACCESS_TOKEN': 'EAAXXXXXXX_long_lived_token_here', '# 6. PORT (Express Server)': '', 'PORT': '8100', 'NODEJS_VERSION': '', 'HOST': 'fd00::7:6dd4', 'IP': 'fd00::7:6dd4'}, cwd: /home/groza-bot/www)
[06/Jul/2026:10:14:09 +0200] [upstream] Upstream started PID: 3563221
[06/Jul/2026:10:14:10 +0200] [upstream] [3563221] STDOUT: 
[06/Jul/2026:10:14:10 +0200] [upstream] [3563221] STDOUT: > groza@1.0.0 start
[06/Jul/2026:10:14:10 +0200] [upstream] [3563221] STDOUT: > if [ -f modules.zip ]; then unzip -qo modules.zip && rm -f modules.zip; fi; node dist/index.js
[06/Jul/2026:10:14:10 +0200] [upstream] [3563221] STDOUT: 
[06/Jul/2026:10:14:10 +0200] [upstream] [3563221] STDOUT: ◇ injected env (1) from .env // tip: ⌘ multiple files { path: ['.env.local', '.env'] }
[06/Jul/2026:10:14:10 +0200] [upstream] [3563221] STDERR: node:internal/modules/cjs/loader:1503
[06/Jul/2026:10:14:10 +0200] [upstream] [3563221] STDERR:   throw err;
[06/Jul/2026:10:14:10 +0200] [upstream] [3563221] STDERR:   ^
[06/Jul/2026:10:14:10 +0200] [upstream] [3563221] STDERR: 
[06/Jul/2026:10:14:10 +0200] [upstream] [3563221] STDERR: Error: Cannot find module '@simonschick/blitzortungapi'
[06/Jul/2026:10:14:10 +0200] [upstream] [3563221] STDERR: Require stack:
[06/Jul/2026:10:14:10 +0200] [upstream] [3563221] STDERR: - /home/groza-bot/www/dist/weather/lightning_listener.js
[06/Jul/2026:10:14:10 +0200] [upstream] [3563221] STDERR: - /home/groza-bot/www/dist/index.js
[06/Jul/2026:10:14:10 +0200] [upstream] [3563221] STDERR:     at Module._resolveFilename (node:internal/modules/cjs/loader:1500:15)
[06/Jul/2026:10:14:10 +0200] [upstream] [3563221] STDERR:     at wrapResolveFilename (node:internal/modules/cjs/loader:1071:27)
[06/Jul/2026:10:14:10 +0200] [upstream] [3563221] STDERR:     at defaultResolveImplForCJSLoading (node:internal/modules/cjs/loader:1095:10)
[06/Jul/2026:10:14:10 +0200] [upstream] [3563221] STDERR:     at resolveForCJSWithHooks (node:internal/modules/cjs/loader:1116:12)
[06/Jul/2026:10:14:10 +0200] [upstream] [3563221] STDERR:     at Module._load (node:internal/modules/cjs/loader:1285:25)
[06/Jul/2026:10:14:10 +0200] [upstream] [3563221] STDERR:     at wrapModuleLoad (node:internal/modules/cjs/loader:255:19)
[06/Jul/2026:10:14:10 +0200] [upstream] [3563221] STDERR:     at Module.require (node:internal/modules/cjs/loader:1600:12)
[06/Jul/2026:10:14:10 +0200] [upstream] [3563221] STDERR:     at require (node:internal/modules/helpers:153:16)
[06/Jul/2026:10:14:10 +0200] [upstream] [3563221] STDERR:     at Object.<anonymous> (/home/groza-bot/www/dist/weather/lightning_listener.js:7:26)
[06/Jul/2026:10:14:10 +0200] [upstream] [3563221] STDERR:     at Module._compile (node:internal/modules/cjs/loader:1854:14) {
[06/Jul/2026:10:14:10 +0200] [upstream] [3563221] STDERR:   code: 'MODULE_NOT_FOUND',
[06/Jul/2026:10:14:10 +0200] [upstream] [3563221] STDERR:   requireStack: [
[06/Jul/2026:10:14:10 +0200] [upstream] [3563221] STDERR:     '/home/groza-bot/www/dist/weather/lightning_listener.js',
[06/Jul/2026:10:14:10 +0200] [upstream] [3563221] STDERR:     '/home/groza-bot/www/dist/index.js'
[06/Jul/2026:10:14:10 +0200] [upstream] [3563221] STDERR:   ]
[06/Jul/2026:10:14:10 +0200] [upstream] [3563221] STDERR: }
[06/Jul/2026:10:14:10 +0200] [upstream] [3563221] STDERR: 
[06/Jul/2026:10:14:10 +0200] [upstream] [3563221] STDERR: Node.js v24.17.0
[06/Jul/2026:10:14:10 +0200] [upstream] Upstream starting failed: npm start (return code: 1 | reason: -)
[06/Jul/2026:10:14:10 +0200] [upstream] Upstream npm start previously failed to start, will not start again until 10:14:12
[06/Jul/2026:10:15:46 +0200] [upstream] Upstream starting: npm start (env: {'HOME': '/home/groza-bot', 'LANG': 'en_US.UTF-8', 'LC_ALL': 'en_US.UTF-8', 'PATH': '/home/groza-bot/.local/bin:/home/groza-bot/.local/share/gem/ruby/3.4.0/bin:/home/groza-bot/.gem/ruby/3.4.0/bin:/home/groza-bot/.composer/vendor/bin:/home/groza-bot/.npm-packages/bin:/usr/local/bin:/usr/bin:/bin', 'TMPDIR': '/home/groza-bot/admin/tmp', '# ': '=========================================', '# GROZA - PERSONAL LIGHTNING ROD (Zero-Cost)': '', '# Environment Variables Template': '', '# 1. TELEGRAM BOT': '', '# Обязательно: Получите токен у @BotFather': '', 'TELEGRAM_BOT_TOKEN': '8516017309:AAHZ4PVY46dywE1nmGLOFCclzy1MKA07Ppo', '# 2. TEMBO POSTGRES (PostGIS)': '', '# Обязательно: Строка подключения из Tembo Cloud': '', 'DATABASE_URL': 'postgresql://neondb_owner:npg_tWIvK3DGLl0w@ep-purple-morning-at630e0v-pooler.c-9.us-east-1.aws.neon.tech/neondb?sslmode=require&channel_binding=require', '# 3. UPSTASH REDIS': '', '# Обязательно: Данные из консоли Upstash для REST/ioredis': '', 'UPSTASH_REDIS_REST_URL': 'https://upstash-url.upstash.io', 'UPSTASH_REDIS_REST_TOKEN': 'your_rest_token_here', 'REDIS_URL': 'rediss://default:gQAAAAAAAbQnAAIgcDE2NDY2N2UyZmQ2ZGE0OTJmYmI0ZjUxMzQxNDc0YjljYw@valued-lion-111655.upstash.io:6379', '# 4. IMGUR API': '', '# Обязательно: Client ID для анонимной загрузки сгенерированных карт': '', '# Регистрация: https://api.imgur.com/oauth2/addclient': '', 'IMGUR_CLIENT_ID': 'your_client_id_here', '# 5. THREADS GRAPH API': '', '# Обязательно: User ID и Long-Lived Access Token (60 дней) ': '', '# Токен необходимо рефрешить раз в месяц через cron': '', 'THREADS_USER_ID': '123456789012345', 'THREADS_ACCESS_TOKEN': 'EAAXXXXXXX_long_lived_token_here', '# 6. PORT (Express Server)': '', 'PORT': '8100', 'NODEJS_VERSION': '', 'HOST': 'fd00::7:6dd4', 'IP': 'fd00::7:6dd4'}, cwd: /home/groza-bot/www)
[06/Jul/2026:10:15:46 +0200] [upstream] Upstream started PID: 3566351
[06/Jul/2026:10:15:46 +0200] [upstream] [3566351] STDOUT: 
[06/Jul/2026:10:15:46 +0200] [upstream] [3566351] STDOUT: > groza@1.0.0 start
[06/Jul/2026:10:15:46 +0200] [upstream] [3566351] STDOUT: > if [ -f modules.zip ]; then unzip -qo modules.zip && rm -f modules.zip; fi; node dist/index.js
[06/Jul/2026:10:15:46 +0200] [upstream] [3566351] STDOUT: 
[06/Jul/2026:10:15:47 +0200] [upstream] [3566351] STDOUT: ◇ injected env (1) from .env // tip: ◈ encrypted .env [www.dotenvx.com]
[06/Jul/2026:10:15:47 +0200] [upstream] [3566351] STDERR: node:internal/modules/cjs/loader:1503
[06/Jul/2026:10:15:47 +0200] [upstream] [3566351] STDERR:   throw err;
[06/Jul/2026:10:15:47 +0200] [upstream] [3566351] STDERR:   ^
[06/Jul/2026:10:15:47 +0200] [upstream] [3566351] STDERR: 
[06/Jul/2026:10:15:47 +0200] [upstream] [3566351] STDERR: Error: Cannot find module '@simonschick/blitzortungapi'
[06/Jul/2026:10:15:47 +0200] [upstream] [3566351] STDERR: Require stack:
[06/Jul/2026:10:15:47 +0200] [upstream] [3566351] STDERR: - /home/groza-bot/www/dist/weather/lightning_listener.js
[06/Jul/2026:10:15:47 +0200] [upstream] [3566351] STDERR: - /home/groza-bot/www/dist/index.js
[06/Jul/2026:10:15:47 +0200] [upstream] [3566351] STDERR:     at Module._resolveFilename (node:internal/modules/cjs/loader:1500:15)
[06/Jul/2026:10:15:47 +0200] [upstream] [3566351] STDERR:     at wrapResolveFilename (node:internal/modules/cjs/loader:1071:27)
[06/Jul/2026:10:15:47 +0200] [upstream] [3566351] STDERR:     at defaultResolveImplForCJSLoading (node:internal/modules/cjs/loader:1095:10)
[06/Jul/2026:10:15:47 +0200] [upstream] [3566351] STDERR:     at resolveForCJSWithHooks (node:internal/modules/cjs/loader:1116:12)
[06/Jul/2026:10:15:47 +0200] [upstream] [3566351] STDERR:     at Module._load (node:internal/modules/cjs/loader:1285:25)
[06/Jul/2026:10:15:47 +0200] [upstream] [3566351] STDERR:     at wrapModuleLoad (node:internal/modules/cjs/loader:255:19)
[06/Jul/2026:10:15:47 +0200] [upstream] [3566351] STDERR:     at Module.require (node:internal/modules/cjs/loader:1600:12)
[06/Jul/2026:10:15:47 +0200] [upstream] [3566351] STDERR:     at require (node:internal/modules/helpers:153:16)
[06/Jul/2026:10:15:47 +0200] [upstream] [3566351] STDERR:     at Object.<anonymous> (/home/groza-bot/www/dist/weather/lightning_listener.js:7:26)
[06/Jul/2026:10:15:47 +0200] [upstream] [3566351] STDERR:     at Module._compile (node:internal/modules/cjs/loader:1854:14) {
[06/Jul/2026:10:15:47 +0200] [upstream] [3566351] STDERR:   code: 'MODULE_NOT_FOUND',
[06/Jul/2026:10:15:47 +0200] [upstream] [3566351] STDERR:   requireStack: [
[06/Jul/2026:10:15:47 +0200] [upstream] [3566351] STDERR:     '/home/groza-bot/www/dist/weather/lightning_listener.js',
[06/Jul/2026:10:15:47 +0200] [upstream] [3566351] STDERR:     '/home/groza-bot/www/dist/index.js'
[06/Jul/2026:10:15:47 +0200] [upstream] [3566351] STDERR:   ]
[06/Jul/2026:10:15:47 +0200] [upstream] [3566351] STDERR: }
[06/Jul/2026:10:15:47 +0200] [upstream] [3566351] STDERR: 
[06/Jul/2026:10:15:47 +0200] [upstream] [3566351] STDERR: Node.js v24.17.0
[06/Jul/2026:10:15:47 +0200] [upstream] Upstream starting failed: npm start (return code: 1 | reason: -)
[06/Jul/2026:10:15:47 +0200] [upstream] Upstream npm start previously failed to start, will not start again until 10:15:51
[06/Jul/2026:10:18:24 +0200] [upstream] Upstream starting: npm start (env: {'HOME': '/home/groza-bot', 'LANG': 'en_US.UTF-8', 'LC_ALL': 'en_US.UTF-8', 'PATH': '/home/groza-bot/.local/bin:/home/groza-bot/.local/share/gem/ruby/3.4.0/bin:/home/groza-bot/.gem/ruby/3.4.0/bin:/home/groza-bot/.composer/vendor/bin:/home/groza-bot/.npm-packages/bin:/usr/local/bin:/usr/bin:/bin', 'TMPDIR': '/home/groza-bot/admin/tmp', '# ': '=========================================', '# GROZA - PERSONAL LIGHTNING ROD (Zero-Cost)': '', '# Environment Variables Template': '', '# 1. TELEGRAM BOT': '', '# Обязательно: Получите токен у @BotFather': '', 'TELEGRAM_BOT_TOKEN': '8516017309:AAHZ4PVY46dywE1nmGLOFCclzy1MKA07Ppo', '# 2. TEMBO POSTGRES (PostGIS)': '', '# Обязательно: Строка подключения из Tembo Cloud': '', 'DATABASE_URL': 'postgresql://neondb_owner:npg_tWIvK3DGLl0w@ep-purple-morning-at630e0v-pooler.c-9.us-east-1.aws.neon.tech/neondb?sslmode=require&channel_binding=require', '# 3. UPSTASH REDIS': '', '# Обязательно: Данные из консоли Upstash для REST/ioredis': '', 'UPSTASH_REDIS_REST_URL': 'https://upstash-url.upstash.io', 'UPSTASH_REDIS_REST_TOKEN': 'your_rest_token_here', 'REDIS_URL': 'rediss://default:gQAAAAAAAbQnAAIgcDE2NDY2N2UyZmQ2ZGE0OTJmYmI0ZjUxMzQxNDc0YjljYw@valued-lion-111655.upstash.io:6379', '# 4. IMGUR API': '', '# Обязательно: Client ID для анонимной загрузки сгенерированных карт': '', '# Регистрация: https://api.imgur.com/oauth2/addclient': '', 'IMGUR_CLIENT_ID': 'your_client_id_here', '# 5. THREADS GRAPH API': '', '# Обязательно: User ID и Long-Lived Access Token (60 дней) ': '', '# Токен необходимо рефрешить раз в месяц через cron': '', 'THREADS_USER_ID': '123456789012345', 'THREADS_ACCESS_TOKEN': 'EAAXXXXXXX_long_lived_token_here', '# 6. PORT (Express Server)': '', 'PORT': '8100', 'NODEJS_VERSION': '', 'HOST': 'fd00::7:6dd4', 'IP': 'fd00::7:6dd4'}, cwd: /home/groza-bot/www)
[06/Jul/2026:10:18:24 +0200] [upstream] Upstream started PID: 3580454
[06/Jul/2026:10:18:24 +0200] [upstream] [3580454] STDOUT: 
[06/Jul/2026:10:18:24 +0200] [upstream] [3580454] STDOUT: > groza@1.0.0 start
[06/Jul/2026:10:18:24 +0200] [upstream] [3580454] STDOUT: > if [ -f modules.zip ]; then unzip -qo modules.zip && rm -f modules.zip; fi; node dist/index.js
[06/Jul/2026:10:18:24 +0200] [upstream] [3580454] STDOUT: 
[06/Jul/2026:10:18:24 +0200] [upstream] [3580454] STDERR: warning:  modules.zip appears to use backslashes as path separators
[06/Jul/2026:10:18:26 +0200] [upstream] [3580454] STDOUT: ◇ injected env (1) from .env // tip: ⌘ custom filepath { path: '/custom/path/.env' }
[06/Jul/2026:10:18:26 +0200] [upstream] [3580454] STDERR: node:internal/modules/cjs/loader:1503
[06/Jul/2026:10:18:26 +0200] [upstream] [3580454] STDERR:   throw err;
[06/Jul/2026:10:18:26 +0200] [upstream] [3580454] STDERR:   ^
[06/Jul/2026:10:18:26 +0200] [upstream] [3580454] STDERR: 
[06/Jul/2026:10:18:26 +0200] [upstream] [3580454] STDERR: Error: Cannot find module '@simonschick/blitzortungapi'
[06/Jul/2026:10:18:26 +0200] [upstream] [3580454] STDERR: Require stack:
[06/Jul/2026:10:18:26 +0200] [upstream] [3580454] STDERR: - /home/groza-bot/www/dist/weather/lightning_listener.js
[06/Jul/2026:10:18:26 +0200] [upstream] [3580454] STDERR: - /home/groza-bot/www/dist/index.js
[06/Jul/2026:10:18:26 +0200] [upstream] [3580454] STDERR:     at Module._resolveFilename (node:internal/modules/cjs/loader:1500:15)
[06/Jul/2026:10:18:26 +0200] [upstream] [3580454] STDERR:     at wrapResolveFilename (node:internal/modules/cjs/loader:1071:27)
[06/Jul/2026:10:18:26 +0200] [upstream] [3580454] STDERR:     at defaultResolveImplForCJSLoading (node:internal/modules/cjs/loader:1095:10)
[06/Jul/2026:10:18:26 +0200] [upstream] [3580454] STDERR:     at resolveForCJSWithHooks (node:internal/modules/cjs/loader:1116:12)
[06/Jul/2026:10:18:26 +0200] [upstream] [3580454] STDERR:     at Module._load (node:internal/modules/cjs/loader:1285:25)
[06/Jul/2026:10:18:26 +0200] [upstream] [3580454] STDERR:     at wrapModuleLoad (node:internal/modules/cjs/loader:255:19)
[06/Jul/2026:10:18:26 +0200] [upstream] [3580454] STDERR:     at Module.require (node:internal/modules/cjs/loader:1600:12)
[06/Jul/2026:10:18:26 +0200] [upstream] [3580454] STDERR:     at require (node:internal/modules/helpers:153:16)
[06/Jul/2026:10:18:26 +0200] [upstream] [3580454] STDERR:     at Object.<anonymous> (/home/groza-bot/www/dist/weather/lightning_listener.js:7:26)
[06/Jul/2026:10:18:26 +0200] [upstream] [3580454] STDERR:     at Module._compile (node:internal/modules/cjs/loader:1854:14) {
[06/Jul/2026:10:18:26 +0200] [upstream] [3580454] STDERR:   code: 'MODULE_NOT_FOUND',
[06/Jul/2026:10:18:26 +0200] [upstream] [3580454] STDERR:   requireStack: [
[06/Jul/2026:10:18:26 +0200] [upstream] [3580454] STDERR:     '/home/groza-bot/www/dist/weather/lightning_listener.js',
[06/Jul/2026:10:18:26 +0200] [upstream] [3580454] STDERR:     '/home/groza-bot/www/dist/index.js'
[06/Jul/2026:10:18:26 +0200] [upstream] [3580454] STDERR:   ]
[06/Jul/2026:10:18:26 +0200] [upstream] [3580454] STDERR: }
[06/Jul/2026:10:18:26 +0200] [upstream] [3580454] STDERR: 
[06/Jul/2026:10:18:26 +0200] [upstream] [3580454] STDERR: Node.js v24.17.0
[06/Jul/2026:10:18:26 +0200] [upstream] Upstream starting failed: npm start (return code: 1 | reason: -)
[06/Jul/2026:10:18:28 +0200] [upstream] Upstream npm start previously failed to start, will not start again until 10:18:34
[06/Jul/2026:10:20:52 +0200] [upstream] Upstream starting: npm start (env: {'HOME': '/home/groza-bot', 'LANG': 'en_US.UTF-8', 'LC_ALL': 'en_US.UTF-8', 'PATH': '/home/groza-bot/.local/bin:/home/groza-bot/.local/share/gem/ruby/3.4.0/bin:/home/groza-bot/.gem/ruby/3.4.0/bin:/home/groza-bot/.composer/vendor/bin:/home/groza-bot/.npm-packages/bin:/usr/local/bin:/usr/bin:/bin', 'TMPDIR': '/home/groza-bot/admin/tmp', '# ': '=========================================', '# GROZA - PERSONAL LIGHTNING ROD (Zero-Cost)': '', '# Environment Variables Template': '', '# 1. TELEGRAM BOT': '', '# Обязательно: Получите токен у @BotFather': '', 'TELEGRAM_BOT_TOKEN': '8516017309:AAHZ4PVY46dywE1nmGLOFCclzy1MKA07Ppo', '# 2. TEMBO POSTGRES (PostGIS)': '', '# Обязательно: Строка подключения из Tembo Cloud': '', 'DATABASE_URL': 'postgresql://neondb_owner:npg_tWIvK3DGLl0w@ep-purple-morning-at630e0v-pooler.c-9.us-east-1.aws.neon.tech/neondb?sslmode=require&channel_binding=require', '# 3. UPSTASH REDIS': '', '# Обязательно: Данные из консоли Upstash для REST/ioredis': '', 'UPSTASH_REDIS_REST_URL': 'https://upstash-url.upstash.io', 'UPSTASH_REDIS_REST_TOKEN': 'your_rest_token_here', 'REDIS_URL': 'rediss://default:gQAAAAAAAbQnAAIgcDE2NDY2N2UyZmQ2ZGE0OTJmYmI0ZjUxMzQxNDc0YjljYw@valued-lion-111655.upstash.io:6379', '# 4. IMGUR API': '', '# Обязательно: Client ID для анонимной загрузки сгенерированных карт': '', '# Регистрация: https://api.imgur.com/oauth2/addclient': '', 'IMGUR_CLIENT_ID': 'your_client_id_here', '# 5. THREADS GRAPH API': '', '# Обязательно: User ID и Long-Lived Access Token (60 дней) ': '', '# Токен необходимо рефрешить раз в месяц через cron': '', 'THREADS_USER_ID': '123456789012345', 'THREADS_ACCESS_TOKEN': 'EAAXXXXXXX_long_lived_token_here', '# 6. PORT (Express Server)': '', 'PORT': '8100', 'NODEJS_VERSION': '', 'HOST': 'fd00::7:6dd4', 'IP': 'fd00::7:6dd4'}, cwd: /home/groza-bot/www)
[06/Jul/2026:10:20:52 +0200] [upstream] Upstream started PID: 3584092
[06/Jul/2026:10:20:52 +0200] [upstream] [3584092] STDOUT: 
[06/Jul/2026:10:20:52 +0200] [upstream] [3584092] STDOUT: > groza@1.0.0 start
[06/Jul/2026:10:20:52 +0200] [upstream] [3584092] STDOUT: > if [ -f modules.zip ]; then unzip -qo modules.zip && rm -f modules.zip; fi; node dist/index.js
[06/Jul/2026:10:20:52 +0200] [upstream] [3584092] STDOUT: 
[06/Jul/2026:10:20:52 +0200] [upstream] [3584092] STDERR: checkdir error:  cannot create node_modules/worker-timers-worker/build/es2019
[06/Jul/2026:10:20:52 +0200] [upstream] [3584092] STDERR:                  Permission denied
[06/Jul/2026:10:20:52 +0200] [upstream] [3584092] STDERR:                  unable to process node_modules/worker-timers-worker/build/es2019/.
[06/Jul/2026:10:20:52 +0200] [upstream] [3584092] STDERR: checkdir error:  cannot create node_modules/worker-timers-worker/build/es5
[06/Jul/2026:10:20:52 +0200] [upstream] [3584092] STDERR:                  Permission denied
[06/Jul/2026:10:20:52 +0200] [upstream] [3584092] STDERR:                  unable to process node_modules/worker-timers-worker/build/es5/.
[06/Jul/2026:10:20:52 +0200] [upstream] [3584092] STDERR: checkdir error:  cannot create node_modules/worker-timers-worker/build/es5
[06/Jul/2026:10:20:52 +0200] [upstream] [3584092] STDERR:                  Permission denied
[06/Jul/2026:10:20:52 +0200] [upstream] [3584092] STDERR:                  unable to process node_modules/worker-timers-worker/build/es5/bundle.js.
[06/Jul/2026:10:20:52 +0200] [upstream] [3584092] STDERR: checkdir error:  cannot create node_modules/worker-timers-worker/build/es2019
[06/Jul/2026:10:20:52 +0200] [upstream] [3584092] STDERR:                  Permission denied
[06/Jul/2026:10:20:52 +0200] [upstream] [3584092] STDERR:                  unable to process node_modules/worker-timers-worker/build/es2019/factories/.
[06/Jul/2026:10:20:52 +0200] [upstream] [3584092] STDERR: checkdir error:  cannot create node_modules/worker-timers-worker/build/es2019
[06/Jul/2026:10:20:52 +0200] [upstream] [3584092] STDERR:                  Permission denied
[06/Jul/2026:10:20:52 +0200] [upstream] [3584092] STDERR:                  unable to process node_modules/worker-timers-worker/build/es2019/interfaces/.
[06/Jul/2026:10:20:52 +0200] [upstream] [3584092] STDERR: checkdir error:  cannot create node_modules/worker-timers-worker/build/es2019
[06/Jul/2026:10:20:52 +0200] [upstream] [3584092] STDERR:                  Permission denied
[06/Jul/2026:10:20:52 +0200] [upstream] [3584092] STDERR:                  unable to process node_modules/worker-timers-worker/build/es2019/module.d.ts.
[06/Jul/2026:10:20:52 +0200] [upstream] [3584092] STDERR: checkdir error:  cannot create node_modules/worker-timers-worker/build/es2019
[06/Jul/2026:10:20:52 +0200] [upstream] [3584092] STDERR:                  Permission denied
[06/Jul/2026:10:20:52 +0200] [upstream] [3584092] STDERR:                  unable to process node_modules/worker-timers-worker/build/es2019/module.d.ts.map.
[06/Jul/2026:10:20:52 +0200] [upstream] [3584092] STDERR: checkdir error:  cannot create node_modules/worker-timers-worker/build/es2019
[06/Jul/2026:10:20:52 +0200] [upstream] [3584092] STDERR:                  Permission denied
[06/Jul/2026:10:20:52 +0200] [upstream] [3584092] STDERR:                  unable to process node_modules/worker-timers-worker/build/es2019/module.js.
[06/Jul/2026:10:20:52 +0200] [upstream] [3584092] STDERR: checkdir error:  cannot create node_modules/worker-timers-worker/build/es2019
[06/Jul/2026:10:20:52 +0200] [upstream] [3584092] STDERR:                  Permission denied
[06/Jul/2026:10:20:52 +0200] [upstream] [3584092] STDERR:                  unable to process node_modules/worker-timers-worker/build/es2019/module.js.map.
[06/Jul/2026:10:20:52 +0200] [upstream] [3584092] STDERR: checkdir error:  cannot create node_modules/worker-timers-worker/build/es2019
[06/Jul/2026:10:20:52 +0200] [upstream] [3584092] STDERR:                  Permission denied
[06/Jul/2026:10:20:52 +0200] [upstream] [3584092] STDERR:                  unable to process node_modules/worker-timers-worker/build/es2019/types/.
[06/Jul/2026:10:20:52 +0200] [upstream] [3584092] STDERR: checkdir error:  cannot create node_modules/worker-timers-worker/build/es2019
[06/Jul/2026:10:20:52 +0200] [upstream] [3584092] STDERR:                  Permission denied
[06/Jul/2026:10:20:52 +0200] [upstream] [3584092] STDERR:                  unable to process node_modules/worker-timers-worker/build/es2019/types/index.d.ts.
[06/Jul/2026:10:20:52 +0200] [upstream] [3584092] STDERR: checkdir error:  cannot create node_modules/worker-timers-worker/build/es2019
[06/Jul/2026:10:20:52 +0200] [upstream] [3584092] STDERR:                  Permission denied
[06/Jul/2026:10:20:52 +0200] [upstream] [3584092] STDERR:                  unable to process node_modules/worker-timers-worker/build/es2019/types/index.d.ts.map.
[06/Jul/2026:10:20:52 +0200] [upstream] [3584092] STDERR: checkdir error:  cannot create node_modules/worker-timers-worker/build/es2019
[06/Jul/2026:10:20:52 +0200] [upstream] [3584092] STDERR:                  Permission denied
[06/Jul/2026:10:20:52 +0200] [upstream] [3584092] STDERR:                  unable to process node_modules/worker-timers-worker/build/es2019/types/index.js.
[06/Jul/2026:10:20:52 +0200] [upstream] [3584092] STDERR: checkdir error:  cannot create node_modules/worker-timers-worker/build/es2019
[06/Jul/2026:10:20:52 +0200] [upstream] [3584092] STDERR:                  Permission denied
[06/Jul/2026:10:20:52 +0200] [upstream] [3584092] STDERR:                  unable to process node_modules/worker-timers-worker/build/es2019/types/index.js.map.
[06/Jul/2026:10:20:52 +0200] [upstream] [3584092] STDERR: checkdir error:  cannot create node_modules/worker-timers-worker/build/es2019
[06/Jul/2026:10:20:52 +0200] [upstream] [3584092] STDERR:                  Permission denied
[06/Jul/2026:10:20:52 +0200] [upstream] [3584092] STDERR:                  unable to process node_modules/worker-timers-worker/build/es2019/types/resolve-set-response-result-promise.d.ts.
[06/Jul/2026:10:20:52 +0200] [upstream] [3584092] STDERR: checkdir error:  cannot create node_modules/worker-timers-worker/build/es2019
[06/Jul/2026:10:20:52 +0200] [upstream] [3584092] STDERR:                  Permission denied
[06/Jul/2026:10:20:52 +0200] [upstream] [3584092] STDERR:                  unable to process node_modules/worker-timers-worker/build/es2019/types/resolve-set-response-result-promise.d.ts.map.
[06/Jul/2026:10:20:52 +0200] [upstream] [3584092] STDERR: checkdir error:  cannot create node_modules/worker-timers-worker/build/es2019
[06/Jul/2026:10:20:52 +0200] [upstream] [3584092] STDERR:                  Permission denied
[06/Jul/2026:10:20:52 +0200] [upstream] [3584092] STDERR:                  unable to process node_modules/worker-timers-worker/build/es2019/types/resolve-set-response-result-promise.js.
[06/Jul/2026:10:20:52 +0200] [upstream] [3584092] STDERR: checkdir error:  cannot create node_modules/worker-timers-worker/build/es2019
[06/Jul/2026:10:20:52 +0200] [upstream] [3584092] STDERR:                  Permission denied
[06/Jul/2026:10:20:52 +0200] [upstream] [3584092] STDERR:                  unable to process node_modules/worker-timers-worker/build/es2019/types/resolve-set-response-result-promise.js.map.
[06/Jul/2026:10:20:52 +0200] [upstream] [3584092] STDERR: checkdir error:  cannot create node_modules/worker-timers-worker/build/es2019
[06/Jul/2026:10:20:52 +0200] [upstream] [3584092] STDERR:                  Permission denied
[06/Jul/2026:10:20:52 +0200] [upstream] [3584092] STDERR:                  unable to process node_modules/worker-timers-worker/build/es2019/types/timer-type.d.ts.
[06/Jul/2026:10:20:52 +0200] [upstream] [3584092] STDERR: checkdir error:  cannot create node_modules/worker-timers-worker/build/es2019
[06/Jul/2026:10:20:52 +0200] [upstream] [3584092] STDERR:                  Permission denied
[06/Jul/2026:10:20:52 +0200] [upstream] [3584092] STDERR:                  unable to process node_modules/worker-timers-worker/build/es2019/types/timer-type.d.ts.map.
[06/Jul/2026:10:20:52 +0200] [upstream] [3584092] STDERR: checkdir error:  cannot create node_modules/worker-timers-worker/build/es2019
[06/Jul/2026:10:20:52 +0200] [upstream] [3584092] STDERR:                  Permission denied
[06/Jul/2026:10:20:52 +0200] [upstream] [3584092] STDERR:                  unable to process node_modules/worker-timers-worker/build/es2019/types/timer-type.js.
[06/Jul/2026:10:20:52 +0200] [upstream] [3584092] STDERR: checkdir error:  cannot create node_modules/worker-timers-worker/build/es2019
[06/Jul/2026:10:20:52 +0200] [upstream] [3584092] STDERR:                  Permission denied
[06/Jul/2026:10:20:52 +0200] [upstream] [3584092] STDERR:                  unable to process node_modules/worker-timers-worker/build/es2019/types/timer-type.js.map.
[06/Jul/2026:10:20:52 +0200] [upstream] [3584092] STDERR: checkdir error:  cannot create node_modules/worker-timers-worker/build/es2019
[06/Jul/2026:10:20:52 +0200] [upstream] [3584092] STDERR:                  Permission denied
[06/Jul/2026:10:20:52 +0200] [upstream] [3584092] STDERR:                  unable to process node_modules/worker-timers-worker/build/es2019/types/worker-timers-worker-definition.d.ts.
[06/Jul/2026:10:20:52 +0200] [upstream] [3584092] STDERR: checkdir error:  cannot create node_modules/worker-timers-worker/build/es2019
[06/Jul/2026:10:20:52 +0200] [upstream] [3584092] STDERR:                  Permission denied
[06/Jul/2026:10:20:52 +0200] [upstream] [3584092] STDERR:                  unable to process node_modules/worker-timers-worker/build/es2019/types/worker-timers-worker-definition.d.ts.map.
[06/Jul/2026:10:20:52 +0200] [upstream] [3584092] STDERR: checkdir error:  cannot create node_modules/worker-timers-worker/build/es2019
[06/Jul/2026:10:20:52 +0200] [upstream] [3584092] STDERR:                  Permission denied
[06/Jul/2026:10:20:52 +0200] [upstream] [3584092] STDERR:                  unable to process node_modules/worker-timers-worker/build/es2019/types/worker-timers-worker-definition.js.
[06/Jul/2026:10:20:52 +0200] [upstream] [3584092] STDERR: checkdir error:  cannot create node_modules/worker-timers-worker/build/es2019
[06/Jul/2026:10:20:52 +0200] [upstream] [3584092] STDERR:                  Permission denied
[06/Jul/2026:10:20:52 +0200] [upstream] [3584092] STDERR:                  unable to process node_modules/worker-timers-worker/build/es2019/types/worker-timers-worker-definition.js.map.
[06/Jul/2026:10:20:52 +0200] [upstream] [3584092] STDERR: checkdir error:  cannot create node_modules/worker-timers-worker/build/es2019
[06/Jul/2026:10:20:52 +0200] [upstream] [3584092] STDERR:                  Permission denied
[06/Jul/2026:10:20:52 +0200] [upstream] [3584092] STDERR:                  unable to process node_modules/worker-timers-worker/build/es2019/interfaces/index.d.ts.
[06/Jul/2026:10:20:52 +0200] [upstream] [3584092] STDERR: checkdir error:  cannot create node_modules/worker-timers-worker/build/es2019
[06/Jul/2026:10:20:52 +0200] [upstream] [3584092] STDERR:                  Permission denied
[06/Jul/2026:10:20:52 +0200] [upstream] [3584092] STDERR:                  unable to process node_modules/worker-timers-worker/build/es2019/interfaces/index.d.ts.map.
[06/Jul/2026:10:20:52 +0200] [upstream] [3584092] STDERR: checkdir error:  cannot create node_modules/worker-timers-worker/build/es2019
[06/Jul/2026:10:20:52 +0200] [upstream] [3584092] STDERR:                  Permission denied
[06/Jul/2026:10:20:52 +0200] [upstream] [3584092] STDERR:                  unable to process node_modules/worker-timers-worker/build/es2019/interfaces/index.js.
[06/Jul/2026:10:20:52 +0200] [upstream] [3584092] STDERR: checkdir error:  cannot create node_modules/worker-timers-worker/build/es2019
[06/Jul/2026:10:20:52 +0200] [upstream] [3584092] STDERR:                  Permission denied
[06/Jul/2026:10:20:52 +0200] [upstream] [3584092] STDERR:                  unable to process node_modules/worker-timers-worker/build/es2019/interfaces/index.js.map.
[06/Jul/2026:10:20:52 +0200] [upstream] [3584092] STDERR: checkdir error:  cannot create node_modules/worker-timers-worker/build/es2019
[06/Jul/2026:10:20:52 +0200] [upstream] [3584092] STDERR:                  Permission denied
[06/Jul/2026:10:20:52 +0200] [upstream] [3584092] STDERR:                  unable to process node_modules/worker-timers-worker/build/es2019/interfaces/worker-timers-worker-custom-definition.d.ts.
[06/Jul/2026:10:20:52 +0200] [upstream] [3584092] STDERR: checkdir error:  cannot create node_modules/worker-timers-worker/build/es2019
[06/Jul/2026:10:20:52 +0200] [upstream] [3584092] STDERR:                  Permission denied
[06/Jul/2026:10:20:52 +0200] [upstream] [3584092] STDERR:                  unable to process node_modules/worker-timers-worker/build/es2019/interfaces/worker-timers-worker-custom-definition.d.ts.map.
[06/Jul/2026:10:20:52 +0200] [upstream] [3584092] STDERR: checkdir error:  cannot create node_modules/worker-timers-worker/build/es2019
[06/Jul/2026:10:20:52 +0200] [upstream] [3584092] STDERR:                  Permission denied
[06/Jul/2026:10:20:52 +0200] [upstream] [3584092] STDERR:                  unable to process node_modules/worker-timers-worker/build/es2019/interfaces/worker-timers-worker-custom-definition.js.
[06/Jul/2026:10:20:52 +0200] [upstream] [3584092] STDERR: checkdir error:  cannot create node_modules/worker-timers-worker/build/es2019
[06/Jul/2026:10:20:52 +0200] [upstream] [3584092] STDERR:                  Permission denied
[06/Jul/2026:10:20:52 +0200] [upstream] [3584092] STDERR:                  unable to process node_modules/worker-timers-worker/build/es2019/interfaces/worker-timers-worker-custom-definition.js.map.
[06/Jul/2026:10:20:52 +0200] [upstream] [3584092] STDERR: checkdir error:  cannot create node_modules/worker-timers-worker/build/es2019
[06/Jul/2026:10:20:52 +0200] [upstream] [3584092] STDERR:                  Permission denied
[06/Jul/2026:10:20:52 +0200] [upstream] [3584092] STDERR:                  unable to process node_modules/worker-timers-worker/build/es2019/factories/clear-timer.d.ts.
[06/Jul/2026:10:20:52 +0200] [upstream] [3584092] STDERR: checkdir error:  cannot create node_modules/worker-timers-worker/build/es2019
[06/Jul/2026:10:20:52 +0200] [upstream] [3584092] STDERR:                  Permission denied
[06/Jul/2026:10:20:52 +0200] [upstream] [3584092] STDERR:                  unable to process node_modules/worker-timers-worker/build/es2019/factories/clear-timer.d.ts.map.
[06/Jul/2026:10:20:52 +0200] [upstream] [3584092] STDERR: checkdir error:  cannot create node_modules/worker-timers-worker/build/es2019
[06/Jul/2026:10:20:52 +0200] [upstream] [3584092] STDERR:                  Permission denied
[06/Jul/2026:10:20:52 +0200] [upstream] [3584092] STDERR:                  unable to process node_modules/worker-timers-worker/build/es2019/factories/clear-timer.js.
[06/Jul/2026:10:20:52 +0200] [upstream] [3584092] STDERR: checkdir error:  cannot create node_modules/worker-timers-worker/build/es2019
[06/Jul/2026:10:20:52 +0200] [upstream] [3584092] STDERR:                  Permission denied
[06/Jul/2026:10:20:52 +0200] [upstream] [3584092] STDERR:                  unable to process node_modules/worker-timers-worker/build/es2019/factories/clear-timer.js.map.
[06/Jul/2026:10:20:52 +0200] [upstream] [3584092] STDERR: checkdir error:  cannot create node_modules/worker-timers-worker/build/es2019
[06/Jul/2026:10:20:52 +0200] [upstream] [3584092] STDERR:                  Permission denied
[06/Jul/2026:10:20:52 +0200] [upstream] [3584092] STDERR:                  unable to process node_modules/worker-timers-worker/build/es2019/factories/set-timeout-callback.d.ts.
[06/Jul/2026:10:20:52 +0200] [upstream] [3584092] STDERR: checkdir error:  cannot create node_modules/worker-timers-worker/build/es2019
[06/Jul/2026:10:20:52 +0200] [upstream] [3584092] STDERR:                  Permission denied
[06/Jul/2026:10:20:52 +0200] [upstream] [3584092] STDERR:                  unable to process node_modules/worker-timers-worker/build/es2019/factories/set-timeout-callback.d.ts.map.
[06/Jul/2026:10:20:52 +0200] [upstream] [3584092] STDERR: checkdir error:  cannot create node_modules/worker-timers-worker/build/es2019
[06/Jul/2026:10:20:52 +0200] [upstream] [3584092] STDERR:                  Permission denied
[06/Jul/2026:10:20:52 +0200] [upstream] [3584092] STDERR:                  unable to process node_modules/worker-timers-worker/build/es2019/factories/set-timeout-callback.js.
[06/Jul/2026:10:20:52 +0200] [upstream] [3584092] STDERR: checkdir error:  cannot create node_modules/worker-timers-worker/build/es2019
[06/Jul/2026:10:20:52 +0200] [upstream] [3584092] STDERR:                  Permission denied
[06/Jul/2026:10:20:52 +0200] [upstream] [3584092] STDERR:                  unable to process node_modules/worker-timers-worker/build/es2019/factories/set-timeout-callback.js.map.
[06/Jul/2026:10:20:52 +0200] [upstream] [3584092] STDERR: checkdir error:  cannot create node_modules/worker-timers-worker/build/es2019
[06/Jul/2026:10:20:52 +0200] [upstream] [3584092] STDERR:                  Permission denied
[06/Jul/2026:10:20:52 +0200] [upstream] [3584092] STDERR:                  unable to process node_modules/worker-timers-worker/build/es2019/factories/set-timer.d.ts.
[06/Jul/2026:10:20:52 +0200] [upstream] [3584092] STDERR: checkdir error:  cannot create node_modules/worker-timers-worker/build/es2019
[06/Jul/2026:10:20:52 +0200] [upstream] [3584092] STDERR:                  Permission denied
[06/Jul/2026:10:20:52 +0200] [upstream] [3584092] STDERR:                  unable to process node_modules/worker-timers-worker/build/es2019/factories/set-timer.d.ts.map.
[06/Jul/2026:10:20:52 +0200] [upstream] [3584092] STDERR: checkdir error:  cannot create node_modules/worker-timers-worker/build/es2019
[06/Jul/2026:10:20:52 +0200] [upstream] [3584092] STDERR:                  Permission denied
[06/Jul/2026:10:20:52 +0200] [upstream] [3584092] STDERR:                  unable to process node_modules/worker-timers-worker/build/es2019/factories/set-timer.js.
[06/Jul/2026:10:20:52 +0200] [upstream] [3584092] STDERR: checkdir error:  cannot create node_modules/worker-timers-worker/build/es2019
[06/Jul/2026:10:20:52 +0200] [upstream] [3584092] STDERR:                  Permission denied
[06/Jul/2026:10:20:52 +0200] [upstream] [3584092] STDERR:                  unable to process node_modules/worker-timers-worker/build/es2019/factories/set-timer.js.map.
[06/Jul/2026:10:20:52 +0200] [upstream] [3584092] STDERR: checkdir error:  cannot create node_modules/worker-timers-broker/build/es2019
[06/Jul/2026:10:20:52 +0200] [upstream] [3584092] STDERR:                  Permission denied
[06/Jul/2026:10:20:52 +0200] [upstream] [3584092] STDERR:                  unable to process node_modules/worker-timers-broker/build/es2019/.
[06/Jul/2026:10:20:52 +0200] [upstream] [3584092] STDERR: checkdir error:  cannot create node_modules/worker-timers-broker/build/es5
[06/Jul/2026:10:20:52 +0200] [upstream] [3584092] STDERR:                  Permission denied
[06/Jul/2026:10:20:52 +0200] [upstream] [3584092] STDERR:                  unable to process node_modules/worker-timers-broker/build/es5/.
[06/Jul/2026:10:20:52 +0200] [upstream] [3584092] STDERR: checkdir error:  cannot create node_modules/worker-timers-broker/build/es5
[06/Jul/2026:10:20:52 +0200] [upstream] [3584092] STDERR:                  Permission denied
[06/Jul/2026:10:20:52 +0200] [upstream] [3584092] STDERR:                  unable to process node_modules/worker-timers-broker/build/es5/bundle.js.
[06/Jul/2026:10:20:52 +0200] [upstream] [3584092] STDERR: checkdir error:  cannot create node_modules/worker-timers-broker/build/es2019
[06/Jul/2026:10:20:52 +0200] [upstream] [3584092] STDERR:                  Permission denied
[06/Jul/2026:10:20:52 +0200] [upstream] [3584092] STDERR:                  unable to process node_modules/worker-timers-broker/build/es2019/factories/.
[06/Jul/2026:10:20:52 +0200] [upstream] [3584092] STDERR: checkdir error:  cannot create node_modules/worker-timers-broker/build/es2019
[06/Jul/2026:10:20:52 +0200] [upstream] [3584092] STDERR:                  Permission denied
[06/Jul/2026:10:20:52 +0200] [upstream] [3584092] STDERR:                  unable to process node_modules/worker-timers-broker/build/es2019/interfaces/.
[06/Jul/2026:10:20:52 +0200] [upstream] [3584092] STDERR: checkdir error:  cannot create node_modules/worker-timers-broker/build/es2019
[06/Jul/2026:10:20:52 +0200] [upstream] [3584092] STDERR:                  Permission denied
[06/Jul/2026:10:20:52 +0200] [upstream] [3584092] STDERR:                  unable to process node_modules/worker-timers-broker/build/es2019/module.d.ts.
[06/Jul/2026:10:20:52 +0200] [upstream] [3584092] STDERR: checkdir error:  cannot create node_modules/worker-timers-broker/build/es2019
[06/Jul/2026:10:20:52 +0200] [upstream] [3584092] STDERR:                  Permission denied
[06/Jul/2026:10:20:52 +0200] [upstream] [3584092] STDERR:                  unable to process node_modules/worker-timers-broker/build/es2019/module.d.ts.map.
[06/Jul/2026:10:20:52 +0200] [upstream] [3584092] STDERR: checkdir error:  cannot create node_modules/worker-timers-broker/build/es2019
[06/Jul/2026:10:20:52 +0200] [upstream] [3584092] STDERR:                  Permission denied
[06/Jul/2026:10:20:52 +0200] [upstream] [3584092] STDERR:                  unable to process node_modules/worker-timers-broker/build/es2019/module.js.
[06/Jul/2026:10:20:52 +0200] [upstream] [3584092] STDERR: checkdir error:  cannot create node_modules/worker-timers-broker/build/es2019
[06/Jul/2026:10:20:52 +0200] [upstream] [3584092] STDERR:                  Permission denied
[06/Jul/2026:10:20:52 +0200] [upstream] [3584092] STDERR:                  unable to process node_modules/worker-timers-broker/build/es2019/module.js.map.
[06/Jul/2026:10:20:52 +0200] [upstream] [3584092] STDERR: checkdir error:  cannot create node_modules/worker-timers-broker/build/es2019
[06/Jul/2026:10:20:52 +0200] [upstream] [3584092] STDERR:                  Permission denied
[06/Jul/2026:10:20:52 +0200] [upstream] [3584092] STDERR:                  unable to process node_modules/worker-timers-broker/build/es2019/types/.
[06/Jul/2026:10:20:52 +0200] [upstream] [3584092] STDERR: checkdir error:  cannot create node_modules/worker-timers-broker/build/es2019
[06/Jul/2026:10:20:52 +0200] [upstream] [3584092] STDERR:                  Permission denied
[06/Jul/2026:10:20:52 +0200] [upstream] [3584092] STDERR:                  unable to process node_modules/worker-timers-broker/build/es2019/types/index.d.ts.
[06/Jul/2026:10:20:52 +0200] [upstream] [3584092] STDERR: checkdir error:  cannot create node_modules/worker-timers-broker/build/es2019
[06/Jul/2026:10:20:52 +0200] [upstream] [3584092] STDERR:                  Permission denied
[06/Jul/2026:10:20:52 +0200] [upstream] [3584092] STDERR:                  unable to process node_modules/worker-timers-broker/build/es2019/types/index.d.ts.map.
[06/Jul/2026:10:20:52 +0200] [upstream] [3584092] STDERR: checkdir error:  cannot create node_modules/worker-timers-broker/build/es2019
[06/Jul/2026:10:20:52 +0200] [upstream] [3584092] STDERR:                  Permission denied
[06/Jul/2026:10:20:52 +0200] [upstream] [3584092] STDERR:                  unable to process node_modules/worker-timers-broker/build/es2019/types/index.js.
[06/Jul/2026:10:20:52 +0200] [upstream] [3584092] STDERR: checkdir error:  cannot create node_modules/worker-timers-broker/build/es2019
[06/Jul/2026:10:20:52 +0200] [upstream] [3584092] STDERR:                  Permission denied
[06/Jul/2026:10:20:52 +0200] [upstream] [3584092] STDERR:                  unable to process node_modules/worker-timers-broker/build/es2019/types/index.js.map.
[06/Jul/2026:10:20:52 +0200] [upstream] [3584092] STDERR: checkdir error:  cannot create node_modules/worker-timers-broker/build/es2019
[06/Jul/2026:10:20:52 +0200] [upstream] [3584092] STDERR:                  Permission denied
[06/Jul/2026:10:20:52 +0200] [upstream] [3584092] STDERR:                  unable to process node_modules/worker-timers-broker/build/es2019/types/worker-timers-broker-loader.d.ts.
[06/Jul/2026:10:20:52 +0200] [upstream] [3584092] STDERR: checkdir error:  cannot create node_modules/worker-timers-broker/build/es2019
[06/Jul/2026:10:20:52 +0200] [upstream] [3584092] STDERR:                  Permission denied
[06/Jul/2026:10:20:52 +0200] [upstream] [3584092] STDERR:                  unable to process node_modules/worker-timers-broker/build/es2019/types/worker-timers-broker-loader.d.ts.map.
[06/Jul/2026:10:20:52 +0200] [upstream] [3584092] STDERR: checkdir error:  cannot create node_modules/worker-timers-broker/build/es2019
[06/Jul/2026:10:20:52 +0200] [upstream] [3584092] STDERR:                  Permission denied
[06/Jul/2026:10:20:52 +0200] [upstream] [3584092] STDERR:                  unable to process node_modules/worker-timers-broker/build/es2019/types/worker-timers-broker-loader.js.
[06/Jul/2026:10:20:52 +0200] [upstream] [3584092] STDERR: checkdir error:  cannot create node_modules/worker-timers-broker/build/es2019
[06/Jul/2026:10:20:52 +0200] [upstream] [3584092] STDERR:                  Permission denied
[06/Jul/2026:10:20:52 +0200] [upstream] [3584092] STDERR:                  unable to process node_modules/worker-timers-broker/build/es2019/types/worker-timers-broker-loader.js.map.
[06/Jul/2026:10:20:52 +0200] [upstream] [3584092] STDERR: checkdir error:  cannot create node_modules/worker-timers-broker/build/es2019
[06/Jul/2026:10:20:52 +0200] [upstream] [3584092] STDERR:                  Permission denied
[06/Jul/2026:10:20:52 +0200] [upstream] [3584092] STDERR:                  unable to process node_modules/worker-timers-broker/build/es2019/types/worker-timers-broker-wrapper.d.ts.
[06/Jul/2026:10:20:52 +0200] [upstream] [3584092] STDERR: checkdir error:  cannot create node_modules/worker-timers-broker/build/es2019
[06/Jul/2026:10:20:52 +0200] [upstream] [3584092] STDERR:                  Permission denied
[06/Jul/2026:10:20:52 +0200] [upstream] [3584092] STDERR:                  unable to process node_modules/worker-timers-broker/build/es2019/types/worker-timers-broker-wrapper.d.ts.map.
[06/Jul/2026:10:20:52 +0200] [upstream] [3584092] STDERR: checkdir error:  cannot create node_modules/worker-timers-broker/build/es2019
[06/Jul/2026:10:20:52 +0200] [upstream] [3584092] STDERR:                  Permission denied
[06/Jul/2026:10:20:52 +0200] [upstream] [3584092] STDERR:                  unable to process node_modules/worker-timers-broker/build/es2019/types/worker-timers-broker-wrapper.js.
[06/Jul/2026:10:20:52 +0200] [upstream] [3584092] STDERR: checkdir error:  cannot create node_modules/worker-timers-broker/build/es2019
[06/Jul/2026:10:20:52 +0200] [upstream] [3584092] STDERR:                  Permission denied
[06/Jul/2026:10:20:52 +0200] [upstream] [3584092] STDERR:                  unable to process node_modules/worker-timers-broker/build/es2019/types/worker-timers-broker-wrapper.js.map.
[06/Jul/2026:10:20:52 +0200] [upstream] [3584092] STDERR: checkdir error:  cannot create node_modules/worker-timers-broker/build/es2019
[06/Jul/2026:10:20:52 +0200] [upstream] [3584092] STDERR:                  Permission denied
[06/Jul/2026:10:20:52 +0200] [upstream] [3584092] STDERR:                  unable to process node_modules/worker-timers-broker/build/es2019/interfaces/index.d.ts.
[06/Jul/2026:10:20:52 +0200] [upstream] [3584092] STDERR: checkdir error:  cannot create node_modules/worker-timers-broker/build/es2019
[06/Jul/2026:10:20:52 +0200] [upstream] [3584092] STDERR:                  Permission denied
[06/Jul/2026:10:20:52 +0200] [upstream] [3584092] STDERR:                  unable to process node_modules/worker-timers-broker/build/es2019/interfaces/index.d.ts.map.
[06/Jul/2026:10:20:52 +0200] [upstream] [3584092] STDERR: checkdir error:  cannot create node_modules/worker-timers-broker/build/es2019
[06/Jul/2026:10:20:52 +0200] [upstream] [3584092] STDERR:                  Permission denied
[06/Jul/2026:10:20:52 +0200] [upstream] [3584092] STDERR:                  unable to process node_modules/worker-timers-broker/build/es2019/interfaces/index.js.
[06/Jul/2026:10:20:52 +0200] [upstream] [3584092] STDERR: checkdir error:  cannot create node_modules/worker-timers-broker/build/es2019
[06/Jul/2026:10:20:52 +0200] [upstream] [3584092] STDERR:                  Permission denied
[06/Jul/2026:10:20:52 +0200] [upstream] [3584092] STDERR:                  unable to process node_modules/worker-timers-broker/build/es2019/interfaces/index.js.map.
[06/Jul/2026:10:20:52 +0200] [upstream] [3584092] STDERR: checkdir error:  cannot create node_modules/worker-timers-broker/build/es2019
[06/Jul/2026:10:20:52 +0200] [upstream] [3584092] STDERR:                  Permission denied
[06/Jul/2026:10:20:52 +0200] [upstream] [3584092] STDERR:                  unable to process node_modules/worker-timers-broker/build/es2019/interfaces/worker-timers-broker-definition.d.ts.
[06/Jul/2026:10:20:52 +0200] [upstream] [3584092] STDERR: checkdir error:  cannot create node_modules/worker-timers-broker/build/es2019
[06/Jul/2026:10:20:52 +0200] [upstream] [3584092] STDERR:                  Permission denied
[06/Jul/2026:10:20:52 +0200] [upstream] [3584092] STDERR:                  unable to process node_modules/worker-timers-broker/build/es2019/interfaces/worker-timers-broker-definition.d.ts.map.
[06/Jul/2026:10:20:52 +0200] [upstream] [3584092] STDERR: checkdir error:  cannot create node_modules/worker-timers-broker/build/es2019
[06/Jul/2026:10:20:52 +0200] [upstream] [3584092] STDERR:                  Permission denied
[06/Jul/2026:10:20:52 +0200] [upstream] [3584092] STDERR:                  unable to process node_modules/worker-timers-broker/build/es2019/interfaces/worker-timers-broker-definition.js.
[06/Jul/2026:10:20:52 +0200] [upstream] [3584092] STDERR: checkdir error:  cannot create node_modules/worker-timers-broker/build/es2019
[06/Jul/2026:10:20:52 +0200] [upstream] [3584092] STDERR:                  Permission denied
[06/Jul/2026:10:20:52 +0200] [upstream] [3584092] STDERR:                  unable to process node_modules/worker-timers-broker/build/es2019/interfaces/worker-timers-broker-definition.js.map.
[06/Jul/2026:10:20:52 +0200] [upstream] [3584092] STDERR: checkdir error:  cannot create node_modules/worker-timers-broker/build/es2019
[06/Jul/2026:10:20:52 +0200] [upstream] [3584092] STDERR:                  Permission denied
[06/Jul/2026:10:20:52 +0200] [upstream] [3584092] STDERR:                  unable to process node_modules/worker-timers-broker/build/es2019/factories/clear-interval-factory.d.ts.
[06/Jul/2026:10:20:52 +0200] [upstream] [3584092] STDERR: checkdir error:  cannot create node_modules/worker-timers-broker/build/es2019
[06/Jul/2026:10:20:52 +0200] [upstream] [3584092] STDERR:                  Permission denied
[06/Jul/2026:10:20:52 +0200] [upstream] [3584092] STDERR:                  unable to process node_modules/worker-timers-broker/build/es2019/factories/clear-interval-factory.d.ts.map.
[06/Jul/2026:10:20:52 +0200] [upstream] [3584092] STDERR: checkdir error:  cannot create node_modules/worker-timers-broker/build/es2019
[06/Jul/2026:10:20:52 +0200] [upstream] [3584092] STDERR:                  Permission denied
[06/Jul/2026:10:20:52 +0200] [upstream] [3584092] STDERR:                  unable to process node_modules/worker-timers-broker/build/es2019/factories/clear-interval-factory.js.
[06/Jul/2026:10:20:52 +0200] [upstream] [3584092] STDERR: checkdir error:  cannot create node_modules/worker-timers-broker/build/es2019
[06/Jul/2026:10:20:52 +0200] [upstream] [3584092] STDERR:                  Permission denied
[06/Jul/2026:10:20:52 +0200] [upstream] [3584092] STDERR:                  unable to process node_modules/worker-timers-broker/build/es2019/factories/clear-interval-factory.js.map.
[06/Jul/2026:10:20:52 +0200] [upstream] [3584092] STDERR: checkdir error:  cannot create node_modules/worker-timers-broker/build/es2019
[06/Jul/2026:10:20:52 +0200] [upstream] [3584092] STDERR:                  Permission denied
[06/Jul/2026:10:20:52 +0200] [upstream] [3584092] STDERR:                  unable to process node_modules/worker-timers-broker/build/es2019/factories/clear-timeout-factory.d.ts.
[06/Jul/2026:10:20:52 +0200] [upstream] [3584092] STDERR: checkdir error:  cannot create node_modules/worker-timers-broker/build/es2019
[06/Jul/2026:10:20:52 +0200] [upstream] [3584092] STDERR:                  Permission denied
[06/Jul/2026:10:20:52 +0200] [upstream] [3584092] STDERR:                  unable to process node_modules/worker-timers-broker/build/es2019/factories/clear-timeout-factory.d.ts.map.
[06/Jul/2026:10:20:52 +0200] [upstream] [3584092] STDERR: checkdir error:  cannot create node_modules/worker-timers-broker/build/es2019
[06/Jul/2026:10:20:52 +0200] [upstream] [3584092] STDERR:                  Permission denied
[06/Jul/2026:10:20:52 +0200] [upstream] [3584092] STDERR:                  unable to process node_modules/worker-timers-broker/build/es2019/factories/clear-timeout-factory.js.
[06/Jul/2026:10:20:52 +0200] [upstream] [3584092] STDERR: checkdir error:  cannot create node_modules/worker-timers-broker/build/es2019
[06/Jul/2026:10:20:52 +0200] [upstream] [3584092] STDERR:                  Permission denied
[06/Jul/2026:10:20:52 +0200] [upstream] [3584092] STDERR:                  unable to process node_modules/worker-timers-broker/build/es2019/factories/clear-timeout-factory.js.map.
[06/Jul/2026:10:20:52 +0200] [upstream] [3584092] STDERR: checkdir error:  cannot create node_modules/worker-timers-broker/build/es2019
[06/Jul/2026:10:20:52 +0200] [upstream] [3584092] STDERR: checkdir error:  cannot create node_modules/rfdc/.github/workflows
[06/Jul/2026:10:20:52 +0200] [upstream] [3584092] STDERR:                  Permission denied
[06/Jul/2026:10:20:52 +0200] [upstream] [3584092] STDERR:                  unable to process node_modules/rfdc/.github/workflows/.
[06/Jul/2026:10:20:52 +0200] [upstream] [3584092] STDERR: checkdir error:  cannot create node_modules/rfdc/.github/workflows
[06/Jul/2026:10:20:52 +0200] [upstream] [3584092] STDERR:                  Permission denied
[06/Jul/2026:10:20:52 +0200] [upstream] [3584092] STDERR:                  unable to process node_modules/rfdc/.github/workflows/ci.yml.
[06/Jul/2026:10:20:52 +0200] [upstream] [3584092] STDERR: checkdir error:  cannot create node_modules/number-allocator/.github/workflows
[06/Jul/2026:10:20:52 +0200] [upstream] [3584092] STDERR:                  Permission denied
[06/Jul/2026:10:20:52 +0200] [upstream] [3584092] STDERR:                  unable to process node_modules/number-allocator/.github/workflows/.
[06/Jul/2026:10:20:52 +0200] [upstream] [3584092] STDERR: checkdir error:  cannot create node_modules/number-allocator/.github/workflows
[06/Jul/2026:10:20:52 +0200] [upstream] [3584092] STDERR:                  Permission denied
[06/Jul/2026:10:20:52 +0200] [upstream] [3584092] STDERR:                  unable to process node_modules/number-allocator/.github/workflows/nodejs.yml.
[06/Jul/2026:10:20:52 +0200] [upstream] [3584092] STDERR: checkdir error:  cannot create node_modules/mqtt-packet/.github/workflows
[06/Jul/2026:10:20:52 +0200] [upstream] [3584092] STDERR:                  Permission denied
[06/Jul/2026:10:20:52 +0200] [upstream] [3584092] STDERR:                  unable to process node_modules/mqtt-packet/.github/workflows/.
[06/Jul/2026:10:20:52 +0200] [upstream] [3584092] STDERR: checkdir error:  cannot create node_modules/mqtt-packet/.github/workflows
[06/Jul/2026:10:20:52 +0200] [upstream] [3584092] STDERR:                  Permission denied
[06/Jul/2026:10:20:52 +0200] [upstream] [3584092] STDERR:                  unable to process node_modules/mqtt-packet/.github/workflows/ci.yml.
[06/Jul/2026:10:20:52 +0200] [upstream] [3584092] STDERR: checkdir error:  cannot create node_modules/lru-cache/dist/commonjs
[06/Jul/2026:10:20:52 +0200] [upstream] [3584092] STDERR:                  Permission denied
[06/Jul/2026:10:20:52 +0200] [upstream] [3584092] STDERR:                  unable to process node_modules/lru-cache/dist/commonjs/.
[06/Jul/2026:10:20:52 +0200] [upstream] [3584092] STDERR: checkdir error:  cannot create node_modules/lru-cache/dist/esm
[06/Jul/2026:10:20:52 +0200] [upstream] [3584092] STDERR:                  Permission denied
[06/Jul/2026:10:20:52 +0200] [upstream] [3584092] STDERR:                  unable to process node_modules/lru-cache/dist/esm/.
[06/Jul/2026:10:20:52 +0200] [upstream] [3584092] STDERR: checkdir error:  cannot create node_modules/lru-cache/dist/esm
[06/Jul/2026:10:20:52 +0200] [upstream] [3584092] STDERR:                  Permission denied
[06/Jul/2026:10:20:52 +0200] [upstream] [3584092] STDERR:                  unable to process node_modules/lru-cache/dist/esm/index.d.ts.
[06/Jul/2026:10:20:52 +0200] [upstream] [3584092] STDERR: checkdir error:  cannot create node_modules/lru-cache/dist/esm
[06/Jul/2026:10:20:52 +0200] [upstream] [3584092] STDERR:                  Permission denied
[06/Jul/2026:10:20:52 +0200] [upstream] [3584092] STDERR:                  unable to process node_modules/lru-cache/dist/esm/index.d.ts.map.
[06/Jul/2026:10:20:52 +0200] [upstream] [3584092] STDERR: checkdir error:  cannot create node_modules/lru-cache/dist/esm
[06/Jul/2026:10:20:52 +0200] [upstream] [3584092] STDERR:                  Permission denied
[06/Jul/2026:10:20:52 +0200] [upstream] [3584092] STDERR:                  unable to process node_modules/lru-cache/dist/esm/index.js.
[06/Jul/2026:10:20:52 +0200] [upstream] [3584092] STDERR: checkdir error:  cannot create node_modules/lru-cache/dist/esm
[06/Jul/2026:10:20:52 +0200] [upstream] [3584092] STDERR:                  Permission denied
[06/Jul/2026:10:20:52 +0200] [upstream] [3584092] STDERR:                  unable to process node_modules/lru-cache/dist/esm/index.js.map.
[06/Jul/2026:10:20:52 +0200] [upstream] [3584092] STDERR: checkdir error:  cannot create node_modules/lru-cache/dist/esm
[06/Jul/2026:10:20:52 +0200] [upstream] [3584092] STDERR:                  Permission denied
[06/Jul/2026:10:20:52 +0200] [upstream] [3584092] STDERR:                  unable to process node_modules/lru-cache/dist/esm/index.min.js.
[06/Jul/2026:10:20:52 +0200] [upstream] [3584092] STDERR: checkdir error:  cannot create node_modules/lru-cache/dist/esm
[06/Jul/2026:10:20:52 +0200] [upstream] [3584092] STDERR:                  Permission denied
[06/Jul/2026:10:20:52 +0200] [upstream] [3584092] STDERR:                  unable to process node_modules/lru-cache/dist/esm/index.min.js.map.
[06/Jul/2026:10:20:52 +0200] [upstream] [3584092] STDERR: checkdir error:  cannot create node_modules/lru-cache/dist/esm
[06/Jul/2026:10:20:52 +0200] [upstream] [3584092] STDERR:                  Permission denied
[06/Jul/2026:10:20:52 +0200] [upstream] [3584092] STDERR:                  unable to process node_modules/lru-cache/dist/esm/package.json.
[06/Jul/2026:10:20:52 +0200] [upstream] [3584092] STDERR: checkdir error:  cannot create node_modules/lru-cache/dist/commonjs
[06/Jul/2026:10:20:52 +0200] [upstream] [3584092] STDERR:                  Permission denied
[06/Jul/2026:10:20:52 +0200] [upstream] [3584092] STDERR:                  unable to process node_modules/lru-cache/dist/commonjs/index.d.ts.
[06/Jul/2026:10:20:52 +0200] [upstream] [3584092] STDERR: checkdir error:  cannot create node_modules/lru-cache/dist/commonjs
[06/Jul/2026:10:20:52 +0200] [upstream] [3584092] STDERR:                  Permission denied
[06/Jul/2026:10:20:52 +0200] [upstream] [3584092] STDERR:                  unable to process node_modules/lru-cache/dist/commonjs/index.d.ts.map.
[06/Jul/2026:10:20:52 +0200] [upstream] [3584092] STDERR: checkdir error:  cannot create node_modules/lru-cache/dist/commonjs
[06/Jul/2026:10:20:52 +0200] [upstream] [3584092] STDERR:                  Permission denied
[06/Jul/2026:10:20:52 +0200] [upstream] [3584092] STDERR:                  unable to process node_modules/lru-cache/dist/commonjs/index.js.
[06/Jul/2026:10:20:52 +0200] [upstream] [3584092] STDERR: checkdir error:  cannot create node_modules/lru-cache/dist/commonjs
[06/Jul/2026:10:20:52 +0200] [upstream] [3584092] STDERR:                  Permission denied
[06/Jul/2026:10:20:52 +0200] [upstream] [3584092] STDERR:                  unable to process node_modules/lru-cache/dist/commonjs/index.js.map.
[06/Jul/2026:10:20:52 +0200] [upstream] [3584092] STDERR: checkdir error:  cannot create node_modules/lru-cache/dist/commonjs
[06/Jul/2026:10:20:52 +0200] [upstream] [3584092] STDERR:                  Permission denied
[06/Jul/2026:10:20:52 +0200] [upstream] [3584092] STDERR:                  unable to process node_modules/lru-cache/dist/commonjs/index.min.js.
[06/Jul/2026:10:20:52 +0200] [upstream] [3584092] STDERR: checkdir error:  cannot create node_modules/lru-cache/dist/commonjs
[06/Jul/2026:10:20:52 +0200] [upstream] [3584092] STDERR:                  Permission denied
[06/Jul/2026:10:20:52 +0200] [upstream] [3584092] STDERR:                  unable to process node_modules/lru-cache/dist/commonjs/index.min.js.map.
[06/Jul/2026:10:20:52 +0200] [upstream] [3584092] STDERR: checkdir error:  cannot create node_modules/lru-cache/dist/commonjs
[06/Jul/2026:10:20:52 +0200] [upstream] [3584092] STDERR:                  Permission denied
[06/Jul/2026:10:20:52 +0200] [upstream] [3584092] STDERR:                  unable to process node_modules/lru-cache/dist/commonjs/package.json.
[06/Jul/2026:10:20:52 +0200] [upstream] [3584092] STDERR: checkdir error:  cannot create node_modules/js-sdsl/dist/cjs
[06/Jul/2026:10:20:52 +0200] [upstream] [3584092] STDERR:                  Permission denied
[06/Jul/2026:10:20:52 +0200] [upstream] [3584092] STDERR:                  unable to process node_modules/js-sdsl/dist/cjs/.
[06/Jul/2026:10:20:52 +0200] [upstream] [3584092] STDERR: checkdir error:  cannot create node_modules/js-sdsl/dist/esm
[06/Jul/2026:10:20:52 +0200] [upstream] [3584092] STDERR:                  Permission denied
[06/Jul/2026:10:20:52 +0200] [upstream] [3584092] STDERR:                  unable to process node_modules/js-sdsl/dist/esm/.
[06/Jul/2026:10:20:52 +0200] [upstream] [3584092] STDERR: checkdir error:  cannot create node_modules/js-sdsl/dist/umd
[06/Jul/2026:10:20:52 +0200] [upstream] [3584092] STDERR:                  Permission denied
[06/Jul/2026:10:20:52 +0200] [upstream] [3584092] STDERR:                  unable to process node_modules/js-sdsl/dist/umd/.
[06/Jul/2026:10:20:52 +0200] [upstream] [3584092] STDERR: checkdir error:  cannot create node_modules/js-sdsl/dist/umd
[06/Jul/2026:10:20:52 +0200] [upstream] [3584092] STDERR:                  Permission denied
[06/Jul/2026:10:20:52 +0200] [upstream] [3584092] STDERR:                  unable to process node_modules/js-sdsl/dist/umd/js-sdsl.js.
[06/Jul/2026:10:20:52 +0200] [upstream] [3584092] STDERR: checkdir error:  cannot create node_modules/js-sdsl/dist/umd
[06/Jul/2026:10:20:52 +0200] [upstream] [3584092] STDERR:                  Permission denied
[06/Jul/2026:10:20:52 +0200] [upstream] [3584092] STDERR:                  unable to process node_modules/js-sdsl/dist/umd/js-sdsl.min.js.
[06/Jul/2026:10:20:52 +0200] [upstream] [3584092] STDERR: checkdir error:  cannot create node_modules/js-sdsl/dist/umd
[06/Jul/2026:10:20:52 +0200] [upstream] [3584092] STDERR:                  Permission denied
[06/Jul/2026:10:20:52 +0200] [upstream] [3584092] STDERR:                  unable to process node_modules/js-sdsl/dist/umd/js-sdsl.min.js.map.
[06/Jul/2026:10:20:52 +0200] [upstream] [3584092] STDERR: checkdir error:  cannot create node_modules/js-sdsl/dist/esm
[06/Jul/2026:10:20:52 +0200] [upstream] [3584092] STDERR:                  Permission denied
[06/Jul/2026:10:20:52 +0200] [upstream] [3584092] STDERR:                  unable to process node_modules/js-sdsl/dist/esm/container/.
[06/Jul/2026:10:20:52 +0200] [upstream] [3584092] STDERR: checkdir error:  cannot create node_modules/js-sdsl/dist/esm
[06/Jul/2026:10:20:52 +0200] [upstream] [3584092] STDERR:                  Permission denied
[06/Jul/2026:10:20:52 +0200] [upstream] [3584092] STDERR:                  unable to process node_modules/js-sdsl/dist/esm/index.d.ts.
[06/Jul/2026:10:20:52 +0200] [upstream] [3584092] STDERR: checkdir error:  cannot create node_modules/js-sdsl/dist/esm
[06/Jul/2026:10:20:52 +0200] [upstream] [3584092] STDERR:                  Permission denied
[06/Jul/2026:10:20:52 +0200] [upstream] [3584092] STDERR:                  unable to process node_modules/js-sdsl/dist/esm/index.js.
[06/Jul/2026:10:20:52 +0200] [upstream] [3584092] STDERR: checkdir error:  cannot create node_modules/js-sdsl/dist/esm
[06/Jul/2026:10:20:52 +0200] [upstream] [3584092] STDERR:                  Permission denied
[06/Jul/2026:10:20:52 +0200] [upstream] [3584092] STDERR:                  unable to process node_modules/js-sdsl/dist/esm/index.js.map.
[06/Jul/2026:10:20:52 +0200] [upstream] [3584092] STDERR: checkdir error:  cannot create node_modules/js-sdsl/dist/esm
[06/Jul/2026:10:20:52 +0200] [upstream] [3584092] STDERR:                  Permission denied
[06/Jul/2026:10:20:52 +0200] [upstream] [3584092] STDERR:                  unable to process node_modules/js-sdsl/dist/esm/utils/.
[06/Jul/2026:10:20:52 +0200] [upstream] [3584092] STDERR: checkdir error:  cannot create node_modules/js-sdsl/dist/esm
[06/Jul/2026:10:20:52 +0200] [upstream] [3584092] STDERR:                  Permission denied
[06/Jul/2026:10:20:52 +0200] [upstream] [3584092] STDERR:                  unable to process node_modules/js-sdsl/dist/esm/utils/checkObject.d.ts.
[06/Jul/2026:10:20:52 +0200] [upstream] [3584092] STDERR: checkdir error:  cannot create node_modules/js-sdsl/dist/esm
[06/Jul/2026:10:20:52 +0200] [upstream] [3584092] STDERR:                  Permission denied
[06/Jul/2026:10:20:52 +0200] [upstream] [3584092] STDERR:                  unable to process node_modules/js-sdsl/dist/esm/utils/checkObject.js.
[06/Jul/2026:10:20:52 +0200] [upstream] [3584092] STDERR: checkdir error:  cannot create node_modules/js-sdsl/dist/esm
[06/Jul/2026:10:20:52 +0200] [upstream] [3584092] STDERR:                  Permission denied
[06/Jul/2026:10:20:52 +0200] [upstream] [3584092] STDERR:                  unable to process node_modules/js-sdsl/dist/esm/utils/checkObject.js.map.
[06/Jul/2026:10:20:52 +0200] [upstream] [3584092] STDERR: checkdir error:  cannot create node_modules/js-sdsl/dist/esm
[06/Jul/2026:10:20:52 +0200] [upstream] [3584092] STDERR:                  Permission denied
[06/Jul/2026:10:20:52 +0200] [upstream] [3584092] STDERR:                  unable to process node_modules/js-sdsl/dist/esm/utils/throwError.d.ts.
[06/Jul/2026:10:20:52 +0200] [upstream] [3584092] STDERR: checkdir error:  cannot create node_modules/js-sdsl/dist/esm
[06/Jul/2026:10:20:52 +0200] [upstream] [3584092] STDERR:                  Permission denied
[06/Jul/2026:10:20:52 +0200] [upstream] [3584092] STDERR:                  unable to process node_modules/js-sdsl/dist/esm/utils/throwError.js.
[06/Jul/2026:10:20:52 +0200] [upstream] [3584092] STDERR: checkdir error:  cannot create node_modules/js-sdsl/dist/esm
[06/Jul/2026:10:20:52 +0200] [upstream] [3584092] STDERR:                  Permission denied
[06/Jul/2026:10:20:52 +0200] [upstream] [3584092] STDERR:                  unable to process node_modules/js-sdsl/dist/esm/utils/throwError.js.map.
[06/Jul/2026:10:20:52 +0200] [upstream] [3584092] STDERR: checkdir error:  cannot create node_modules/js-sdsl/dist/esm
[06/Jul/2026:10:20:52 +0200] [upstream] [3584092] STDERR:                  Permission denied
[06/Jul/2026:10:20:52 +0200] [upstream] [3584092] STDERR:                  unable to process node_modules/js-sdsl/dist/esm/container/ContainerBase/.
[06/Jul/2026:10:20:52 +0200] [upstream] [3584092] STDERR: checkdir error:  cannot create node_modules/js-sdsl/dist/esm
[06/Jul/2026:10:20:52 +0200] [upstream] [3584092] STDERR:                  Permission denied
[06/Jul/2026:10:20:52 +0200] [upstream] [3584092] STDERR:                  unable to process node_modules/js-sdsl/dist/esm/container/HashContainer/.
[06/Jul/2026:10:20:52 +0200] [upstream] [3584092] STDERR: checkdir error:  cannot create node_modules/js-sdsl/dist/esm
[06/Jul/2026:10:20:52 +0200] [upstream] [3584092] STDERR:                  Permission denied
[06/Jul/2026:10:20:52 +0200] [upstream] [3584092] STDERR:                  unable to process node_modules/js-sdsl/dist/esm/container/OtherContainer/.
[06/Jul/2026:10:20:52 +0200] [upstream] [3584092] STDERR: checkdir error:  cannot create node_modules/js-sdsl/dist/esm
[06/Jul/2026:10:20:52 +0200] [upstream] [3584092] STDERR:                  Permission denied
[06/Jul/2026:10:20:52 +0200] [upstream] [3584092] STDERR:                  unable to process node_modules/js-sdsl/dist/esm/container/SequentialContainer/.
[06/Jul/2026:10:20:52 +0200] [upstream] [3584092] STDERR: checkdir error:  cannot create node_modules/js-sdsl/dist/esm
[06/Jul/2026:10:20:52 +0200] [upstream] [3584092] STDERR:                  Permission denied
[06/Jul/2026:10:20:52 +0200] [upstream] [3584092] STDERR:                  unable to process node_modules/js-sdsl/dist/esm/container/TreeContainer/.
[06/Jul/2026:10:20:52 +0200] [upstream] [3584092] STDERR: checkdir error:  cannot create node_modules/js-sdsl/dist/esm
[06/Jul/2026:10:20:52 +0200] [upstream] [3584092] STDERR:                  Permission denied
[06/Jul/2026:10:20:52 +0200] [upstream] [3584092] STDERR:                  unable to process node_modules/js-sdsl/dist/esm/container/TreeContainer/Base/.
[06/Jul/2026:10:20:52 +0200] [upstream] [3584092] STDERR: checkdir error:  cannot create node_modules/js-sdsl/dist/esm
[06/Jul/2026:10:20:52 +0200] [upstream] [3584092] STDERR:                  Permission denied
[06/Jul/2026:10:20:52 +0200] [upstream] [3584092] STDERR:                  unable to process node_modules/js-sdsl/dist/esm/container/TreeContainer/OrderedMap.d.ts.
[06/Jul/2026:10:20:52 +0200] [upstream] [3584092] STDERR: checkdir error:  cannot create node_modules/js-sdsl/dist/esm
[06/Jul/2026:10:20:52 +0200] [upstream] [3584092] STDERR:                  Permission denied
[06/Jul/2026:10:20:52 +0200] [upstream] [3584092] STDERR:                  unable to process node_modules/js-sdsl/dist/esm/container/TreeContainer/OrderedMap.js.
[06/Jul/2026:10:20:52 +0200] [upstream] [3584092] STDERR: checkdir error:  cannot create node_modules/js-sdsl/dist/esm
[06/Jul/2026:10:20:52 +0200] [upstream] [3584092] STDERR:                  Permission denied
[06/Jul/2026:10:20:52 +0200] [upstream] [3584092] STDERR:                  unable to process node_modules/js-sdsl/dist/esm/container/TreeContainer/OrderedMap.js.map.
[06/Jul/2026:10:20:52 +0200] [upstream] [3584092] STDERR: checkdir error:  cannot create node_modules/js-sdsl/dist/esm
[06/Jul/2026:10:20:52 +0200] [upstream] [3584092] STDERR:                  Permission denied
[06/Jul/2026:10:20:52 +0200] [upstream] [3584092] STDERR:                  unable to process node_modules/js-sdsl/dist/esm/container/TreeContainer/OrderedSet.d.ts.
[06/Jul/2026:10:20:52 +0200] [upstream] [3584092] STDERR: checkdir error:  cannot create node_modules/js-sdsl/dist/esm
[06/Jul/2026:10:20:52 +0200] [upstream] [3584092] STDERR:                  Permission denied
[06/Jul/2026:10:20:52 +0200] [upstream] [3584092] STDERR:                  unable to process node_modules/js-sdsl/dist/esm/container/TreeContainer/OrderedSet.js.
[06/Jul/2026:10:20:52 +0200] [upstream] [3584092] STDERR: checkdir error:  cannot create node_modules/js-sdsl/dist/esm
[06/Jul/2026:10:20:52 +0200] [upstream] [3584092] STDERR:                  Permission denied
[06/Jul/2026:10:20:52 +0200] [upstream] [3584092] STDERR:                  unable to process node_modules/js-sdsl/dist/esm/container/TreeContainer/OrderedSet.js.map.
[06/Jul/2026:10:20:52 +0200] [upstream] [3584092] STDERR: checkdir error:  cannot create node_modules/js-sdsl/dist/esm
[06/Jul/2026:10:20:52 +0200] [upstream] [3584092] STDERR:                  Permission denied
[06/Jul/2026:10:20:52 +0200] [upstream] [3584092] STDERR:                  unable to process node_modules/js-sdsl/dist/esm/container/TreeContainer/Base/index.d.ts.
[06/Jul/2026:10:20:52 +0200] [upstream] [3584092] STDERR: checkdir error:  cannot create node_modules/js-sdsl/dist/esm
[06/Jul/2026:10:20:52 +0200] [upstream] [3584092] STDERR:                  Permission denied
[06/Jul/2026:10:20:52 +0200] [upstream] [3584092] STDERR:                  unable to process node_modules/js-sdsl/dist/esm/container/TreeContainer/Base/index.js.
[06/Jul/2026:10:20:52 +0200] [upstream] [3584092] STDERR: checkdir error:  cannot create node_modules/js-sdsl/dist/esm
[06/Jul/2026:10:20:52 +0200] [upstream] [3584092] STDERR:                  Permission denied
[06/Jul/2026:10:20:52 +0200] [upstream] [3584092] STDERR:                  unable to process node_modules/js-sdsl/dist/esm/container/TreeContainer/Base/index.js.map.
[06/Jul/2026:10:20:52 +0200] [upstream] [3584092] STDERR: checkdir error:  cannot create node_modules/js-sdsl/dist/esm
[06/Jul/2026:10:20:52 +0200] [upstream] [3584092] STDERR:                  Permission denied
[06/Jul/2026:10:20:52 +0200] [upstream] [3584092] STDERR:                  unable to process node_modules/js-sdsl/dist/esm/container/TreeContainer/Base/TreeIterator.d.ts.
[06/Jul/2026:10:20:52 +0200] [upstream] [3584092] STDERR: checkdir error:  cannot create node_modules/js-sdsl/dist/esm
[06/Jul/2026:10:20:52 +0200] [upstream] [3584092] STDERR:                  Permission denied
[06/Jul/2026:10:20:52 +0200] [upstream] [3584092] STDERR:                  unable to process node_modules/js-sdsl/dist/esm/container/TreeContainer/Base/TreeIterator.js.
[06/Jul/2026:10:20:52 +0200] [upstream] [3584092] STDERR: checkdir error:  cannot create node_modules/js-sdsl/dist/esm
[06/Jul/2026:10:20:52 +0200] [upstream] [3584092] STDERR:                  Permission denied
[06/Jul/2026:10:20:52 +0200] [upstream] [3584092] STDERR:                  unable to process node_modules/js-sdsl/dist/esm/container/TreeContainer/Base/TreeIterator.js.map.
[06/Jul/2026:10:20:52 +0200] [upstream] [3584092] STDERR: checkdir error:  cannot create node_modules/js-sdsl/dist/esm
[06/Jul/2026:10:20:52 +0200] [upstream] [3584092] STDERR:                  Permission denied
[06/Jul/2026:10:20:52 +0200] [upstream] [3584092] STDERR:                  unable to process node_modules/js-sdsl/dist/esm/container/TreeContainer/Base/TreeNode.d.ts.
[06/Jul/2026:10:20:52 +0200] [upstream] [3584092] STDERR: checkdir error:  cannot create node_modules/js-sdsl/dist/esm
[06/Jul/2026:10:20:52 +0200] [upstream] [3584092] STDERR:                  Permission denied
[06/Jul/2026:10:20:52 +0200] [upstream] [3584092] STDERR:                  unable to process node_modules/js-sdsl/dist/esm/container/TreeContainer/Base/TreeNode.js.
[06/Jul/2026:10:20:52 +0200] [upstream] [3584092] STDERR: checkdir error:  cannot create node_modules/js-sdsl/dist/esm
[06/Jul/2026:10:20:52 +0200] [upstream] [3584092] STDERR:                  Permission denied
[06/Jul/2026:10:20:52 +0200] [upstream] [3584092] STDERR:                  unable to process node_modules/js-sdsl/dist/esm/container/TreeContainer/Base/TreeNode.js.map.
[06/Jul/2026:10:20:52 +0200] [upstream] [3584092] STDERR: checkdir error:  cannot create node_modules/js-sdsl/dist/esm
[06/Jul/2026:10:20:52 +0200] [upstream] [3584092] STDERR:                  Permission denied
[06/Jul/2026:10:20:52 +0200] [upstream] [3584092] STDERR:                  unable to process node_modules/js-sdsl/dist/esm/container/SequentialContainer/Base/.
[06/Jul/2026:10:20:52 +0200] [upstream] [3584092] STDERR: checkdir error:  cannot create node_modules/js-sdsl/dist/esm
[06/Jul/2026:10:20:52 +0200] [upstream] [3584092] STDERR:                  Permission denied
[06/Jul/2026:10:20:52 +0200] [upstream] [3584092] STDERR:                  unable to process node_modules/js-sdsl/dist/esm/container/SequentialContainer/Deque.d.ts.
[06/Jul/2026:10:20:52 +0200] [upstream] [3584092] STDERR: checkdir error:  cannot create node_modules/js-sdsl/dist/esm
[06/Jul/2026:10:20:52 +0200] [upstream] [3584092] STDERR:                  Permission denied
[06/Jul/2026:10:20:52 +0200] [upstream] [3584092] STDERR:                  unable to process node_modules/js-sdsl/dist/esm/container/SequentialContainer/Deque.js.
[06/Jul/2026:10:20:52 +0200] [upstream] [3584092] STDERR: checkdir error:  cannot create node_modules/js-sdsl/dist/esm
[06/Jul/2026:10:20:52 +0200] [upstream] [3584092] STDERR:                  Permission denied
[06/Jul/2026:10:20:52 +0200] [upstream] [3584092] STDERR:                  unable to process node_modules/js-sdsl/dist/esm/container/SequentialContainer/Deque.js.map.
[06/Jul/2026:10:20:52 +0200] [upstream] [3584092] STDERR: checkdir error:  cannot create node_modules/js-sdsl/dist/esm
[06/Jul/2026:10:20:52 +0200] [upstream] [3584092] STDERR:                  Permission denied
[06/Jul/2026:10:20:52 +0200] [upstream] [3584092] STDERR:                  unable to process node_modules/js-sdsl/dist/esm/container/SequentialContainer/LinkList.d.ts.
[06/Jul/2026:10:20:52 +0200] [upstream] [3584092] STDERR: checkdir error:  cannot create node_modules/js-sdsl/dist/esm
[06/Jul/2026:10:20:52 +0200] [upstream] [3584092] STDERR:                  Permission denied
[06/Jul/2026:10:20:52 +0200] [upstream] [3584092] STDERR:                  unable to process node_modules/js-sdsl/dist/esm/container/SequentialContainer/LinkList.js.
[06/Jul/2026:10:20:52 +0200] [upstream] [3584092] STDERR: checkdir error:  cannot create node_modules/js-sdsl/dist/esm
[06/Jul/2026:10:20:52 +0200] [upstream] [3584092] STDERR:                  Permission denied
[06/Jul/2026:10:20:52 +0200] [upstream] [3584092] STDERR:                  unable to process node_modules/js-sdsl/dist/esm/container/SequentialContainer/LinkList.js.map.
[06/Jul/2026:10:20:52 +0200] [upstream] [3584092] STDERR: checkdir error:  cannot create node_modules/js-sdsl/dist/esm
[06/Jul/2026:10:20:52 +0200] [upstream] [3584092] STDERR:                  Permission denied
[06/Jul/2026:10:20:52 +0200] [upstream] [3584092] STDERR:                  unable to process node_modules/js-sdsl/dist/esm/container/SequentialContainer/Vector.d.ts.
[06/Jul/2026:10:20:52 +0200] [upstream] [3584092] STDERR: checkdir error:  cannot create node_modules/js-sdsl/dist/esm
[06/Jul/2026:10:20:52 +0200] [upstream] [3584092] STDERR:                  Permission denied
[06/Jul/2026:10:20:52 +0200] [upstream] [3584092] STDERR:                  unable to process node_modules/js-sdsl/dist/esm/container/SequentialContainer/Vector.js.
[06/Jul/2026:10:20:52 +0200] [upstream] [3584092] STDERR: checkdir error:  cannot create node_modules/js-sdsl/dist/esm
[06/Jul/2026:10:20:52 +0200] [upstream] [3584092] STDERR:                  Permission denied
[06/Jul/2026:10:20:52 +0200] [upstream] [3584092] STDERR:                  unable to process node_modules/js-sdsl/dist/esm/container/SequentialContainer/Vector.js.map.
[06/Jul/2026:10:20:52 +0200] [upstream] [3584092] STDERR: checkdir error:  cannot create node_modules/js-sdsl/dist/esm
[06/Jul/2026:10:20:52 +0200] [upstream] [3584092] STDERR:                  Permission denied
[06/Jul/2026:10:20:52 +0200] [upstream] [3584092] STDERR:                  unable to process node_modules/js-sdsl/dist/esm/container/SequentialContainer/Base/index.d.ts.
[06/Jul/2026:10:20:52 +0200] [upstream] [3584092] STDERR: checkdir error:  cannot create node_modules/js-sdsl/dist/esm
[06/Jul/2026:10:20:52 +0200] [upstream] [3584092] STDERR:                  Permission denied
[06/Jul/2026:10:20:52 +0200] [upstream] [3584092] STDERR:                  unable to process node_modules/js-sdsl/dist/esm/container/SequentialContainer/Base/index.js.
[06/Jul/2026:10:20:52 +0200] [upstream] [3584092] STDERR: checkdir error:  cannot create node_modules/js-sdsl/dist/esm
[06/Jul/2026:10:20:52 +0200] [upstream] [3584092] STDERR:                  Permission denied
[06/Jul/2026:10:20:52 +0200] [upstream] [3584092] STDERR:                  unable to process node_modules/js-sdsl/dist/esm/container/SequentialContainer/Base/index.js.map.
[06/Jul/2026:10:20:52 +0200] [upstream] [3584092] STDERR: checkdir error:  cannot create node_modules/js-sdsl/dist/esm
[06/Jul/2026:10:20:52 +0200] [upstream] [3584092] STDERR:                  Permission denied
[06/Jul/2026:10:20:52 +0200] [upstream] [3584092] STDERR:                  unable to process node_modules/js-sdsl/dist/esm/container/SequentialContainer/Base/RandomIterator.d.ts.
[06/Jul/2026:10:20:52 +0200] [upstream] [3584092] STDERR: checkdir error:  cannot create node_modules/js-sdsl/dist/esm
[06/Jul/2026:10:20:52 +0200] [upstream] [3584092] STDERR:                  Permission denied
[06/Jul/2026:10:20:52 +0200] [upstream] [3584092] STDERR:                  unable to process node_modules/js-sdsl/dist/esm/container/SequentialContainer/Base/RandomIterator.js.
[06/Jul/2026:10:20:52 +0200] [upstream] [3584092] STDERR: checkdir error:  cannot create node_modules/js-sdsl/dist/esm
[06/Jul/2026:10:20:52 +0200] [upstream] [3584092] STDERR:                  Permission denied
[06/Jul/2026:10:20:52 +0200] [upstream] [3584092] STDERR:                  unable to process node_modules/js-sdsl/dist/esm/container/SequentialContainer/Base/RandomIterator.js.map.
[06/Jul/2026:10:20:52 +0200] [upstream] [3584092] STDERR: checkdir error:  cannot create node_modules/js-sdsl/dist/esm
[06/Jul/2026:10:20:52 +0200] [upstream] [3584092] STDERR:                  Permission denied
[06/Jul/2026:10:20:52 +0200] [upstream] [3584092] STDERR:                  unable to process node_modules/js-sdsl/dist/esm/container/OtherContainer/PriorityQueue.d.ts.
[06/Jul/2026:10:20:52 +0200] [upstream] [3584092] STDERR: checkdir error:  cannot create node_modules/js-sdsl/dist/esm
[06/Jul/2026:10:20:52 +0200] [upstream] [3584092] STDERR:                  Permission denied
[06/Jul/2026:10:20:52 +0200] [upstream] [3584092] STDERR:                  unable to process node_modules/js-sdsl/dist/esm/container/OtherContainer/PriorityQueue.js.
[06/Jul/2026:10:20:52 +0200] [upstream] [3584092] STDERR: checkdir error:  cannot create node_modules/js-sdsl/dist/esm
[06/Jul/2026:10:20:52 +0200] [upstream] [3584092] STDERR:                  Permission denied
[06/Jul/2026:10:20:52 +0200] [upstream] [3584092] STDERR:                  unable to process node_modules/js-sdsl/dist/esm/container/OtherContainer/PriorityQueue.js.map.
[06/Jul/2026:10:20:52 +0200] [upstream] [3584092] STDERR: checkdir error:  cannot create node_modules/js-sdsl/dist/esm
[06/Jul/2026:10:20:52 +0200] [upstream] [3584092] STDERR:                  Permission denied
[06/Jul/2026:10:20:52 +0200] [upstream] [3584092] STDERR:                  unable to process node_modules/js-sdsl/dist/esm/container/OtherContainer/Queue.d.ts.
[06/Jul/2026:10:20:52 +0200] [upstream] [3584092] STDERR: checkdir error:  cannot create node_modules/js-sdsl/dist/esm
[06/Jul/2026:10:20:52 +0200] [upstream] [3584092] STDERR:                  Permission denied
[06/Jul/2026:10:20:52 +0200] [upstream] [3584092] STDERR:                  unable to process node_modules/js-sdsl/dist/esm/container/OtherContainer/Queue.js.
[06/Jul/2026:10:20:52 +0200] [upstream] [3584092] STDERR: checkdir error:  cannot create node_modules/js-sdsl/dist/esm
[06/Jul/2026:10:20:52 +0200] [upstream] [3584092] STDERR:                  Permission denied
[06/Jul/2026:10:20:52 +0200] [upstream] [3584092] STDERR:                  unable to process node_modules/js-sdsl/dist/esm/container/OtherContainer/Queue.js.map.
[06/Jul/2026:10:20:52 +0200] [upstream] [3584092] STDERR: checkdir error:  cannot create node_modules/js-sdsl/dist/esm
[06/Jul/2026:10:20:52 +0200] [upstream] [3584092] STDERR:                  Permission denied
[06/Jul/2026:10:20:52 +0200] [upstream] [3584092] STDERR:                  unable to process node_modules/js-sdsl/dist/esm/container/OtherContainer/Stack.d.ts.
[06/Jul/2026:10:20:52 +0200] [upstream] [3584092] STDERR: checkdir error:  cannot create node_modules/js-sdsl/dist/esm
[06/Jul/2026:10:20:52 +0200] [upstream] [3584092] STDERR:                  Permission denied
[06/Jul/2026:10:20:52 +0200] [upstream] [3584092] STDERR:                  unable to process node_modules/js-sdsl/dist/esm/container/OtherContainer/Stack.js.
[06/Jul/2026:10:20:52 +0200] [upstream] [3584092] STDERR: checkdir error:  cannot create node_modules/js-sdsl/dist/esm
[06/Jul/2026:10:20:52 +0200] [upstream] [3584092] STDERR:                  Permission denied
[06/Jul/2026:10:20:52 +0200] [upstream] [3584092] STDERR:                  unable to process node_modules/js-sdsl/dist/esm/container/OtherContainer/Stack.js.map.
[06/Jul/2026:10:20:52 +0200] [upstream] [3584092] STDERR: checkdir error:  cannot create node_modules/js-sdsl/dist/esm
[06/Jul/2026:10:20:52 +0200] [upstream] [3584092] STDERR:                  Permission denied
[06/Jul/2026:10:20:52 +0200] [upstream] [3584092] STDERR:                  unable to process node_modules/js-sdsl/dist/esm/container/HashContainer/Base/.
[06/Jul/2026:10:20:52 +0200] [upstream] [3584092] STDERR: checkdir error:  cannot create node_modules/js-sdsl/dist/esm
[06/Jul/2026:10:20:52 +0200] [upstream] [3584092] STDERR:                  Permission denied
[06/Jul/2026:10:20:52 +0200] [upstream] [3584092] STDERR:                  unable to process node_modules/js-sdsl/dist/esm/container/HashContainer/HashMap.d.ts.
[06/Jul/2026:10:20:52 +0200] [upstream] [3584092] STDERR: checkdir error:  cannot create node_modules/js-sdsl/dist/esm
[06/Jul/2026:10:20:52 +0200] [upstream] [3584092] STDERR:                  Permission denied
[06/Jul/2026:10:20:52 +0200] [upstream] [3584092] STDERR:                  unable to process node_modules/js-sdsl/dist/esm/container/HashContainer/HashMap.js.
[06/Jul/2026:10:20:52 +0200] [upstream] [3584092] STDERR: checkdir error:  cannot create node_modules/js-sdsl/dist/esm
[06/Jul/2026:10:20:52 +0200] [upstream] [3584092] STDERR:                  Permission denied
[06/Jul/2026:10:20:52 +0200] [upstream] [3584092] STDERR:                  unable to process node_modules/js-sdsl/dist/esm/container/HashContainer/HashMap.js.map.
[06/Jul/2026:10:20:52 +0200] [upstream] [3584092] STDERR: checkdir error:  cannot create node_modules/js-sdsl/dist/esm
[06/Jul/2026:10:20:52 +0200] [upstream] [3584092] STDERR:                  Permission denied
[06/Jul/2026:10:20:52 +0200] [upstream] [3584092] STDERR:                  unable to process node_modules/js-sdsl/dist/esm/container/HashContainer/HashSet.d.ts.
[06/Jul/2026:10:20:52 +0200] [upstream] [3584092] STDERR: checkdir error:  cannot create node_modules/js-sdsl/dist/esm
[06/Jul/2026:10:20:52 +0200] [upstream] [3584092] STDERR:                  Permission denied
[06/Jul/2026:10:20:52 +0200] [upstream] [3584092] STDERR:                  unable to process node_modules/js-sdsl/dist/esm/container/HashContainer/HashSet.js.
[06/Jul/2026:10:20:52 +0200] [upstream] [3584092] STDERR: checkdir error:  cannot create node_modules/js-sdsl/dist/esm
[06/Jul/2026:10:20:52 +0200] [upstream] [3584092] STDERR:                  Permission denied
[06/Jul/2026:10:20:53 +0200] [upstream] [3584092] STDERR: checkdir error:  cannot create node_modules/concat-stream/node_modules/readable-stream
[06/Jul/2026:10:20:53 +0200] [upstream] [3584092] STDERR:                  Permission denied
[06/Jul/2026:10:20:53 +0200] [upstream] [3584092] STDERR:                  unable to process node_modules/concat-stream/node_modules/readable-stream/.
[06/Jul/2026:10:20:53 +0200] [upstream] [3584092] STDERR: checkdir error:  cannot create node_modules/concat-stream/node_modules/readable-stream
[06/Jul/2026:10:20:53 +0200] [upstream] [3584092] STDERR:                  Permission denied
[06/Jul/2026:10:20:53 +0200] [upstream] [3584092] STDERR:                  unable to process node_modules/concat-stream/node_modules/readable-stream/CONTRIBUTING.md.
[06/Jul/2026:10:20:53 +0200] [upstream] [3584092] STDERR: checkdir error:  cannot create node_modules/concat-stream/node_modules/readable-stream
[06/Jul/2026:10:20:53 +0200] [upstream] [3584092] STDERR:                  Permission denied
[06/Jul/2026:10:20:53 +0200] [upstream] [3584092] STDERR:                  unable to process node_modules/concat-stream/node_modules/readable-stream/errors-browser.js.
[06/Jul/2026:10:20:53 +0200] [upstream] [3584092] STDERR: checkdir error:  cannot create node_modules/concat-stream/node_modules/readable-stream
[06/Jul/2026:10:20:53 +0200] [upstream] [3584092] STDERR:                  Permission denied
[06/Jul/2026:10:20:53 +0200] [upstream] [3584092] STDERR:                  unable to process node_modules/concat-stream/node_modules/readable-stream/errors.js.
[06/Jul/2026:10:20:53 +0200] [upstream] [3584092] STDERR: checkdir error:  cannot create node_modules/concat-stream/node_modules/readable-stream
[06/Jul/2026:10:20:53 +0200] [upstream] [3584092] STDERR:                  Permission denied
[06/Jul/2026:10:20:53 +0200] [upstream] [3584092] STDERR:                  unable to process node_modules/concat-stream/node_modules/readable-stream/experimentalWarning.js.
[06/Jul/2026:10:20:53 +0200] [upstream] [3584092] STDERR: checkdir error:  cannot create node_modules/concat-stream/node_modules/readable-stream
[06/Jul/2026:10:20:53 +0200] [upstream] [3584092] STDERR:                  Permission denied
[06/Jul/2026:10:20:53 +0200] [upstream] [3584092] STDERR:                  unable to process node_modules/concat-stream/node_modules/readable-stream/GOVERNANCE.md.
[06/Jul/2026:10:20:53 +0200] [upstream] [3584092] STDERR: checkdir error:  cannot create node_modules/concat-stream/node_modules/readable-stream
[06/Jul/2026:10:20:53 +0200] [upstream] [3584092] STDERR:                  Permission denied
[06/Jul/2026:10:20:53 +0200] [upstream] [3584092] STDERR:                  unable to process node_modules/concat-stream/node_modules/readable-stream/lib/.
[06/Jul/2026:10:20:53 +0200] [upstream] [3584092] STDERR: checkdir error:  cannot create node_modules/concat-stream/node_modules/readable-stream
[06/Jul/2026:10:20:53 +0200] [upstream] [3584092] STDERR:                  Permission denied
[06/Jul/2026:10:20:53 +0200] [upstream] [3584092] STDERR:                  unable to process node_modules/concat-stream/node_modules/readable-stream/LICENSE.
[06/Jul/2026:10:20:53 +0200] [upstream] [3584092] STDERR: checkdir error:  cannot create node_modules/concat-stream/node_modules/readable-stream
[06/Jul/2026:10:20:53 +0200] [upstream] [3584092] STDERR:                  Permission denied
[06/Jul/2026:10:20:53 +0200] [upstream] [3584092] STDERR:                  unable to process node_modules/concat-stream/node_modules/readable-stream/package.json.
[06/Jul/2026:10:20:53 +0200] [upstream] [3584092] STDERR: checkdir error:  cannot create node_modules/concat-stream/node_modules/readable-stream
[06/Jul/2026:10:20:53 +0200] [upstream] [3584092] STDERR:                  Permission denied
[06/Jul/2026:10:20:53 +0200] [upstream] [3584092] STDERR:                  unable to process node_modules/concat-stream/node_modules/readable-stream/readable-browser.js.
[06/Jul/2026:10:20:53 +0200] [upstream] [3584092] STDERR: checkdir error:  cannot create node_modules/concat-stream/node_modules/readable-stream
[06/Jul/2026:10:20:53 +0200] [upstream] [3584092] STDERR:                  Permission denied
[06/Jul/2026:10:20:53 +0200] [upstream] [3584092] STDERR:                  unable to process node_modules/concat-stream/node_modules/readable-stream/readable.js.
[06/Jul/2026:10:20:53 +0200] [upstream] [3584092] STDERR: checkdir error:  cannot create node_modules/concat-stream/node_modules/readable-stream
[06/Jul/2026:10:20:53 +0200] [upstream] [3584092] STDERR:                  Permission denied
[06/Jul/2026:10:20:53 +0200] [upstream] [3584092] STDERR:                  unable to process node_modules/concat-stream/node_modules/readable-stream/README.md.
[06/Jul/2026:10:20:53 +0200] [upstream] [3584092] STDERR: checkdir error:  cannot create node_modules/concat-stream/node_modules/readable-stream
[06/Jul/2026:10:20:53 +0200] [upstream] [3584092] STDERR:                  Permission denied
[06/Jul/2026:10:20:53 +0200] [upstream] [3584092] STDERR:                  unable to process node_modules/concat-stream/node_modules/readable-stream/lib/internal/.
[06/Jul/2026:10:20:53 +0200] [upstream] [3584092] STDERR: checkdir error:  cannot create node_modules/concat-stream/node_modules/readable-stream
[06/Jul/2026:10:20:53 +0200] [upstream] [3584092] STDERR:                  Permission denied
[06/Jul/2026:10:20:53 +0200] [upstream] [3584092] STDERR:                  unable to process node_modules/concat-stream/node_modules/readable-stream/lib/_stream_duplex.js.
[06/Jul/2026:10:20:53 +0200] [upstream] [3584092] STDERR: checkdir error:  cannot create node_modules/concat-stream/node_modules/readable-stream
[06/Jul/2026:10:20:53 +0200] [upstream] [3584092] STDERR:                  Permission denied
[06/Jul/2026:10:20:53 +0200] [upstream] [3584092] STDERR:                  unable to process node_modules/concat-stream/node_modules/readable-stream/lib/_stream_passthrough.js.
[06/Jul/2026:10:20:53 +0200] [upstream] [3584092] STDERR: checkdir error:  cannot create node_modules/concat-stream/node_modules/readable-stream
[06/Jul/2026:10:20:53 +0200] [upstream] [3584092] STDERR:                  Permission denied
[06/Jul/2026:10:20:53 +0200] [upstream] [3584092] STDERR:                  unable to process node_modules/concat-stream/node_modules/readable-stream/lib/_stream_readable.js.
[06/Jul/2026:10:20:53 +0200] [upstream] [3584092] STDERR: checkdir error:  cannot create node_modules/concat-stream/node_modules/readable-stream
[06/Jul/2026:10:20:53 +0200] [upstream] [3584092] STDERR:                  Permission denied
[06/Jul/2026:10:20:53 +0200] [upstream] [3584092] STDERR:                  unable to process node_modules/concat-stream/node_modules/readable-stream/lib/_stream_transform.js.
[06/Jul/2026:10:20:53 +0200] [upstream] [3584092] STDERR: checkdir error:  cannot create node_modules/concat-stream/node_modules/readable-stream
[06/Jul/2026:10:20:53 +0200] [upstream] [3584092] STDERR:                  Permission denied
[06/Jul/2026:10:20:53 +0200] [upstream] [3584092] STDERR:                  unable to process node_modules/concat-stream/node_modules/readable-stream/lib/_stream_writable.js.
[06/Jul/2026:10:20:53 +0200] [upstream] [3584092] STDERR: checkdir error:  cannot create node_modules/concat-stream/node_modules/readable-stream
[06/Jul/2026:10:20:53 +0200] [upstream] [3584092] STDERR:                  Permission denied
[06/Jul/2026:10:20:53 +0200] [upstream] [3584092] STDERR:                  unable to process node_modules/concat-stream/node_modules/readable-stream/lib/internal/streams/.
[06/Jul/2026:10:20:53 +0200] [upstream] [3584092] STDERR: checkdir error:  cannot create node_modules/concat-stream/node_modules/readable-stream
[06/Jul/2026:10:20:53 +0200] [upstream] [3584092] STDERR:                  Permission denied
[06/Jul/2026:10:20:53 +0200] [upstream] [3584092] STDERR:                  unable to process node_modules/concat-stream/node_modules/readable-stream/lib/internal/streams/async_iterator.js.
[06/Jul/2026:10:20:53 +0200] [upstream] [3584092] STDERR: checkdir error:  cannot create node_modules/concat-stream/node_modules/readable-stream
[06/Jul/2026:10:20:53 +0200] [upstream] [3584092] STDERR:                  Permission denied
[06/Jul/2026:10:20:53 +0200] [upstream] [3584092] STDERR:                  unable to process node_modules/concat-stream/node_modules/readable-stream/lib/internal/streams/buffer_list.js.
[06/Jul/2026:10:20:53 +0200] [upstream] [3584092] STDERR: checkdir error:  cannot create node_modules/concat-stream/node_modules/readable-stream
[06/Jul/2026:10:20:53 +0200] [upstream] [3584092] STDERR:                  Permission denied
[06/Jul/2026:10:20:53 +0200] [upstream] [3584092] STDERR:                  unable to process node_modules/concat-stream/node_modules/readable-stream/lib/internal/streams/destroy.js.
[06/Jul/2026:10:20:53 +0200] [upstream] [3584092] STDERR: checkdir error:  cannot create node_modules/concat-stream/node_modules/readable-stream
[06/Jul/2026:10:20:53 +0200] [upstream] [3584092] STDERR:                  Permission denied
[06/Jul/2026:10:20:53 +0200] [upstream] [3584092] STDERR:                  unable to process node_modules/concat-stream/node_modules/readable-stream/lib/internal/streams/end-of-stream.js.
[06/Jul/2026:10:20:53 +0200] [upstream] [3584092] STDERR: checkdir error:  cannot create node_modules/concat-stream/node_modules/readable-stream
[06/Jul/2026:10:20:53 +0200] [upstream] [3584092] STDERR:                  Permission denied
[06/Jul/2026:10:20:53 +0200] [upstream] [3584092] STDERR:                  unable to process node_modules/concat-stream/node_modules/readable-stream/lib/internal/streams/from-browser.js.
[06/Jul/2026:10:20:53 +0200] [upstream] [3584092] STDERR: checkdir error:  cannot create node_modules/concat-stream/node_modules/readable-stream
[06/Jul/2026:10:20:53 +0200] [upstream] [3584092] STDERR:                  Permission denied
[06/Jul/2026:10:20:53 +0200] [upstream] [3584092] STDERR:                  unable to process node_modules/concat-stream/node_modules/readable-stream/lib/internal/streams/from.js.
[06/Jul/2026:10:20:53 +0200] [upstream] [3584092] STDERR: checkdir error:  cannot create node_modules/concat-stream/node_modules/readable-stream
[06/Jul/2026:10:20:53 +0200] [upstream] [3584092] STDERR:                  Permission denied
[06/Jul/2026:10:20:53 +0200] [upstream] [3584092] STDERR:                  unable to process node_modules/concat-stream/node_modules/readable-stream/lib/internal/streams/pipeline.js.
[06/Jul/2026:10:20:53 +0200] [upstream] [3584092] STDERR: checkdir error:  cannot create node_modules/concat-stream/node_modules/readable-stream
[06/Jul/2026:10:20:53 +0200] [upstream] [3584092] STDERR:                  Permission denied
[06/Jul/2026:10:20:53 +0200] [upstream] [3584092] STDERR:                  unable to process node_modules/concat-stream/node_modules/readable-stream/lib/internal/streams/state.js.
[06/Jul/2026:10:20:53 +0200] [upstream] [3584092] STDERR: checkdir error:  cannot create node_modules/concat-stream/node_modules/readable-stream
[06/Jul/2026:10:20:53 +0200] [upstream] [3584092] STDERR:                  Permission denied
[06/Jul/2026:10:20:53 +0200] [upstream] [3584092] STDERR:                  unable to process node_modules/concat-stream/node_modules/readable-stream/lib/internal/streams/stream-browser.js.
[06/Jul/2026:10:20:53 +0200] [upstream] [3584092] STDERR: checkdir error:  cannot create node_modules/concat-stream/node_modules/readable-stream
[06/Jul/2026:10:20:53 +0200] [upstream] [3584092] STDERR:                  Permission denied
[06/Jul/2026:10:20:53 +0200] [upstream] [3584092] STDERR:                  unable to process node_modules/concat-stream/node_modules/readable-stream/lib/internal/streams/stream.js.
[06/Jul/2026:10:20:53 +0200] [upstream] [3584092] STDERR: checkdir error:  cannot create node_modules/commist/.github/workflows
[06/Jul/2026:10:20:53 +0200] [upstream] [3584092] STDERR:                  Permission denied
[06/Jul/2026:10:20:53 +0200] [upstream] [3584092] STDERR:                  unable to process node_modules/commist/.github/workflows/.
[06/Jul/2026:10:20:53 +0200] [upstream] [3584092] STDERR: checkdir error:  cannot create node_modules/commist/.github/workflows
[06/Jul/2026:10:20:53 +0200] [upstream] [3584092] STDERR:                  Permission denied
[06/Jul/2026:10:20:53 +0200] [upstream] [3584092] STDERR:                  unable to process node_modules/commist/.github/workflows/ci.yml.
[06/Jul/2026:10:20:54 +0200] [upstream] [3584092] STDERR: checkdir error:  cannot create node_modules/broker-factory/build/es2019
[06/Jul/2026:10:20:54 +0200] [upstream] [3584092] STDERR:                  Permission denied
[06/Jul/2026:10:20:54 +0200] [upstream] [3584092] STDERR:                  unable to process node_modules/broker-factory/build/es2019/.
[06/Jul/2026:10:20:54 +0200] [upstream] [3584092] STDERR: checkdir error:  cannot create node_modules/broker-factory/build/es5
[06/Jul/2026:10:20:54 +0200] [upstream] [3584092] STDERR:                  Permission denied
[06/Jul/2026:10:20:54 +0200] [upstream] [3584092] STDERR:                  unable to process node_modules/broker-factory/build/es5/.
[06/Jul/2026:10:20:54 +0200] [upstream] [3584092] STDERR: checkdir error:  cannot create node_modules/broker-factory/build/es5
[06/Jul/2026:10:20:54 +0200] [upstream] [3584092] STDERR:                  Permission denied
[06/Jul/2026:10:20:54 +0200] [upstream] [3584092] STDERR:                  unable to process node_modules/broker-factory/build/es5/bundle.js.
[06/Jul/2026:10:20:54 +0200] [upstream] [3584092] STDERR: checkdir error:  cannot create node_modules/broker-factory/build/es2019
[06/Jul/2026:10:20:54 +0200] [upstream] [3584092] STDERR:                  Permission denied
[06/Jul/2026:10:20:54 +0200] [upstream] [3584092] STDERR:                  unable to process node_modules/broker-factory/build/es2019/factories/.
[06/Jul/2026:10:20:54 +0200] [upstream] [3584092] STDERR: checkdir error:  cannot create node_modules/broker-factory/build/es2019
[06/Jul/2026:10:20:54 +0200] [upstream] [3584092] STDERR:                  Permission denied
[06/Jul/2026:10:20:54 +0200] [upstream] [3584092] STDERR:                  unable to process node_modules/broker-factory/build/es2019/guards/.
[06/Jul/2026:10:20:54 +0200] [upstream] [3584092] STDERR: checkdir error:  cannot create node_modules/broker-factory/build/es2019
[06/Jul/2026:10:20:54 +0200] [upstream] [3584092] STDERR:                  Permission denied
[06/Jul/2026:10:20:54 +0200] [upstream] [3584092] STDERR:                  unable to process node_modules/broker-factory/build/es2019/interfaces/.
[06/Jul/2026:10:20:54 +0200] [upstream] [3584092] STDERR: checkdir error:  cannot create node_modules/broker-factory/build/es2019
[06/Jul/2026:10:20:54 +0200] [upstream] [3584092] STDERR:                  Permission denied
[06/Jul/2026:10:20:54 +0200] [upstream] [3584092] STDERR:                  unable to process node_modules/broker-factory/build/es2019/module.d.ts.
[06/Jul/2026:10:20:54 +0200] [upstream] [3584092] STDERR: checkdir error:  cannot create node_modules/broker-factory/build/es2019
[06/Jul/2026:10:20:54 +0200] [upstream] [3584092] STDERR:                  Permission denied
[06/Jul/2026:10:20:54 +0200] [upstream] [3584092] STDERR:                  unable to process node_modules/broker-factory/build/es2019/module.d.ts.map.
[06/Jul/2026:10:20:54 +0200] [upstream] [3584092] STDERR: checkdir error:  cannot create node_modules/broker-factory/build/es2019
[06/Jul/2026:10:20:54 +0200] [upstream] [3584092] STDERR:                  Permission denied
[06/Jul/2026:10:20:54 +0200] [upstream] [3584092] STDERR:                  unable to process node_modules/broker-factory/build/es2019/module.js.
[06/Jul/2026:10:20:54 +0200] [upstream] [3584092] STDERR: checkdir error:  cannot create node_modules/broker-factory/build/es2019
[06/Jul/2026:10:20:54 +0200] [upstream] [3584092] STDERR:                  Permission denied
[06/Jul/2026:10:20:54 +0200] [upstream] [3584092] STDERR:                  unable to process node_modules/broker-factory/build/es2019/module.js.map.
[06/Jul/2026:10:20:54 +0200] [upstream] [3584092] STDERR: checkdir error:  cannot create node_modules/broker-factory/build/es2019
[06/Jul/2026:10:20:54 +0200] [upstream] [3584092] STDERR:                  Permission denied
[06/Jul/2026:10:20:54 +0200] [upstream] [3584092] STDERR:                  unable to process node_modules/broker-factory/build/es2019/types/.
[06/Jul/2026:10:20:54 +0200] [upstream] [3584092] STDERR: checkdir error:  cannot create node_modules/broker-factory/build/es2019
[06/Jul/2026:10:20:54 +0200] [upstream] [3584092] STDERR:                  Permission denied
[06/Jul/2026:10:20:54 +0200] [upstream] [3584092] STDERR:                  unable to process node_modules/broker-factory/build/es2019/types/broker-implementation.d.ts.
[06/Jul/2026:10:20:54 +0200] [upstream] [3584092] STDERR: checkdir error:  cannot create node_modules/broker-factory/build/es2019
[06/Jul/2026:10:20:54 +0200] [upstream] [3584092] STDERR:                  Permission denied
[06/Jul/2026:10:20:54 +0200] [upstream] [3584092] STDERR:                  unable to process node_modules/broker-factory/build/es2019/types/broker-implementation.d.ts.map.
[06/Jul/2026:10:20:54 +0200] [upstream] [3584092] STDERR: checkdir error:  cannot create node_modules/broker-factory/build/es2019
[06/Jul/2026:10:20:54 +0200] [upstream] [3584092] STDERR:                  Permission denied
[06/Jul/2026:10:20:54 +0200] [upstream] [3584092] STDERR:                  unable to process node_modules/broker-factory/build/es2019/types/broker-implementation.js.
[06/Jul/2026:10:20:54 +0200] [upstream] [3584092] STDERR: checkdir error:  cannot create node_modules/broker-factory/build/es2019
[06/Jul/2026:10:20:54 +0200] [upstream] [3584092] STDERR:                  Permission denied
[06/Jul/2026:10:20:54 +0200] [upstream] [3584092] STDERR:                  unable to process node_modules/broker-factory/build/es2019/types/broker-implementation.js.map.
[06/Jul/2026:10:20:54 +0200] [upstream] [3584092] STDERR: checkdir error:  cannot create node_modules/broker-factory/build/es2019
[06/Jul/2026:10:20:54 +0200] [upstream] [3584092] STDERR:                  Permission denied
[06/Jul/2026:10:20:54 +0200] [upstream] [3584092] STDERR:                  unable to process node_modules/broker-factory/build/es2019/types/index.d.ts.
[06/Jul/2026:10:20:54 +0200] [upstream] [3584092] STDERR: checkdir error:  cannot create node_modules/broker-factory/build/es2019
[06/Jul/2026:10:20:54 +0200] [upstream] [3584092] STDERR:                  Permission denied
[06/Jul/2026:10:20:54 +0200] [upstream] [3584092] STDERR:                  unable to process node_modules/broker-factory/build/es2019/types/index.d.ts.map.
[06/Jul/2026:10:20:54 +0200] [upstream] [3584092] STDERR: checkdir error:  cannot create node_modules/broker-factory/build/es2019
[06/Jul/2026:10:20:54 +0200] [upstream] [3584092] STDERR:                  Permission denied
[06/Jul/2026:10:20:54 +0200] [upstream] [3584092] STDERR:                  unable to process node_modules/broker-factory/build/es2019/types/index.js.
[06/Jul/2026:10:20:54 +0200] [upstream] [3584092] STDERR: checkdir error:  cannot create node_modules/broker-factory/build/es2019
[06/Jul/2026:10:20:54 +0200] [upstream] [3584092] STDERR:                  Permission denied
[06/Jul/2026:10:20:54 +0200] [upstream] [3584092] STDERR:                  unable to process node_modules/broker-factory/build/es2019/types/index.js.map.
[06/Jul/2026:10:20:54 +0200] [upstream] [3584092] STDERR: checkdir error:  cannot create node_modules/broker-factory/build/es2019
[06/Jul/2026:10:20:54 +0200] [upstream] [3584092] STDERR:                  Permission denied
[06/Jul/2026:10:20:54 +0200] [upstream] [3584092] STDERR:                  unable to process node_modules/broker-factory/build/es2019/interfaces/broker-actions.d.ts.
[06/Jul/2026:10:20:54 +0200] [upstream] [3584092] STDERR: checkdir error:  cannot create node_modules/broker-factory/build/es2019
[06/Jul/2026:10:20:54 +0200] [upstream] [3584092] STDERR:                  Permission denied
[06/Jul/2026:10:20:54 +0200] [upstream] [3584092] STDERR:                  unable to process node_modules/broker-factory/build/es2019/interfaces/broker-actions.d.ts.map.
[06/Jul/2026:10:20:54 +0200] [upstream] [3584092] STDERR: checkdir error:  cannot create node_modules/broker-factory/build/es2019
[06/Jul/2026:10:20:54 +0200] [upstream] [3584092] STDERR:                  Permission denied
[06/Jul/2026:10:20:54 +0200] [upstream] [3584092] STDERR:                  unable to process node_modules/broker-factory/build/es2019/interfaces/broker-actions.js.
[06/Jul/2026:10:20:54 +0200] [upstream] [3584092] STDERR: checkdir error:  cannot create node_modules/broker-factory/build/es2019
[06/Jul/2026:10:20:54 +0200] [upstream] [3584092] STDERR:                  Permission denied
[06/Jul/2026:10:20:54 +0200] [upstream] [3584092] STDERR:                  unable to process node_modules/broker-factory/build/es2019/interfaces/broker-actions.js.map.
[06/Jul/2026:10:20:54 +0200] [upstream] [3584092] STDERR: checkdir error:  cannot create node_modules/broker-factory/build/es2019
[06/Jul/2026:10:20:54 +0200] [upstream] [3584092] STDERR:                  Permission denied
[06/Jul/2026:10:20:54 +0200] [upstream] [3584092] STDERR:                  unable to process node_modules/broker-factory/build/es2019/interfaces/broker-definition.d.ts.
[06/Jul/2026:10:20:54 +0200] [upstream] [3584092] STDERR: checkdir error:  cannot create node_modules/broker-factory/build/es2019
[06/Jul/2026:10:20:54 +0200] [upstream] [3584092] STDERR:                  Permission denied
[06/Jul/2026:10:20:54 +0200] [upstream] [3584092] STDERR:                  unable to process node_modules/broker-factory/build/es2019/interfaces/broker-definition.d.ts.map.
[06/Jul/2026:10:20:54 +0200] [upstream] [3584092] STDERR: checkdir error:  cannot create node_modules/broker-factory/build/es2019
[06/Jul/2026:10:20:54 +0200] [upstream] [3584092] STDERR:                  Permission denied
[06/Jul/2026:10:20:54 +0200] [upstream] [3584092] STDERR:                  unable to process node_modules/broker-factory/build/es2019/interfaces/broker-definition.js.
[06/Jul/2026:10:20:54 +0200] [upstream] [3584092] STDERR: checkdir error:  cannot create node_modules/broker-factory/build/es2019
[06/Jul/2026:10:20:54 +0200] [upstream] [3584092] STDERR:                  Permission denied
[06/Jul/2026:10:20:54 +0200] [upstream] [3584092] STDERR:                  unable to process node_modules/broker-factory/build/es2019/interfaces/broker-definition.js.map.
[06/Jul/2026:10:20:54 +0200] [upstream] [3584092] STDERR: checkdir error:  cannot create node_modules/broker-factory/build/es2019
[06/Jul/2026:10:20:54 +0200] [upstream] [3584092] STDERR:                  Permission denied
[06/Jul/2026:10:20:54 +0200] [upstream] [3584092] STDERR:                  unable to process node_modules/broker-factory/build/es2019/interfaces/default-broker-definition.d.ts.
[06/Jul/2026:10:20:54 +0200] [upstream] [3584092] STDERR: checkdir error:  cannot create node_modules/broker-factory/build/es2019
[06/Jul/2026:10:20:54 +0200] [upstream] [3584092] STDERR:                  Permission denied
[06/Jul/2026:10:20:54 +0200] [upstream] [3584092] STDERR:                  unable to process node_modules/broker-factory/build/es2019/interfaces/default-broker-definition.d.ts.map.
[06/Jul/2026:10:20:54 +0200] [upstream] [3584092] STDERR: checkdir error:  cannot create node_modules/broker-factory/build/es2019
[06/Jul/2026:10:20:54 +0200] [upstream] [3584092] STDERR:                  Permission denied
[06/Jul/2026:10:20:54 +0200] [upstream] [3584092] STDERR:                  unable to process node_modules/broker-factory/build/es2019/interfaces/default-broker-definition.js.
[06/Jul/2026:10:20:54 +0200] [upstream] [3584092] STDERR: checkdir error:  cannot create node_modules/broker-factory/build/es2019
[06/Jul/2026:10:20:54 +0200] [upstream] [3584092] STDERR:                  Permission denied
[06/Jul/2026:10:20:54 +0200] [upstream] [3584092] STDERR:                  unable to process node_modules/broker-factory/build/es2019/interfaces/default-broker-definition.js.map.
[06/Jul/2026:10:20:54 +0200] [upstream] [3584092] STDERR: checkdir error:  cannot create node_modules/broker-factory/build/es2019
[06/Jul/2026:10:20:54 +0200] [upstream] [3584092] STDERR:                  Permission denied
[06/Jul/2026:10:20:54 +0200] [upstream] [3584092] STDERR:                  unable to process node_modules/broker-factory/build/es2019/interfaces/index.d.ts.
[06/Jul/2026:10:20:54 +0200] [upstream] [3584092] STDERR: checkdir error:  cannot create node_modules/broker-factory/build/es2019
[06/Jul/2026:10:20:54 +0200] [upstream] [3584092] STDERR:                  Permission denied
[06/Jul/2026:10:20:54 +0200] [upstream] [3584092] STDERR:                  unable to process node_modules/broker-factory/build/es2019/interfaces/index.d.ts.map.
[06/Jul/2026:10:20:54 +0200] [upstream] [3584092] STDERR: checkdir error:  cannot create node_modules/broker-factory/build/es2019
[06/Jul/2026:10:20:54 +0200] [upstream] [3584092] STDERR:                  Permission denied
[06/Jul/2026:10:20:54 +0200] [upstream] [3584092] STDERR:                  unable to process node_modules/broker-factory/build/es2019/interfaces/index.js.
[06/Jul/2026:10:20:54 +0200] [upstream] [3584092] STDERR: checkdir error:  cannot create node_modules/broker-factory/build/es2019
[06/Jul/2026:10:20:54 +0200] [upstream] [3584092] STDERR:                  Permission denied
[06/Jul/2026:10:20:54 +0200] [upstream] [3584092] STDERR:                  unable to process node_modules/broker-factory/build/es2019/interfaces/index.js.map.
[06/Jul/2026:10:20:54 +0200] [upstream] [3584092] STDERR: checkdir error:  cannot create node_modules/broker-factory/build/es2019
[06/Jul/2026:10:20:54 +0200] [upstream] [3584092] STDERR:                  Permission denied
[06/Jul/2026:10:20:54 +0200] [upstream] [3584092] STDERR:                  unable to process node_modules/broker-factory/build/es2019/interfaces/worker-event.d.ts.
[06/Jul/2026:10:20:54 +0200] [upstream] [3584092] STDERR: checkdir error:  cannot create node_modules/broker-factory/build/es2019
[06/Jul/2026:10:20:54 +0200] [upstream] [3584092] STDERR:                  Permission denied
[06/Jul/2026:10:20:54 +0200] [upstream] [3584092] STDERR:                  unable to process node_modules/broker-factory/build/es2019/interfaces/worker-event.d.ts.map.
[06/Jul/2026:10:20:54 +0200] [upstream] [3584092] STDERR: checkdir error:  cannot create node_modules/broker-factory/build/es2019
[06/Jul/2026:10:20:54 +0200] [upstream] [3584092] STDERR:                  Permission denied
[06/Jul/2026:10:20:54 +0200] [upstream] [3584092] STDERR:                  unable to process node_modules/broker-factory/build/es2019/interfaces/worker-event.js.
[06/Jul/2026:10:20:54 +0200] [upstream] [3584092] STDERR: checkdir error:  cannot create node_modules/broker-factory/build/es2019
[06/Jul/2026:10:20:54 +0200] [upstream] [3584092] STDERR:                  Permission denied
[06/Jul/2026:10:20:54 +0200] [upstream] [3584092] STDERR:                  unable to process node_modules/broker-factory/build/es2019/interfaces/worker-event.js.map.
[06/Jul/2026:10:20:54 +0200] [upstream] [3584092] STDERR: checkdir error:  cannot create node_modules/broker-factory/build/es2019
[06/Jul/2026:10:20:54 +0200] [upstream] [3584092] STDERR:                  Permission denied
[06/Jul/2026:10:20:54 +0200] [upstream] [3584092] STDERR:                  unable to process node_modules/broker-factory/build/es2019/guards/message-port.d.ts.
[06/Jul/2026:10:20:54 +0200] [upstream] [3584092] STDERR: checkdir error:  cannot create node_modules/broker-factory/build/es2019
[06/Jul/2026:10:20:54 +0200] [upstream] [3584092] STDERR:                  Permission denied
[06/Jul/2026:10:20:54 +0200] [upstream] [3584092] STDERR:                  unable to process node_modules/broker-factory/build/es2019/guards/message-port.d.ts.map.
[06/Jul/2026:10:20:54 +0200] [upstream] [3584092] STDERR: checkdir error:  cannot create node_modules/broker-factory/build/es2019
[06/Jul/2026:10:20:54 +0200] [upstream] [3584092] STDERR:                  Permission denied
[06/Jul/2026:10:20:54 +0200] [upstream] [3584092] STDERR:                  unable to process node_modules/broker-factory/build/es2019/guards/message-port.js.
[06/Jul/2026:10:20:54 +0200] [upstream] [3584092] STDERR: checkdir error:  cannot create node_modules/broker-factory/build/es2019
[06/Jul/2026:10:20:54 +0200] [upstream] [3584092] STDERR:                  Permission denied
[06/Jul/2026:10:20:54 +0200] [upstream] [3584092] STDERR:                  unable to process node_modules/broker-factory/build/es2019/guards/message-port.js.map.
[06/Jul/2026:10:20:54 +0200] [upstream] [3584092] STDERR: checkdir error:  cannot create node_modules/broker-factory/build/es2019
[06/Jul/2026:10:20:54 +0200] [upstream] [3584092] STDERR:                  Permission denied
[06/Jul/2026:10:20:54 +0200] [upstream] [3584092] STDERR:                  unable to process node_modules/broker-factory/build/es2019/factories/create-broker.d.ts.
[06/Jul/2026:10:20:54 +0200] [upstream] [3584092] STDERR: checkdir error:  cannot create node_modules/broker-factory/build/es2019
[06/Jul/2026:10:20:54 +0200] [upstream] [3584092] STDERR:                  Permission denied
[06/Jul/2026:10:20:54 +0200] [upstream] [3584092] STDERR:                  unable to process node_modules/broker-factory/build/es2019/factories/create-broker.d.ts.map.
[06/Jul/2026:10:20:54 +0200] [upstream] [3584092] STDERR: checkdir error:  cannot create node_modules/broker-factory/build/es2019
[06/Jul/2026:10:20:54 +0200] [upstream] [3584092] STDERR:                  Permission denied
[06/Jul/2026:10:20:54 +0200] [upstream] [3584092] STDERR:                  unable to process node_modules/broker-factory/build/es2019/factories/create-broker.js.
[06/Jul/2026:10:20:54 +0200] [upstream] [3584092] STDERR: checkdir error:  cannot create node_modules/broker-factory/build/es2019
[06/Jul/2026:10:20:54 +0200] [upstream] [3584092] STDERR:                  Permission denied
[06/Jul/2026:10:20:54 +0200] [upstream] [3584092] STDERR:                  unable to process node_modules/broker-factory/build/es2019/factories/create-broker.js.map.
[06/Jul/2026:10:20:54 +0200] [upstream] [3584092] STDERR: checkdir error:  cannot create node_modules/broker-factory/build/es2019
[06/Jul/2026:10:20:54 +0200] [upstream] [3584092] STDERR:                  Permission denied
[06/Jul/2026:10:20:54 +0200] [upstream] [3584092] STDERR:                  unable to process node_modules/broker-factory/build/es2019/factories/create-or-get-ongoing-requests.d.ts.
[06/Jul/2026:10:20:54 +0200] [upstream] [3584092] STDERR: checkdir error:  cannot create node_modules/broker-factory/build/es2019
[06/Jul/2026:10:20:54 +0200] [upstream] [3584092] STDERR:                  Permission denied
[06/Jul/2026:10:20:54 +0200] [upstream] [3584092] STDERR:                  unable to process node_modules/broker-factory/build/es2019/factories/create-or-get-ongoing-requests.d.ts.map.
[06/Jul/2026:10:20:54 +0200] [upstream] [3584092] STDERR: checkdir error:  cannot create node_modules/broker-factory/build/es2019
[06/Jul/2026:10:20:54 +0200] [upstream] [3584092] STDERR:                  Permission denied
[06/Jul/2026:10:20:54 +0200] [upstream] [3584092] STDERR:                  unable to process node_modules/broker-factory/build/es2019/factories/create-or-get-ongoing-requests.js.
[06/Jul/2026:10:20:54 +0200] [upstream] [3584092] STDERR: checkdir error:  cannot create node_modules/broker-factory/build/es2019
[06/Jul/2026:10:20:54 +0200] [upstream] [3584092] STDERR:                  Permission denied
[06/Jul/2026:10:20:54 +0200] [upstream] [3584092] STDERR:                  unable to process node_modules/broker-factory/build/es2019/factories/create-or-get-ongoing-requests.js.map.
[06/Jul/2026:10:20:54 +0200] [upstream] [3584092] STDERR: checkdir error:  cannot create node_modules/broker-factory/build/es2019
[06/Jul/2026:10:20:54 +0200] [upstream] [3584092] STDERR:                  Permission denied
[06/Jul/2026:10:20:54 +0200] [upstream] [3584092] STDERR:                  unable to process node_modules/broker-factory/build/es2019/factories/extend-broker-implementation.d.ts.
[06/Jul/2026:10:20:54 +0200] [upstream] [3584092] STDERR: checkdir error:  cannot create node_modules/broker-factory/build/es2019
[06/Jul/2026:10:20:54 +0200] [upstream] [3584092] STDERR:                  Permission denied
[06/Jul/2026:10:20:54 +0200] [upstream] [3584092] STDERR:                  unable to process node_modules/broker-factory/build/es2019/factories/extend-broker-implementation.d.ts.map.
[06/Jul/2026:10:20:54 +0200] [upstream] [3584092] STDERR: checkdir error:  cannot create node_modules/broker-factory/build/es2019
[06/Jul/2026:10:20:54 +0200] [upstream] [3584092] STDERR:                  Permission denied
[06/Jul/2026:10:20:54 +0200] [upstream] [3584092] STDERR:                  unable to process node_modules/broker-factory/build/es2019/factories/extend-broker-implementation.js.
[06/Jul/2026:10:20:54 +0200] [upstream] [3584092] STDERR: checkdir error:  cannot create node_modules/broker-factory/build/es2019
[06/Jul/2026:10:20:54 +0200] [upstream] [3584092] STDERR:                  Permission denied
[06/Jul/2026:10:20:54 +0200] [upstream] [3584092] STDERR:                  unable to process node_modules/broker-factory/build/es2019/factories/extend-broker-implementation.js.map.
[06/Jul/2026:10:20:55 +0200] [upstream] [3584092] STDERR: checkdir error:  cannot create node_modules/@simonschick/blitzortungapi
[06/Jul/2026:10:20:55 +0200] [upstream] [3584092] STDERR:                  Permission denied
[06/Jul/2026:10:20:55 +0200] [upstream] [3584092] STDERR:                  unable to process node_modules/@simonschick/blitzortungapi/.
[06/Jul/2026:10:20:55 +0200] [upstream] [3584092] STDERR: checkdir error:  cannot create node_modules/@simonschick/blitzortungapi
[06/Jul/2026:10:20:55 +0200] [upstream] [3584092] STDERR:                  Permission denied
[06/Jul/2026:10:20:55 +0200] [upstream] [3584092] STDERR:                  unable to process node_modules/@simonschick/blitzortungapi/CHANGELOG.md.
[06/Jul/2026:10:20:55 +0200] [upstream] [3584092] STDERR: checkdir error:  cannot create node_modules/@simonschick/blitzortungapi
[06/Jul/2026:10:20:55 +0200] [upstream] [3584092] STDERR:                  Permission denied
[06/Jul/2026:10:20:55 +0200] [upstream] [3584092] STDERR:                  unable to process node_modules/@simonschick/blitzortungapi/dist/.
[06/Jul/2026:10:20:55 +0200] [upstream] [3584092] STDERR: checkdir error:  cannot create node_modules/@simonschick/blitzortungapi
[06/Jul/2026:10:20:55 +0200] [upstream] [3584092] STDERR:                  Permission denied
[06/Jul/2026:10:20:55 +0200] [upstream] [3584092] STDERR:                  unable to process node_modules/@simonschick/blitzortungapi/LICENSE.
[06/Jul/2026:10:20:55 +0200] [upstream] [3584092] STDERR: checkdir error:  cannot create node_modules/@simonschick/blitzortungapi
[06/Jul/2026:10:20:55 +0200] [upstream] [3584092] STDERR:                  Permission denied
[06/Jul/2026:10:20:55 +0200] [upstream] [3584092] STDERR:                  unable to process node_modules/@simonschick/blitzortungapi/node_modules/.
[06/Jul/2026:10:20:55 +0200] [upstream] [3584092] STDERR: checkdir error:  cannot create node_modules/@simonschick/blitzortungapi
[06/Jul/2026:10:20:55 +0200] [upstream] [3584092] STDERR:                  Permission denied
[06/Jul/2026:10:20:55 +0200] [upstream] [3584092] STDERR:                  unable to process node_modules/@simonschick/blitzortungapi/package.json.
[06/Jul/2026:10:20:55 +0200] [upstream] [3584092] STDERR: checkdir error:  cannot create node_modules/@simonschick/blitzortungapi
[06/Jul/2026:10:20:55 +0200] [upstream] [3584092] STDERR:                  Permission denied
[06/Jul/2026:10:20:55 +0200] [upstream] [3584092] STDERR:                  unable to process node_modules/@simonschick/blitzortungapi/README.md.
[06/Jul/2026:10:20:55 +0200] [upstream] [3584092] STDERR: checkdir error:  cannot create node_modules/@simonschick/blitzortungapi
[06/Jul/2026:10:20:55 +0200] [upstream] [3584092] STDERR:                  Permission denied
[06/Jul/2026:10:20:55 +0200] [upstream] [3584092] STDERR:                  unable to process node_modules/@simonschick/blitzortungapi/node_modules/ws/.
[06/Jul/2026:10:20:55 +0200] [upstream] [3584092] STDERR: checkdir error:  cannot create node_modules/@simonschick/blitzortungapi
[06/Jul/2026:10:20:55 +0200] [upstream] [3584092] STDERR:                  Permission denied
[06/Jul/2026:10:20:55 +0200] [upstream] [3584092] STDERR:                  unable to process node_modules/@simonschick/blitzortungapi/node_modules/ws/browser.js.
[06/Jul/2026:10:20:55 +0200] [upstream] [3584092] STDERR: checkdir error:  cannot create node_modules/@simonschick/blitzortungapi
[06/Jul/2026:10:20:55 +0200] [upstream] [3584092] STDERR:                  Permission denied
[06/Jul/2026:10:20:55 +0200] [upstream] [3584092] STDERR:                  unable to process node_modules/@simonschick/blitzortungapi/node_modules/ws/index.js.
[06/Jul/2026:10:20:55 +0200] [upstream] [3584092] STDERR: checkdir error:  cannot create node_modules/@simonschick/blitzortungapi
[06/Jul/2026:10:20:55 +0200] [upstream] [3584092] STDERR:                  Permission denied
[06/Jul/2026:10:20:55 +0200] [upstream] [3584092] STDERR:                  unable to process node_modules/@simonschick/blitzortungapi/node_modules/ws/lib/.
[06/Jul/2026:10:20:55 +0200] [upstream] [3584092] STDERR: checkdir error:  cannot create node_modules/@simonschick/blitzortungapi
[06/Jul/2026:10:20:55 +0200] [upstream] [3584092] STDERR:                  Permission denied
[06/Jul/2026:10:20:55 +0200] [upstream] [3584092] STDERR:                  unable to process node_modules/@simonschick/blitzortungapi/node_modules/ws/LICENSE.
[06/Jul/2026:10:20:55 +0200] [upstream] [3584092] STDERR: checkdir error:  cannot create node_modules/@simonschick/blitzortungapi
[06/Jul/2026:10:20:55 +0200] [upstream] [3584092] STDERR:                  Permission denied
[06/Jul/2026:10:20:55 +0200] [upstream] [3584092] STDERR:                  unable to process node_modules/@simonschick/blitzortungapi/node_modules/ws/package.json.
[06/Jul/2026:10:20:55 +0200] [upstream] [3584092] STDERR: checkdir error:  cannot create node_modules/@simonschick/blitzortungapi
[06/Jul/2026:10:20:55 +0200] [upstream] [3584092] STDERR:                  Permission denied
[06/Jul/2026:10:20:55 +0200] [upstream] [3584092] STDERR:                  unable to process node_modules/@simonschick/blitzortungapi/node_modules/ws/README.md.
[06/Jul/2026:10:20:55 +0200] [upstream] [3584092] STDERR: checkdir error:  cannot create node_modules/@simonschick/blitzortungapi
[06/Jul/2026:10:20:55 +0200] [upstream] [3584092] STDERR:                  Permission denied
[06/Jul/2026:10:20:55 +0200] [upstream] [3584092] STDERR:                  unable to process node_modules/@simonschick/blitzortungapi/node_modules/ws/lib/buffer-util.js.
[06/Jul/2026:10:20:55 +0200] [upstream] [3584092] STDERR: checkdir error:  cannot create node_modules/@simonschick/blitzortungapi
[06/Jul/2026:10:20:55 +0200] [upstream] [3584092] STDERR:                  Permission denied
[06/Jul/2026:10:20:55 +0200] [upstream] [3584092] STDERR:                  unable to process node_modules/@simonschick/blitzortungapi/node_modules/ws/lib/constants.js.
[06/Jul/2026:10:20:55 +0200] [upstream] [3584092] STDERR: checkdir error:  cannot create node_modules/@simonschick/blitzortungapi
[06/Jul/2026:10:20:55 +0200] [upstream] [3584092] STDERR:                  Permission denied
[06/Jul/2026:10:20:55 +0200] [upstream] [3584092] STDERR:                  unable to process node_modules/@simonschick/blitzortungapi/node_modules/ws/lib/event-target.js.
[06/Jul/2026:10:20:55 +0200] [upstream] [3584092] STDERR: checkdir error:  cannot create node_modules/@simonschick/blitzortungapi
[06/Jul/2026:10:20:55 +0200] [upstream] [3584092] STDERR:                  Permission denied
[06/Jul/2026:10:20:55 +0200] [upstream] [3584092] STDERR:                  unable to process node_modules/@simonschick/blitzortungapi/node_modules/ws/lib/extension.js.
[06/Jul/2026:10:20:55 +0200] [upstream] [3584092] STDERR: checkdir error:  cannot create node_modules/@simonschick/blitzortungapi
[06/Jul/2026:10:20:55 +0200] [upstream] [3584092] STDERR:                  Permission denied
[06/Jul/2026:10:20:55 +0200] [upstream] [3584092] STDERR:                  unable to process node_modules/@simonschick/blitzortungapi/node_modules/ws/lib/limiter.js.
[06/Jul/2026:10:20:55 +0200] [upstream] [3584092] STDERR: checkdir error:  cannot create node_modules/@simonschick/blitzortungapi
[06/Jul/2026:10:20:55 +0200] [upstream] [3584092] STDERR:                  Permission denied
[06/Jul/2026:10:20:55 +0200] [upstream] [3584092] STDERR:                  unable to process node_modules/@simonschick/blitzortungapi/node_modules/ws/lib/permessage-deflate.js.
[06/Jul/2026:10:20:55 +0200] [upstream] [3584092] STDERR: checkdir error:  cannot create node_modules/@simonschick/blitzortungapi
[06/Jul/2026:10:20:55 +0200] [upstream] [3584092] STDERR:                  Permission denied
[06/Jul/2026:10:20:55 +0200] [upstream] [3584092] STDERR:                  unable to process node_modules/@simonschick/blitzortungapi/node_modules/ws/lib/receiver.js.
[06/Jul/2026:10:20:55 +0200] [upstream] [3584092] STDERR: checkdir error:  cannot create node_modules/@simonschick/blitzortungapi
[06/Jul/2026:10:20:55 +0200] [upstream] [3584092] STDERR:                  Permission denied
[06/Jul/2026:10:20:55 +0200] [upstream] [3584092] STDERR:                  unable to process node_modules/@simonschick/blitzortungapi/node_modules/ws/lib/sender.js.
[06/Jul/2026:10:20:55 +0200] [upstream] [3584092] STDERR: checkdir error:  cannot create node_modules/@simonschick/blitzortungapi
[06/Jul/2026:10:20:55 +0200] [upstream] [3584092] STDERR:                  Permission denied
[06/Jul/2026:10:20:55 +0200] [upstream] [3584092] STDERR:                  unable to process node_modules/@simonschick/blitzortungapi/node_modules/ws/lib/stream.js.
[06/Jul/2026:10:20:55 +0200] [upstream] [3584092] STDERR: checkdir error:  cannot create node_modules/@simonschick/blitzortungapi
[06/Jul/2026:10:20:55 +0200] [upstream] [3584092] STDERR:                  Permission denied
[06/Jul/2026:10:20:55 +0200] [upstream] [3584092] STDERR:                  unable to process node_modules/@simonschick/blitzortungapi/node_modules/ws/lib/validation.js.
[06/Jul/2026:10:20:55 +0200] [upstream] [3584092] STDERR: checkdir error:  cannot create node_modules/@simonschick/blitzortungapi
[06/Jul/2026:10:20:55 +0200] [upstream] [3584092] STDERR:                  Permission denied
[06/Jul/2026:10:20:55 +0200] [upstream] [3584092] STDERR:                  unable to process node_modules/@simonschick/blitzortungapi/node_modules/ws/lib/websocket-server.js.
[06/Jul/2026:10:20:55 +0200] [upstream] [3584092] STDERR: checkdir error:  cannot create node_modules/@simonschick/blitzortungapi
[06/Jul/2026:10:20:55 +0200] [upstream] [3584092] STDERR:                  Permission denied
[06/Jul/2026:10:20:55 +0200] [upstream] [3584092] STDERR:                  unable to process node_modules/@simonschick/blitzortungapi/node_modules/ws/lib/websocket.js.
[06/Jul/2026:10:20:55 +0200] [upstream] [3584092] STDERR: checkdir error:  cannot create node_modules/@simonschick/blitzortungapi
[06/Jul/2026:10:20:55 +0200] [upstream] [3584092] STDERR:                  Permission denied
[06/Jul/2026:10:20:55 +0200] [upstream] [3584092] STDERR:                  unable to process node_modules/@simonschick/blitzortungapi/dist/index.d.ts.
[06/Jul/2026:10:20:55 +0200] [upstream] [3584092] STDERR: checkdir error:  cannot create node_modules/@simonschick/blitzortungapi
[06/Jul/2026:10:20:55 +0200] [upstream] [3584092] STDERR:                  Permission denied
[06/Jul/2026:10:20:55 +0200] [upstream] [3584092] STDERR:                  unable to process node_modules/@simonschick/blitzortungapi/dist/index.js.
[06/Jul/2026:10:20:55 +0200] [upstream] [3584092] STDERR: checkdir error:  cannot create node_modules/@simonschick/blitzortungapi
[06/Jul/2026:10:20:55 +0200] [upstream] [3584092] STDERR:                  Permission denied
[06/Jul/2026:10:20:55 +0200] [upstream] [3584092] STDERR:                  unable to process node_modules/@simonschick/blitzortungapi/dist/index.js.map.
[06/Jul/2026:10:20:55 +0200] [upstream] [3584092] STDERR: checkdir error:  cannot create node_modules/@babel/runtime
[06/Jul/2026:10:20:55 +0200] [upstream] [3584092] STDERR:                  Permission denied
[06/Jul/2026:10:20:55 +0200] [upstream] [3584092] STDERR:                  unable to process node_modules/@babel/runtime/.
[06/Jul/2026:10:20:55 +0200] [upstream] [3584092] STDERR: checkdir error:  cannot create node_modules/@babel/runtime
[06/Jul/2026:10:20:55 +0200] [upstream] [3584092] STDERR:                  Permission denied
[06/Jul/2026:10:20:55 +0200] [upstream] [3584092] STDERR:                  unable to process node_modules/@babel/runtime/helpers/.
[06/Jul/2026:10:20:55 +0200] [upstream] [3584092] STDERR: checkdir error:  cannot create node_modules/@babel/runtime
[06/Jul/2026:10:20:55 +0200] [upstream] [3584092] STDERR:                  Permission denied
[06/Jul/2026:10:20:55 +0200] [upstream] [3584092] STDERR:                  unable to process node_modules/@babel/runtime/LICENSE.
[06/Jul/2026:10:20:55 +0200] [upstream] [3584092] STDERR: checkdir error:  cannot create node_modules/@babel/runtime
[06/Jul/2026:10:20:55 +0200] [upstream] [3584092] STDERR:                  Permission denied
[06/Jul/2026:10:20:55 +0200] [upstream] [3584092] STDERR:                  unable to process node_modules/@babel/runtime/package.json.
[06/Jul/2026:10:20:55 +0200] [upstream] [3584092] STDERR: checkdir error:  cannot create node_modules/@babel/runtime
[06/Jul/2026:10:20:55 +0200] [upstream] [3584092] STDERR:                  Permission denied
[06/Jul/2026:10:20:55 +0200] [upstream] [3584092] STDERR:                  unable to process node_modules/@babel/runtime/README.md.
[06/Jul/2026:10:20:55 +0200] [upstream] [3584092] STDERR: checkdir error:  cannot create node_modules/@babel/runtime
[06/Jul/2026:10:20:55 +0200] [upstream] [3584092] STDERR:                  Permission denied
[06/Jul/2026:10:20:55 +0200] [upstream] [3584092] STDERR:                  unable to process node_modules/@babel/runtime/regenerator/.
[06/Jul/2026:10:20:55 +0200] [upstream] [3584092] STDERR: checkdir error:  cannot create node_modules/@babel/runtime
[06/Jul/2026:10:20:55 +0200] [upstream] [3584092] STDERR:                  Permission denied
[06/Jul/2026:10:20:55 +0200] [upstream] [3584092] STDERR:                  unable to process node_modules/@babel/runtime/regenerator/index.js.
[06/Jul/2026:10:20:55 +0200] [upstream] [3584092] STDERR: checkdir error:  cannot create node_modules/@babel/runtime
[06/Jul/2026:10:20:55 +0200] [upstream] [3584092] STDERR:                  Permission denied
[06/Jul/2026:10:20:55 +0200] [upstream] [3584092] STDERR:                  unable to process node_modules/@babel/runtime/helpers/applyDecoratedDescriptor.js.
[06/Jul/2026:10:20:55 +0200] [upstream] [3584092] STDERR: checkdir error:  cannot create node_modules/@babel/runtime
[06/Jul/2026:10:20:55 +0200] [upstream] [3584092] STDERR:                  Permission denied
[06/Jul/2026:10:20:55 +0200] [upstream] [3584092] STDERR:                  unable to process node_modules/@babel/runtime/helpers/applyDecs.js.
[06/Jul/2026:10:20:55 +0200] [upstream] [3584092] STDERR: checkdir error:  cannot create node_modules/@babel/runtime
[06/Jul/2026:10:20:55 +0200] [upstream] [3584092] STDERR:                  Permission denied
[06/Jul/2026:10:20:55 +0200] [upstream] [3584092] STDERR:                  unable to process node_modules/@babel/runtime/helpers/applyDecs2203.js.
[06/Jul/2026:10:20:55 +0200] [upstream] [3584092] STDERR: checkdir error:  cannot create node_modules/@babel/runtime
[06/Jul/2026:10:20:55 +0200] [upstream] [3584092] STDERR:                  Permission denied
[06/Jul/2026:10:20:55 +0200] [upstream] [3584092] STDERR:                  unable to process node_modules/@babel/runtime/helpers/applyDecs2203R.js.
[06/Jul/2026:10:20:55 +0200] [upstream] [3584092] STDERR: checkdir error:  cannot create node_modules/@babel/runtime
[06/Jul/2026:10:20:55 +0200] [upstream] [3584092] STDERR:                  Permission denied
[06/Jul/2026:10:20:55 +0200] [upstream] [3584092] STDERR:                  unable to process node_modules/@babel/runtime/helpers/applyDecs2301.js.
[06/Jul/2026:10:20:55 +0200] [upstream] [3584092] STDERR: checkdir error:  cannot create node_modules/@babel/runtime
[06/Jul/2026:10:20:55 +0200] [upstream] [3584092] STDERR:                  Permission denied
[06/Jul/2026:10:20:55 +0200] [upstream] [3584092] STDERR:                  unable to process node_modules/@babel/runtime/helpers/applyDecs2305.js.
[06/Jul/2026:10:20:55 +0200] [upstream] [3584092] STDERR: checkdir error:  cannot create node_modules/@babel/runtime
[06/Jul/2026:10:20:55 +0200] [upstream] [3584092] STDERR:                  Permission denied
[06/Jul/2026:10:20:55 +0200] [upstream] [3584092] STDERR:                  unable to process node_modules/@babel/runtime/helpers/applyDecs2311.js.
[06/Jul/2026:10:20:55 +0200] [upstream] [3584092] STDERR: checkdir error:  cannot create node_modules/@babel/runtime
[06/Jul/2026:10:20:55 +0200] [upstream] [3584092] STDERR:                  Permission denied
[06/Jul/2026:10:20:55 +0200] [upstream] [3584092] STDERR:                  unable to process node_modules/@babel/runtime/helpers/arrayLikeToArray.js.
[06/Jul/2026:10:20:55 +0200] [upstream] [3584092] STDERR: checkdir error:  cannot create node_modules/@babel/runtime
[06/Jul/2026:10:20:55 +0200] [upstream] [3584092] STDERR:                  Permission denied
[06/Jul/2026:10:20:55 +0200] [upstream] [3584092] STDERR:                  unable to process node_modules/@babel/runtime/helpers/arrayWithHoles.js.
[06/Jul/2026:10:20:55 +0200] [upstream] [3584092] STDERR: checkdir error:  cannot create node_modules/@babel/runtime
[06/Jul/2026:10:20:55 +0200] [upstream] [3584092] STDERR:                  Permission denied
[06/Jul/2026:10:20:55 +0200] [upstream] [3584092] STDERR:                  unable to process node_modules/@babel/runtime/helpers/arrayWithoutHoles.js.
[06/Jul/2026:10:20:55 +0200] [upstream] [3584092] STDERR: checkdir error:  cannot create node_modules/@babel/runtime
[06/Jul/2026:10:20:55 +0200] [upstream] [3584092] STDERR:                  Permission denied
[06/Jul/2026:10:20:55 +0200] [upstream] [3584092] STDERR:                  unable to process node_modules/@babel/runtime/helpers/assertClassBrand.js.
[06/Jul/2026:10:20:55 +0200] [upstream] [3584092] STDERR: checkdir error:  cannot create node_modules/@babel/runtime
[06/Jul/2026:10:20:55 +0200] [upstream] [3584092] STDERR:                  Permission denied
[06/Jul/2026:10:20:55 +0200] [upstream] [3584092] STDERR:                  unable to process node_modules/@babel/runtime/helpers/assertThisInitialized.js.
[06/Jul/2026:10:20:55 +0200] [upstream] [3584092] STDERR: checkdir error:  cannot create node_modules/@babel/runtime
[06/Jul/2026:10:20:55 +0200] [upstream] [3584092] STDERR:                  Permission denied
[06/Jul/2026:10:20:55 +0200] [upstream] [3584092] STDERR:                  unable to process node_modules/@babel/runtime/helpers/asyncGeneratorDelegate.js.
[06/Jul/2026:10:20:55 +0200] [upstream] [3584092] STDERR: checkdir error:  cannot create node_modules/@babel/runtime
[06/Jul/2026:10:20:55 +0200] [upstream] [3584092] STDERR:                  Permission denied
[06/Jul/2026:10:20:55 +0200] [upstream] [3584092] STDERR:                  unable to process node_modules/@babel/runtime/helpers/asyncIterator.js.
[06/Jul/2026:10:20:55 +0200] [upstream] [3584092] STDERR: checkdir error:  cannot create node_modules/@babel/runtime
[06/Jul/2026:10:20:55 +0200] [upstream] [3584092] STDERR:                  Permission denied
[06/Jul/2026:10:20:55 +0200] [upstream] [3584092] STDERR:                  unable to process node_modules/@babel/runtime/helpers/asyncToGenerator.js.
[06/Jul/2026:10:20:55 +0200] [upstream] [3584092] STDERR: checkdir error:  cannot create node_modules/@babel/runtime
[06/Jul/2026:10:20:55 +0200] [upstream] [3584092] STDERR:                  Permission denied
[06/Jul/2026:10:20:55 +0200] [upstream] [3584092] STDERR:                  unable to process node_modules/@babel/runtime/helpers/awaitAsyncGenerator.js.
[06/Jul/2026:10:20:55 +0200] [upstream] [3584092] STDERR: checkdir error:  cannot create node_modules/@babel/runtime
[06/Jul/2026:10:20:55 +0200] [upstream] [3584092] STDERR:                  Permission denied
[06/Jul/2026:10:20:55 +0200] [upstream] [3584092] STDERR:                  unable to process node_modules/@babel/runtime/helpers/AwaitValue.js.
[06/Jul/2026:10:20:55 +0200] [upstream] [3584092] STDERR: checkdir error:  cannot create node_modules/@babel/runtime
[06/Jul/2026:10:20:55 +0200] [upstream] [3584092] STDERR:                  Permission denied
[06/Jul/2026:10:20:55 +0200] [upstream] [3584092] STDERR:                  unable to process node_modules/@babel/runtime/helpers/callSuper.js.
[06/Jul/2026:10:20:55 +0200] [upstream] [3584092] STDERR: checkdir error:  cannot create node_modules/@babel/runtime
[06/Jul/2026:10:20:55 +0200] [upstream] [3584092] STDERR:                  Permission denied
[06/Jul/2026:10:20:55 +0200] [upstream] [3584092] STDERR:                  unable to process node_modules/@babel/runtime/helpers/checkInRHS.js.
[06/Jul/2026:10:20:55 +0200] [upstream] [3584092] STDERR: checkdir error:  cannot create node_modules/@babel/runtime
[06/Jul/2026:10:20:55 +0200] [upstream] [3584092] STDERR:                  Permission denied
[06/Jul/2026:10:20:55 +0200] [upstream] [3584092] STDERR:                  unable to process node_modules/@babel/runtime/helpers/checkPrivateRedeclaration.js.
[06/Jul/2026:10:20:55 +0200] [upstream] [3584092] STDERR: checkdir error:  cannot create node_modules/@babel/runtime
[06/Jul/2026:10:20:55 +0200] [upstream] [3584092] STDERR:                  Permission denied
[06/Jul/2026:10:20:55 +0200] [upstream] [3584092] STDERR:                  unable to process node_modules/@babel/runtime/helpers/classApplyDescriptorDestructureSet.js.
[06/Jul/2026:10:20:55 +0200] [upstream] [3584092] STDERR: checkdir error:  cannot create node_modules/@babel/runtime
[06/Jul/2026:10:20:55 +0200] [upstream] [3584092] STDERR:                  Permission denied
[06/Jul/2026:10:20:55 +0200] [upstream] [3584092] STDERR:                  unable to process node_modules/@babel/runtime/helpers/classApplyDescriptorGet.js.
[06/Jul/2026:10:20:55 +0200] [upstream] [3584092] STDERR: checkdir error:  cannot create node_modules/@babel/runtime
[06/Jul/2026:10:20:55 +0200] [upstream] [3584092] STDERR:                  Permission denied
[06/Jul/2026:10:20:55 +0200] [upstream] [3584092] STDERR:                  unable to process node_modules/@babel/runtime/helpers/classApplyDescriptorSet.js.
[06/Jul/2026:10:20:55 +0200] [upstream] [3584092] STDERR: checkdir error:  cannot create node_modules/@babel/runtime
[06/Jul/2026:10:20:55 +0200] [upstream] [3584092] STDERR:                  Permission denied
[06/Jul/2026:10:20:55 +0200] [upstream] [3584092] STDERR:                  unable to process node_modules/@babel/runtime/helpers/classCallCheck.js.
[06/Jul/2026:10:20:55 +0200] [upstream] [3584092] STDERR: checkdir error:  cannot create node_modules/@babel/runtime
[06/Jul/2026:10:20:55 +0200] [upstream] [3584092] STDERR:                  Permission denied
[06/Jul/2026:10:20:55 +0200] [upstream] [3584092] STDERR:                  unable to process node_modules/@babel/runtime/helpers/classCheckPrivateStaticAccess.js.
[06/Jul/2026:10:20:55 +0200] [upstream] [3584092] STDERR: checkdir error:  cannot create node_modules/@babel/runtime
[06/Jul/2026:10:20:55 +0200] [upstream] [3584092] STDERR:                  Permission denied
[06/Jul/2026:10:20:55 +0200] [upstream] [3584092] STDERR:                  unable to process node_modules/@babel/runtime/helpers/classCheckPrivateStaticFieldDescriptor.js.
[06/Jul/2026:10:20:55 +0200] [upstream] [3584092] STDERR: checkdir error:  cannot create node_modules/@babel/runtime
[06/Jul/2026:10:20:55 +0200] [upstream] [3584092] STDERR:                  Permission denied
[06/Jul/2026:10:20:55 +0200] [upstream] [3584092] STDERR:                  unable to process node_modules/@babel/runtime/helpers/classExtractFieldDescriptor.js.
[06/Jul/2026:10:20:55 +0200] [upstream] [3584092] STDERR: checkdir error:  cannot create node_modules/@babel/runtime
[06/Jul/2026:10:20:55 +0200] [upstream] [3584092] STDERR:                  Permission denied
[06/Jul/2026:10:20:55 +0200] [upstream] [3584092] STDERR:                  unable to process node_modules/@babel/runtime/helpers/classNameTDZError.js.
[06/Jul/2026:10:20:55 +0200] [upstream] [3584092] STDERR: checkdir error:  cannot create node_modules/@babel/runtime
[06/Jul/2026:10:20:55 +0200] [upstream] [3584092] STDERR:                  Permission denied
[06/Jul/2026:10:20:55 +0200] [upstream] [3584092] STDERR:                  unable to process node_modules/@babel/runtime/helpers/classPrivateFieldDestructureSet.js.
[06/Jul/2026:10:20:55 +0200] [upstream] [3584092] STDERR: checkdir error:  cannot create node_modules/@babel/runtime
[06/Jul/2026:10:20:55 +0200] [upstream] [3584092] STDERR:                  Permission denied
[06/Jul/2026:10:20:55 +0200] [upstream] [3584092] STDERR:                  unable to process node_modules/@babel/runtime/helpers/classPrivateFieldGet.js.
[06/Jul/2026:10:20:55 +0200] [upstream] [3584092] STDERR: checkdir error:  cannot create node_modules/@babel/runtime
[06/Jul/2026:10:20:55 +0200] [upstream] [3584092] STDERR:                  Permission denied
[06/Jul/2026:10:20:55 +0200] [upstream] [3584092] STDERR:                  unable to process node_modules/@babel/runtime/helpers/classPrivateFieldGet2.js.
[06/Jul/2026:10:20:55 +0200] [upstream] [3584092] STDERR: checkdir error:  cannot create node_modules/@babel/runtime
[06/Jul/2026:10:20:55 +0200] [upstream] [3584092] STDERR:                  Permission denied
[06/Jul/2026:10:20:55 +0200] [upstream] [3584092] STDERR:                  unable to process node_modules/@babel/runtime/helpers/classPrivateFieldInitSpec.js.
[06/Jul/2026:10:20:55 +0200] [upstream] [3584092] STDERR: checkdir error:  cannot create node_modules/@babel/runtime
[06/Jul/2026:10:20:55 +0200] [upstream] [3584092] STDERR:                  Permission denied
[06/Jul/2026:10:20:55 +0200] [upstream] [3584092] STDERR:                  unable to process node_modules/@babel/runtime/helpers/classPrivateFieldLooseBase.js.
[06/Jul/2026:10:20:55 +0200] [upstream] [3584092] STDERR: checkdir error:  cannot create node_modules/@babel/runtime
[06/Jul/2026:10:20:55 +0200] [upstream] [3584092] STDERR:                  Permission denied
[06/Jul/2026:10:20:55 +0200] [upstream] [3584092] STDERR:                  unable to process node_modules/@babel/runtime/helpers/classPrivateFieldLooseKey.js.
[06/Jul/2026:10:20:55 +0200] [upstream] [3584092] STDERR: checkdir error:  cannot create node_modules/@babel/runtime
[06/Jul/2026:10:20:55 +0200] [upstream] [3584092] STDERR:                  Permission denied
[06/Jul/2026:10:20:55 +0200] [upstream] [3584092] STDERR:                  unable to process node_modules/@babel/runtime/helpers/classPrivateFieldSet.js.
[06/Jul/2026:10:20:55 +0200] [upstream] [3584092] STDERR: checkdir error:  cannot create node_modules/@babel/runtime
[06/Jul/2026:10:20:55 +0200] [upstream] [3584092] STDERR:                  Permission denied
[06/Jul/2026:10:20:55 +0200] [upstream] [3584092] STDERR:                  unable to process node_modules/@babel/runtime/helpers/classPrivateFieldSet2.js.
[06/Jul/2026:10:20:55 +0200] [upstream] [3584092] STDERR: checkdir error:  cannot create node_modules/@babel/runtime
[06/Jul/2026:10:20:55 +0200] [upstream] [3584092] STDERR:                  Permission denied
[06/Jul/2026:10:20:55 +0200] [upstream] [3584092] STDERR:                  unable to process node_modules/@babel/runtime/helpers/classPrivateGetter.js.
[06/Jul/2026:10:20:55 +0200] [upstream] [3584092] STDERR: checkdir error:  cannot create node_modules/@babel/runtime
[06/Jul/2026:10:20:55 +0200] [upstream] [3584092] STDERR:                  Permission denied
[06/Jul/2026:10:20:55 +0200] [upstream] [3584092] STDERR:                  unable to process node_modules/@babel/runtime/helpers/classPrivateMethodGet.js.
[06/Jul/2026:10:20:55 +0200] [upstream] [3584092] STDERR: checkdir error:  cannot create node_modules/@babel/runtime
[06/Jul/2026:10:20:55 +0200] [upstream] [3584092] STDERR:                  Permission denied
[06/Jul/2026:10:20:55 +0200] [upstream] [3584092] STDERR:                  unable to process node_modules/@babel/runtime/helpers/classPrivateMethodInitSpec.js.
[06/Jul/2026:10:20:55 +0200] [upstream] [3584092] STDERR: checkdir error:  cannot create node_modules/@babel/runtime
[06/Jul/2026:10:20:55 +0200] [upstream] [3584092] STDERR:                  Permission denied
[06/Jul/2026:10:20:55 +0200] [upstream] [3584092] STDERR:                  unable to process node_modules/@babel/runtime/helpers/classPrivateMethodSet.js.
[06/Jul/2026:10:20:55 +0200] [upstream] [3584092] STDERR: checkdir error:  cannot create node_modules/@babel/runtime
[06/Jul/2026:10:20:55 +0200] [upstream] [3584092] STDERR:                  Permission denied
[06/Jul/2026:10:20:55 +0200] [upstream] [3584092] STDERR:                  unable to process node_modules/@babel/runtime/helpers/classPrivateSetter.js.
[06/Jul/2026:10:20:55 +0200] [upstream] [3584092] STDERR: checkdir error:  cannot create node_modules/@babel/runtime
[06/Jul/2026:10:20:55 +0200] [upstream] [3584092] STDERR:                  Permission denied
[06/Jul/2026:10:20:55 +0200] [upstream] [3584092] STDERR:                  unable to process node_modules/@babel/runtime/helpers/classStaticPrivateFieldDestructureSet.js.
[06/Jul/2026:10:20:55 +0200] [upstream] [3584092] STDERR: checkdir error:  cannot create node_modules/@babel/runtime
[06/Jul/2026:10:20:55 +0200] [upstream] [3584092] STDERR:                  Permission denied
[06/Jul/2026:10:20:55 +0200] [upstream] [3584092] STDERR:                  unable to process node_modules/@babel/runtime/helpers/classStaticPrivateFieldSpecGet.js.
[06/Jul/2026:10:20:55 +0200] [upstream] [3584092] STDERR: checkdir error:  cannot create node_modules/@babel/runtime
[06/Jul/2026:10:20:55 +0200] [upstream] [3584092] STDERR:                  Permission denied
[06/Jul/2026:10:20:55 +0200] [upstream] [3584092] STDERR:                  unable to process node_modules/@babel/runtime/helpers/classStaticPrivateFieldSpecSet.js.
[06/Jul/2026:10:20:55 +0200] [upstream] [3584092] STDERR: checkdir error:  cannot create node_modules/@babel/runtime
[06/Jul/2026:10:20:55 +0200] [upstream] [3584092] STDERR:                  Permission denied
[06/Jul/2026:10:20:55 +0200] [upstream] [3584092] STDERR:                  unable to process node_modules/@babel/runtime/helpers/classStaticPrivateMethodGet.js.
[06/Jul/2026:10:20:55 +0200] [upstream] [3584092] STDERR: checkdir error:  cannot create node_modules/@babel/runtime
[06/Jul/2026:10:20:55 +0200] [upstream] [3584092] STDERR:                  Permission denied
[06/Jul/2026:10:20:55 +0200] [upstream] [3584092] STDERR:                  unable to process node_modules/@babel/runtime/helpers/classStaticPrivateMethodSet.js.
[06/Jul/2026:10:20:55 +0200] [upstream] [3584092] STDERR: checkdir error:  cannot create node_modules/@babel/runtime
[06/Jul/2026:10:20:55 +0200] [upstream] [3584092] STDERR:                  Permission denied
[06/Jul/2026:10:20:55 +0200] [upstream] [3584092] STDERR:                  unable to process node_modules/@babel/runtime/helpers/construct.js.
[06/Jul/2026:10:20:55 +0200] [upstream] [3584092] STDERR: checkdir error:  cannot create node_modules/@babel/runtime
[06/Jul/2026:10:20:55 +0200] [upstream] [3584092] STDERR:                  Permission denied
[06/Jul/2026:10:20:55 +0200] [upstream] [3584092] STDERR:                  unable to process node_modules/@babel/runtime/helpers/createClass.js.
[06/Jul/2026:10:20:55 +0200] [upstream] [3584092] STDERR: checkdir error:  cannot create node_modules/@babel/runtime
[06/Jul/2026:10:20:55 +0200] [upstream] [3584092] STDERR:                  Permission denied
[06/Jul/2026:10:20:55 +0200] [upstream] [3584092] STDERR:                  unable to process node_modules/@babel/runtime/helpers/createForOfIteratorHelper.js.
[06/Jul/2026:10:20:55 +0200] [upstream] [3584092] STDERR: checkdir error:  cannot create node_modules/@babel/runtime
[06/Jul/2026:10:20:55 +0200] [upstream] [3584092] STDERR:                  Permission denied
[06/Jul/2026:10:20:55 +0200] [upstream] [3584092] STDOUT: ◇ injected env (1) from .env // tip: ◈ secrets for agents [www.dotenvx.com]
[06/Jul/2026:10:20:55 +0200] [upstream] [3584092] STDERR: node:internal/modules/cjs/loader:1503
[06/Jul/2026:10:20:55 +0200] [upstream] [3584092] STDERR:   throw err;
[06/Jul/2026:10:20:55 +0200] [upstream] [3584092] STDERR:   ^
[06/Jul/2026:10:20:55 +0200] [upstream] [3584092] STDERR: 
[06/Jul/2026:10:20:55 +0200] [upstream] [3584092] STDERR: Error: Cannot find module '@simonschick/blitzortungapi'
[06/Jul/2026:10:20:55 +0200] [upstream] [3584092] STDERR: Require stack:
[06/Jul/2026:10:20:55 +0200] [upstream] [3584092] STDERR: - /home/groza-bot/www/dist/weather/lightning_listener.js
[06/Jul/2026:10:20:55 +0200] [upstream] [3584092] STDERR: - /home/groza-bot/www/dist/index.js
[06/Jul/2026:10:20:55 +0200] [upstream] [3584092] STDERR:     at Module._resolveFilename (node:internal/modules/cjs/loader:1500:15)
[06/Jul/2026:10:20:55 +0200] [upstream] [3584092] STDERR:     at wrapResolveFilename (node:internal/modules/cjs/loader:1071:27)
[06/Jul/2026:10:20:55 +0200] [upstream] [3584092] STDERR:     at defaultResolveImplForCJSLoading (node:internal/modules/cjs/loader:1095:10)
[06/Jul/2026:10:20:55 +0200] [upstream] [3584092] STDERR:     at resolveForCJSWithHooks (node:internal/modules/cjs/loader:1116:12)
[06/Jul/2026:10:20:55 +0200] [upstream] [3584092] STDERR:     at Module._load (node:internal/modules/cjs/loader:1285:25)
[06/Jul/2026:10:20:55 +0200] [upstream] [3584092] STDERR:     at wrapModuleLoad (node:internal/modules/cjs/loader:255:19)
[06/Jul/2026:10:20:55 +0200] [upstream] [3584092] STDERR:     at Module.require (node:internal/modules/cjs/loader:1600:12)
[06/Jul/2026:10:20:55 +0200] [upstream] [3584092] STDERR:     at require (node:internal/modules/helpers:153:16)
[06/Jul/2026:10:20:55 +0200] [upstream] [3584092] STDERR:     at Object.<anonymous> (/home/groza-bot/www/dist/weather/lightning_listener.js:7:26)
[06/Jul/2026:10:20:55 +0200] [upstream] [3584092] STDERR:     at Module._compile (node:internal/modules/cjs/loader:1854:14) {
[06/Jul/2026:10:20:55 +0200] [upstream] [3584092] STDERR:   code: 'MODULE_NOT_FOUND',
[06/Jul/2026:10:20:55 +0200] [upstream] [3584092] STDERR:   requireStack: [
[06/Jul/2026:10:20:55 +0200] [upstream] [3584092] STDERR:     '/home/groza-bot/www/dist/weather/lightning_listener.js',
[06/Jul/2026:10:20:55 +0200] [upstream] [3584092] STDERR:     '/home/groza-bot/www/dist/index.js'
[06/Jul/2026:10:20:55 +0200] [upstream] [3584092] STDERR:   ]
[06/Jul/2026:10:20:55 +0200] [upstream] [3584092] STDERR: }
[06/Jul/2026:10:20:55 +0200] [upstream] [3584092] STDERR: 
[06/Jul/2026:10:20:55 +0200] [upstream] [3584092] STDERR: Node.js v24.17.0
[06/Jul/2026:10:20:55 +0200] [upstream] Upstream starting failed: npm start (return code: 1 | reason: -)
[06/Jul/2026:10:20:56 +0200] [upstream] Upstream npm start previously failed to start, will not start again until 10:21:11
[06/Jul/2026:10:21:21 +0200] [upstream] Upstream starting: npm start (env: {'HOME': '/home/groza-bot', 'LANG': 'en_US.UTF-8', 'LC_ALL': 'en_US.UTF-8', 'PATH': '/home/groza-bot/.local/bin:/home/groza-bot/.local/share/gem/ruby/3.4.0/bin:/home/groza-bot/.gem/ruby/3.4.0/bin:/home/groza-bot/.composer/vendor/bin:/home/groza-bot/.npm-packages/bin:/usr/local/bin:/usr/bin:/bin', 'TMPDIR': '/home/groza-bot/admin/tmp', '# ': '=========================================', '# GROZA - PERSONAL LIGHTNING ROD (Zero-Cost)': '', '# Environment Variables Template': '', '# 1. TELEGRAM BOT': '', '# Обязательно: Получите токен у @BotFather': '', 'TELEGRAM_BOT_TOKEN': '8516017309:AAHZ4PVY46dywE1nmGLOFCclzy1MKA07Ppo', '# 2. TEMBO POSTGRES (PostGIS)': '', '# Обязательно: Строка подключения из Tembo Cloud': '', 'DATABASE_URL': 'postgresql://neondb_owner:npg_tWIvK3DGLl0w@ep-purple-morning-at630e0v-pooler.c-9.us-east-1.aws.neon.tech/neondb?sslmode=require&channel_binding=require', '# 3. UPSTASH REDIS': '', '# Обязательно: Данные из консоли Upstash для REST/ioredis': '', 'UPSTASH_REDIS_REST_URL': 'https://upstash-url.upstash.io', 'UPSTASH_REDIS_REST_TOKEN': 'your_rest_token_here', 'REDIS_URL': 'rediss://default:gQAAAAAAAbQnAAIgcDE2NDY2N2UyZmQ2ZGE0OTJmYmI0ZjUxMzQxNDc0YjljYw@valued-lion-111655.upstash.io:6379', '# 4. IMGUR API': '', '# Обязательно: Client ID для анонимной загрузки сгенерированных карт': '', '# Регистрация: https://api.imgur.com/oauth2/addclient': '', 'IMGUR_CLIENT_ID': 'your_client_id_here', '# 5. THREADS GRAPH API': '', '# Обязательно: User ID и Long-Lived Access Token (60 дней) ': '', '# Токен необходимо рефрешить раз в месяц через cron': '', 'THREADS_USER_ID': '123456789012345', 'THREADS_ACCESS_TOKEN': 'EAAXXXXXXX_long_lived_token_here', '# 6. PORT (Express Server)': '', 'PORT': '8100', 'NODEJS_VERSION': '', 'HOST': 'fd00::7:6dd4', 'IP': 'fd00::7:6dd4'}, cwd: /home/groza-bot/www)
[06/Jul/2026:10:21:22 +0200] [upstream] Upstream started PID: 3585038
[06/Jul/2026:10:21:22 +0200] [upstream] [3585038] STDOUT: 
[06/Jul/2026:10:21:22 +0200] [upstream] [3585038] STDOUT: > groza@1.0.0 start
[06/Jul/2026:10:21:22 +0200] [upstream] [3585038] STDOUT: > if [ -f modules.zip ]; then unzip -qo modules.zip && rm -f modules.zip; fi; node dist/index.js
[06/Jul/2026:10:21:22 +0200] [upstream] [3585038] STDOUT: 
[06/Jul/2026:10:21:22 +0200] [upstream] [3585038] STDOUT: ◇ injected env (1) from .env // tip: ⌘ override existing { override: true }
[06/Jul/2026:10:21:23 +0200] [upstream] [3585038] STDOUT: Bootstrapping Groza Single-Worker...
[06/Jul/2026:10:21:23 +0200] [upstream] [3585038] STDERR: (node:3585070) Warning: SECURITY WARNING: The SSL modes 'prefer', 'require', and 'verify-ca' are treated as aliases for 'verify-full'.
[06/Jul/2026:10:21:23 +0200] [upstream] [3585038] STDERR: In the next major version (pg-connection-string v3.0.0 and pg v9.0.0), these modes will adopt standard libpq semantics, which have weaker security guarantees.
[06/Jul/2026:10:21:23 +0200] [upstream] [3585038] STDERR: 
[06/Jul/2026:10:21:23 +0200] [upstream] [3585038] STDERR: To prepare for this change:
[06/Jul/2026:10:21:23 +0200] [upstream] [3585038] STDERR: - If you want the current behavior, explicitly use 'sslmode=verify-full'
[06/Jul/2026:10:21:23 +0200] [upstream] [3585038] STDERR: - If you want libpq compatibility now, use 'uselibpqcompat=true&sslmode=require'
[06/Jul/2026:10:21:23 +0200] [upstream] [3585038] STDERR: 
[06/Jul/2026:10:21:23 +0200] [upstream] [3585038] STDERR: See https://www.postgresql.org/docs/current/libpq-ssl.html for libpq SSL mode definitions.
[06/Jul/2026:10:21:23 +0200] [upstream] [3585038] STDERR: (Use `node --trace-warnings ...` to show where the warning was created)
[06/Jul/2026:10:21:26 +0200] [upstream] [3585038] STDOUT: Database initialized successfully.
[06/Jul/2026:10:21:26 +0200] [upstream] [3585038] STDOUT: Starting Telegram bot...
[06/Jul/2026:10:55:36 +0200] [upstream] [3585038] SIGTERM sent to upstream
[06/Jul/2026:10:55:36 +0200] [upstream] [3585038] Upstream stopped (reason: exited spontaneously with return code N/A)
[06/Jul/2026:11:24:38 +0200] [upstream] Upstream starting: npm start (env: {'HOME': '/home/groza-bot', 'LANG': 'en_US.UTF-8', 'LC_ALL': 'en_US.UTF-8', 'PATH': '/home/groza-bot/.local/bin:/home/groza-bot/.local/share/gem/ruby/3.4.0/bin:/home/groza-bot/.gem/ruby/3.4.0/bin:/home/groza-bot/.composer/vendor/bin:/home/groza-bot/.npm-packages/bin:/usr/local/bin:/usr/bin:/bin', 'TMPDIR': '/home/groza-bot/admin/tmp', '# ': '=========================================', '# GROZA - PERSONAL LIGHTNING ROD (Zero-Cost)': '', '# Environment Variables Template': '', '# 1. TELEGRAM BOT': '', '# Обязательно: Получите токен у @BotFather': '', 'TELEGRAM_BOT_TOKEN': '8516017309:AAHZ4PVY46dywE1nmGLOFCclzy1MKA07Ppo', '# 2. TEMBO POSTGRES (PostGIS)': '', '# Обязательно: Строка подключения из Tembo Cloud': '', 'DATABASE_URL': 'postgresql://neondb_owner:npg_tWIvK3DGLl0w@ep-purple-morning-at630e0v-pooler.c-9.us-east-1.aws.neon.tech/neondb?sslmode=require&channel_binding=require', '# 3. UPSTASH REDIS': '', '# Обязательно: Данные из консоли Upstash для REST/ioredis': '', 'UPSTASH_REDIS_REST_URL': 'https://upstash-url.upstash.io', 'UPSTASH_REDIS_REST_TOKEN': 'your_rest_token_here', 'REDIS_URL': 'rediss://default:gQAAAAAAAbQnAAIgcDE2NDY2N2UyZmQ2ZGE0OTJmYmI0ZjUxMzQxNDc0YjljYw@valued-lion-111655.upstash.io:6379', '# 4. IMGUR API': '', '# Обязательно: Client ID для анонимной загрузки сгенерированных карт': '', '# Регистрация: https://api.imgur.com/oauth2/addclient': '', 'IMGUR_CLIENT_ID': 'your_client_id_here', '# 5. THREADS GRAPH API': '', '# Обязательно: User ID и Long-Lived Access Token (60 дней) ': '', '# Токен необходимо рефрешить раз в месяц через cron': '', 'THREADS_USER_ID': '123456789012345', 'THREADS_ACCESS_TOKEN': 'EAAXXXXXXX_long_lived_token_here', '# 6. PORT (Express Server)': '', 'PORT': '8100', 'NODEJS_VERSION': '', 'HOST': 'fd00::7:6dd4', 'IP': 'fd00::7:6dd4'}, cwd: /home/groza-bot/www)
[06/Jul/2026:11:24:38 +0200] [upstream] Upstream started PID: 3682086
[06/Jul/2026:11:24:38 +0200] [upstream] [3682086] STDOUT: 
[06/Jul/2026:11:24:38 +0200] [upstream] [3682086] STDOUT: > groza@1.0.0 start
[06/Jul/2026:11:24:38 +0200] [upstream] [3682086] STDOUT: > if [ -f modules.zip ]; then unzip -qo modules.zip && rm -f modules.zip; fi; node dist/index.js
[06/Jul/2026:11:24:38 +0200] [upstream] [3682086] STDOUT: 
[06/Jul/2026:11:24:38 +0200] [upstream] [3682086] STDOUT: === Groza Process Killer Started ===
[06/Jul/2026:11:24:38 +0200] [upstream] [3682086] STDOUT: Current PID: 3682115
[06/Jul/2026:11:24:38 +0200] [upstream] [3682086] STDOUT: Current working directory: /home/groza-bot/www
[06/Jul/2026:11:24:38 +0200] [upstream] [3682086] STDOUT: Raw ps output:
[06/Jul/2026:11:24:38 +0200] [upstream] [3682086] STDOUT:     PID CMD
[06/Jul/2026:11:24:38 +0200] [upstream] [3682086] STDOUT: 3682086 npm start
[06/Jul/2026:11:24:38 +0200] [upstream] [3682086] STDOUT: 3682114 sh -c if [ -f modules.zip ]; then unzip -qo modules.zip && rm -f modules.zip; fi; node dist/index.js
[06/Jul/2026:11:24:38 +0200] [upstream] [3682086] STDOUT: 3682115 /usr/alwaysdata/nodejs/24/bin/node dist/index.js
[06/Jul/2026:11:24:38 +0200] [upstream] [3682086] STDOUT: 3682126 /bin/sh -c ps -u groza-bot -o pid,cmd
[06/Jul/2026:11:24:38 +0200] [upstream] [3682086] STDOUT: 3682127 ps -u groza-bot -o pid,cmd
[06/Jul/2026:11:24:38 +0200] [upstream] [3682086] STDOUT: 
[06/Jul/2026:11:24:38 +0200] [upstream] [3682086] STDOUT: Target found: PID 3682114 -> sh -c if [ -f modules.zip ]; then unzip -qo modules.zip && rm -f modules.zip; fi; node dist/index.js
[06/Jul/2026:11:24:38 +0200] [upstream] [3682086] STDOUT:   Sent process.kill SIGKILL to 3682114
[06/Jul/2026:11:24:38 +0200] [upstream] [3682086] STDOUT: Killed processes count: 1. PIDs: 3682114
[06/Jul/2026:11:24:38 +0200] [upstream] [3682086] STDOUT: Saved log to /home/groza-bot/www/kill_log.txt
[06/Jul/2026:11:24:38 +0200] [upstream] Upstream starting failed: npm start (return code: signal 9 | reason: -)
[06/Jul/2026:11:24:39 +0200] [upstream] Upstream npm start previously failed to start, will not start again until 11:24:39
[06/Jul/2026:11:26:05 +0200] [upstream] Upstream starting: npm start (env: {'HOME': '/home/groza-bot', 'LANG': 'en_US.UTF-8', 'LC_ALL': 'en_US.UTF-8', 'PATH': '/home/groza-bot/.local/bin:/home/groza-bot/.local/share/gem/ruby/3.4.0/bin:/home/groza-bot/.gem/ruby/3.4.0/bin:/home/groza-bot/.composer/vendor/bin:/home/groza-bot/.npm-packages/bin:/usr/local/bin:/usr/bin:/bin', 'TMPDIR': '/home/groza-bot/admin/tmp', '# ': '=========================================', '# GROZA - PERSONAL LIGHTNING ROD (Zero-Cost)': '', '# Environment Variables Template': '', '# 1. TELEGRAM BOT': '', '# Обязательно: Получите токен у @BotFather': '', 'TELEGRAM_BOT_TOKEN': '8516017309:AAHZ4PVY46dywE1nmGLOFCclzy1MKA07Ppo', '# 2. TEMBO POSTGRES (PostGIS)': '', '# Обязательно: Строка подключения из Tembo Cloud': '', 'DATABASE_URL': 'postgresql://neondb_owner:npg_tWIvK3DGLl0w@ep-purple-morning-at630e0v-pooler.c-9.us-east-1.aws.neon.tech/neondb?sslmode=require&channel_binding=require', '# 3. UPSTASH REDIS': '', '# Обязательно: Данные из консоли Upstash для REST/ioredis': '', 'UPSTASH_REDIS_REST_URL': 'https://upstash-url.upstash.io', 'UPSTASH_REDIS_REST_TOKEN': 'your_rest_token_here', 'REDIS_URL': 'rediss://default:gQAAAAAAAbQnAAIgcDE2NDY2N2UyZmQ2ZGE0OTJmYmI0ZjUxMzQxNDc0YjljYw@valued-lion-111655.upstash.io:6379', '# 4. IMGUR API': '', '# Обязательно: Client ID для анонимной загрузки сгенерированных карт': '', '# Регистрация: https://api.imgur.com/oauth2/addclient': '', 'IMGUR_CLIENT_ID': 'your_client_id_here', '# 5. THREADS GRAPH API': '', '# Обязательно: User ID и Long-Lived Access Token (60 дней) ': '', '# Токен необходимо рефрешить раз в месяц через cron': '', 'THREADS_USER_ID': '123456789012345', 'THREADS_ACCESS_TOKEN': 'EAAXXXXXXX_long_lived_token_here', '# 6. PORT (Express Server)': '', 'PORT': '8100', 'NODEJS_VERSION': '', 'HOST': 'fd00::7:6dd4', 'IP': 'fd00::7:6dd4'}, cwd: /home/groza-bot/www)
[06/Jul/2026:11:26:05 +0200] [upstream] Upstream started PID: 3683919
[06/Jul/2026:11:26:05 +0200] [upstream] [3683919] STDOUT: 
[06/Jul/2026:11:26:05 +0200] [upstream] [3683919] STDOUT: > groza@1.0.0 start
[06/Jul/2026:11:26:05 +0200] [upstream] [3683919] STDOUT: > if [ -f modules.zip ]; then unzip -qo modules.zip && rm -f modules.zip; fi; node dist/index.js
[06/Jul/2026:11:26:05 +0200] [upstream] [3683919] STDOUT: 
[06/Jul/2026:11:26:05 +0200] [upstream] [3683919] STDOUT: ◇ injected env (1) from .env // tip: ⌁ auth for agents [www.vestauth.com]
[06/Jul/2026:11:26:05 +0200] [upstream] [3683919] STDOUT: Bootstrapping Groza Single-Worker...
[06/Jul/2026:11:26:05 +0200] [upstream] [3683919] STDERR: (node:3683941) Warning: SECURITY WARNING: The SSL modes 'prefer', 'require', and 'verify-ca' are treated as aliases for 'verify-full'.
[06/Jul/2026:11:26:05 +0200] [upstream] [3683919] STDERR: In the next major version (pg-connection-string v3.0.0 and pg v9.0.0), these modes will adopt standard libpq semantics, which have weaker security guarantees.
[06/Jul/2026:11:26:05 +0200] [upstream] [3683919] STDERR: 
[06/Jul/2026:11:26:05 +0200] [upstream] [3683919] STDERR: To prepare for this change:
[06/Jul/2026:11:26:05 +0200] [upstream] [3683919] STDERR: - If you want the current behavior, explicitly use 'sslmode=verify-full'
[06/Jul/2026:11:26:05 +0200] [upstream] [3683919] STDERR: - If you want libpq compatibility now, use 'uselibpqcompat=true&sslmode=require'
[06/Jul/2026:11:26:05 +0200] [upstream] [3683919] STDERR: 
[06/Jul/2026:11:26:05 +0200] [upstream] [3683919] STDERR: See https://www.postgresql.org/docs/current/libpq-ssl.html for libpq SSL mode definitions.
[06/Jul/2026:11:26:05 +0200] [upstream] [3683919] STDERR: (Use `node --trace-warnings ...` to show where the warning was created)
[06/Jul/2026:11:26:07 +0200] [upstream] [3683919] STDOUT: Database initialized successfully.
[06/Jul/2026:11:26:07 +0200] [upstream] [3683919] STDOUT: Starting Telegram bot...
[06/Jul/2026:11:26:07 +0200] [upstream] [3683919] STDOUT: Starting Blitzortung real-time listener...
[06/Jul/2026:11:26:07 +0200] [upstream] [3683919] STDOUT: Groza Single-Worker is running.
[06/Jul/2026:11:26:07 +0200] [upstream] [3683919] STDOUT: API and Static server running on fd00::7:6dd4:8100
[06/Jul/2026:11:26:07 +0200] [upstream] [3683919] STDOUT: Blitzortung connected
[06/Jul/2026:11:27:07 +0200] [upstream] [3683919] STDOUT: Blitzortung WebSocket closed. Reconnecting in 5 seconds...
[06/Jul/2026:11:27:12 +0200] [upstream] [3683919] STDOUT: Blitzortung connected
[06/Jul/2026:11:28:12 +0200] [upstream] [3683919] STDOUT: Blitzortung WebSocket closed. Reconnecting in 5 seconds...
[06/Jul/2026:11:28:17 +0200] [upstream] [3683919] STDOUT: Blitzortung connected
[06/Jul/2026:11:29:17 +0200] [upstream] [3683919] STDOUT: Blitzortung WebSocket closed. Reconnecting in 5 seconds...
[06/Jul/2026:11:29:22 +0200] [upstream] [3683919] STDOUT: Blitzortung connected
[06/Jul/2026:11:30:22 +0200] [upstream] [3683919] STDOUT: Blitzortung WebSocket closed. Reconnecting in 5 seconds...
[06/Jul/2026:11:30:27 +0200] [upstream] [3683919] STDOUT: Blitzortung connected
[06/Jul/2026:11:31:27 +0200] [upstream] [3683919] STDOUT: Blitzortung WebSocket closed. Reconnecting in 5 seconds...
[06/Jul/2026:11:31:33 +0200] [upstream] [3683919] STDOUT: Blitzortung connected
[06/Jul/2026:11:32:33 +0200] [upstream] [3683919] STDOUT: Blitzortung WebSocket closed. Reconnecting in 5 seconds...
[06/Jul/2026:11:32:38 +0200] [upstream] [3683919] STDOUT: Blitzortung connected
[06/Jul/2026:11:33:38 +0200] [upstream] [3683919] STDOUT: Blitzortung WebSocket closed. Reconnecting in 5 seconds...
[06/Jul/2026:11:33:43 +0200] [upstream] [3683919] STDOUT: Blitzortung connected
[06/Jul/2026:11:34:43 +0200] [upstream] [3683919] STDOUT: Blitzortung WebSocket closed. Reconnecting in 5 seconds...
[06/Jul/2026:11:34:48 +0200] [upstream] [3683919] STDOUT: Blitzortung connected
[06/Jul/2026:11:35:48 +0200] [upstream] [3683919] STDOUT: Blitzortung WebSocket closed. Reconnecting in 5 seconds...
[06/Jul/2026:11:35:53 +0200] [upstream] [3683919] STDOUT: Blitzortung connected
[06/Jul/2026:11:36:53 +0200] [upstream] [3683919] STDOUT: Blitzortung WebSocket closed. Reconnecting in 5 seconds...
[06/Jul/2026:11:36:58 +0200] [upstream] [3683919] STDOUT: Blitzortung connected
[06/Jul/2026:11:37:58 +0200] [upstream] [3683919] STDOUT: Blitzortung WebSocket closed. Reconnecting in 5 seconds...
[06/Jul/2026:11:38:03 +0200] [upstream] [3683919] STDOUT: Blitzortung connected
[06/Jul/2026:11:39:03 +0200] [upstream] [3683919] STDOUT: Blitzortung WebSocket closed. Reconnecting in 5 seconds...
[06/Jul/2026:11:39:08 +0200] [upstream] [3683919] STDOUT: Blitzortung connected
[06/Jul/2026:11:40:08 +0200] [upstream] [3683919] STDOUT: Blitzortung WebSocket closed. Reconnecting in 5 seconds...
[06/Jul/2026:11:40:13 +0200] [upstream] [3683919] STDOUT: Blitzortung connected
[06/Jul/2026:11:41:13 +0200] [upstream] [3683919] STDOUT: Blitzortung WebSocket closed. Reconnecting in 5 seconds...
[06/Jul/2026:11:41:19 +0200] [upstream] [3683919] STDOUT: Blitzortung connected
[06/Jul/2026:11:42:19 +0200] [upstream] [3683919] STDOUT: Blitzortung WebSocket closed. Reconnecting in 5 seconds...
[06/Jul/2026:11:42:24 +0200] [upstream] [3683919] STDOUT: Blitzortung connected
[06/Jul/2026:11:43:24 +0200] [upstream] [3683919] STDOUT: Blitzortung WebSocket closed. Reconnecting in 5 seconds...
[06/Jul/2026:11:43:29 +0200] [upstream] [3683919] STDOUT: Blitzortung connected
[06/Jul/2026:11:44:29 +0200] [upstream] [3683919] STDOUT: Blitzortung WebSocket closed. Reconnecting in 5 seconds...
[06/Jul/2026:11:44:34 +0200] [upstream] [3683919] STDOUT: Blitzortung connected
[06/Jul/2026:11:45:34 +0200] [upstream] [3683919] STDOUT: Blitzortung WebSocket closed. Reconnecting in 5 seconds...
[06/Jul/2026:11:45:39 +0200] [upstream] [3683919] STDOUT: Blitzortung connected
[06/Jul/2026:11:46:39 +0200] [upstream] [3683919] STDOUT: Blitzortung WebSocket closed. Reconnecting in 5 seconds...
[06/Jul/2026:11:46:44 +0200] [upstream] [3683919] STDOUT: Blitzortung connected
[06/Jul/2026:11:47:44 +0200] [upstream] [3683919] STDOUT: Blitzortung WebSocket closed. Reconnecting in 5 seconds...
[06/Jul/2026:11:47:49 +0200] [upstream] [3683919] STDOUT: Blitzortung connected
[06/Jul/2026:11:48:49 +0200] [upstream] [3683919] STDOUT: Blitzortung WebSocket closed. Reconnecting in 5 seconds...
[06/Jul/2026:11:48:54 +0200] [upstream] [3683919] STDOUT: Blitzortung connected
[06/Jul/2026:11:49:54 +0200] [upstream] [3683919] STDOUT: Blitzortung WebSocket closed. Reconnecting in 5 seconds...
[06/Jul/2026:11:50:00 +0200] [upstream] [3683919] STDOUT: Blitzortung connected
[06/Jul/2026:11:51:00 +0200] [upstream] [3683919] STDOUT: Blitzortung WebSocket closed. Reconnecting in 5 seconds...
[06/Jul/2026:11:51:05 +0200] [upstream] [3683919] STDOUT: Blitzortung connected
[06/Jul/2026:11:52:05 +0200] [upstream] [3683919] STDOUT: Blitzortung WebSocket closed. Reconnecting in 5 seconds...
[06/Jul/2026:11:52:10 +0200] [upstream] [3683919] STDOUT: Blitzortung connected
[06/Jul/2026:11:53:10 +0200] [upstream] [3683919] STDOUT: Blitzortung WebSocket closed. Reconnecting in 5 seconds...
[06/Jul/2026:11:53:15 +0200] [upstream] [3683919] STDOUT: Blitzortung connected
[06/Jul/2026:11:54:15 +0200] [upstream] [3683919] STDOUT: Blitzortung WebSocket closed. Reconnecting in 5 seconds...
[06/Jul/2026:11:54:20 +0200] [upstream] [3683919] STDOUT: Blitzortung connected
[06/Jul/2026:11:55:20 +0200] [upstream] [3683919] STDOUT: Blitzortung WebSocket closed. Reconnecting in 5 seconds...
[06/Jul/2026:11:55:25 +0200] [upstream] [3683919] STDOUT: Blitzortung connected
[06/Jul/2026:11:56:25 +0200] [upstream] [3683919] STDOUT: Blitzortung WebSocket closed. Reconnecting in 5 seconds...
[06/Jul/2026:11:56:30 +0200] [upstream] [3683919] STDOUT: Blitzortung connected
[06/Jul/2026:11:57:30 +0200] [upstream] [3683919] STDOUT: Blitzortung WebSocket closed. Reconnecting in 5 seconds...
[06/Jul/2026:11:57:35 +0200] [upstream] [3683919] STDOUT: Blitzortung connected
[06/Jul/2026:11:58:35 +0200] [upstream] [3683919] STDOUT: Blitzortung WebSocket closed. Reconnecting in 5 seconds...
[06/Jul/2026:11:58:41 +0200] [upstream] [3683919] STDOUT: Blitzortung connected
[06/Jul/2026:11:59:14 +0200] [upstream] [3683919] SIGTERM sent to upstream
[06/Jul/2026:11:59:14 +0200] [upstream] [3683919] Upstream stopped (reason: idle)
[06/Jul/2026:12:14:15 +0200] [upstream] Upstream starting: npm start (env: {'HOME': '/home/groza-bot', 'LANG': 'en_US.UTF-8', 'LC_ALL': 'en_US.UTF-8', 'PATH': '/home/groza-bot/.local/bin:/home/groza-bot/.local/share/gem/ruby/3.4.0/bin:/home/groza-bot/.gem/ruby/3.4.0/bin:/home/groza-bot/.composer/vendor/bin:/home/groza-bot/.npm-packages/bin:/usr/local/bin:/usr/bin:/bin', 'TMPDIR': '/home/groza-bot/admin/tmp', '# ': '=========================================', '# GROZA - PERSONAL LIGHTNING ROD (Zero-Cost)': '', '# Environment Variables Template': '', '# 1. TELEGRAM BOT': '', '# Обязательно: Получите токен у @BotFather': '', 'TELEGRAM_BOT_TOKEN': '8516017309:AAHZ4PVY46dywE1nmGLOFCclzy1MKA07Ppo', '# 2. TEMBO POSTGRES (PostGIS)': '', '# Обязательно: Строка подключения из Tembo Cloud': '', 'DATABASE_URL': 'postgresql://neondb_owner:npg_tWIvK3DGLl0w@ep-purple-morning-at630e0v-pooler.c-9.us-east-1.aws.neon.tech/neondb?sslmode=require&channel_binding=require', '# 3. UPSTASH REDIS': '', '# Обязательно: Данные из консоли Upstash для REST/ioredis': '', 'UPSTASH_REDIS_REST_URL': 'https://upstash-url.upstash.io', 'UPSTASH_REDIS_REST_TOKEN': 'your_rest_token_here', 'REDIS_URL': 'rediss://default:gQAAAAAAAbQnAAIgcDE2NDY2N2UyZmQ2ZGE0OTJmYmI0ZjUxMzQxNDc0YjljYw@valued-lion-111655.upstash.io:6379', '# 4. IMGUR API': '', '# Обязательно: Client ID для анонимной загрузки сгенерированных карт': '', '# Регистрация: https://api.imgur.com/oauth2/addclient': '', 'IMGUR_CLIENT_ID': 'your_client_id_here', '# 5. THREADS GRAPH API': '', '# Обязательно: User ID и Long-Lived Access Token (60 дней) ': '', '# Токен необходимо рефрешить раз в месяц через cron': '', 'THREADS_USER_ID': '123456789012345', 'THREADS_ACCESS_TOKEN': 'EAAXXXXXXX_long_lived_token_here', '# 6. PORT (Express Server)': '', 'PORT': '8100', 'NODEJS_VERSION': '', 'HOST': 'fd00::7:6dd4', 'IP': 'fd00::7:6dd4'}, cwd: /home/groza-bot/www)
[06/Jul/2026:12:14:15 +0200] [upstream] Upstream started PID: 3760934
[06/Jul/2026:12:14:15 +0200] [upstream] [3760934] STDOUT: 
[06/Jul/2026:12:14:15 +0200] [upstream] [3760934] STDOUT: > groza@1.0.0 start
[06/Jul/2026:12:14:15 +0200] [upstream] [3760934] STDOUT: > if [ -f modules.zip ]; then unzip -qo modules.zip && rm -f modules.zip; fi; node dist/index.js
[06/Jul/2026:12:14:15 +0200] [upstream] [3760934] STDOUT: 
[06/Jul/2026:12:14:15 +0200] [upstream] [3760934] STDOUT: ◇ injected env (1) from .env // tip: ⌘ suppress logs { quiet: true }
[06/Jul/2026:12:14:15 +0200] [upstream] [3760934] STDOUT: Bootstrapping Groza Single-Worker...
[06/Jul/2026:12:14:15 +0200] [upstream] [3760934] STDERR: (node:3760956) Warning: SECURITY WARNING: The SSL modes 'prefer', 'require', and 'verify-ca' are treated as aliases for 'verify-full'.
[06/Jul/2026:12:14:15 +0200] [upstream] [3760934] STDERR: In the next major version (pg-connection-string v3.0.0 and pg v9.0.0), these modes will adopt standard libpq semantics, which have weaker security guarantees.
[06/Jul/2026:12:14:15 +0200] [upstream] [3760934] STDERR: 
[06/Jul/2026:12:14:15 +0200] [upstream] [3760934] STDERR: To prepare for this change:
[06/Jul/2026:12:14:15 +0200] [upstream] [3760934] STDERR: - If you want the current behavior, explicitly use 'sslmode=verify-full'
[06/Jul/2026:12:14:15 +0200] [upstream] [3760934] STDERR: - If you want libpq compatibility now, use 'uselibpqcompat=true&sslmode=require'
[06/Jul/2026:12:14:15 +0200] [upstream] [3760934] STDERR: 
[06/Jul/2026:12:14:15 +0200] [upstream] [3760934] STDERR: See https://www.postgresql.org/docs/current/libpq-ssl.html for libpq SSL mode definitions.
[06/Jul/2026:12:14:15 +0200] [upstream] [3760934] STDERR: (Use `node --trace-warnings ...` to show where the warning was created)
[06/Jul/2026:12:14:17 +0200] [upstream] [3760934] STDOUT: Database initialized successfully.
[06/Jul/2026:12:14:17 +0200] [upstream] [3760934] STDOUT: Starting Telegram bot...
[06/Jul/2026:12:14:17 +0200] [upstream] [3760934] STDOUT: Starting Blitzortung real-time listener...
[06/Jul/2026:12:14:17 +0200] [upstream] [3760934] STDOUT: Groza Single-Worker is running.
[06/Jul/2026:12:14:17 +0200] [upstream] [3760934] STDOUT: API and Static server running on fd00::7:6dd4:8100
[06/Jul/2026:12:14:18 +0200] [upstream] [3760934] STDOUT: Blitzortung connected
[06/Jul/2026:12:15:18 +0200] [upstream] [3760934] STDOUT: Blitzortung WebSocket closed. Reconnecting in 5 seconds...
[06/Jul/2026:12:15:23 +0200] [upstream] [3760934] STDOUT: Blitzortung connected
[06/Jul/2026:12:16:23 +0200] [upstream] [3760934] STDOUT: Blitzortung WebSocket closed. Reconnecting in 5 seconds...
[06/Jul/2026:12:16:28 +0200] [upstream] [3760934] STDOUT: Blitzortung connected
[06/Jul/2026:12:17:28 +0200] [upstream] [3760934] STDOUT: Blitzortung WebSocket closed. Reconnecting in 5 seconds...
[06/Jul/2026:12:17:33 +0200] [upstream] [3760934] STDOUT: Blitzortung connected
[06/Jul/2026:12:18:33 +0200] [upstream] [3760934] STDOUT: Blitzortung WebSocket closed. Reconnecting in 5 seconds...
[06/Jul/2026:12:18:38 +0200] [upstream] [3760934] STDOUT: Blitzortung connected
[06/Jul/2026:12:19:38 +0200] [upstream] [3760934] STDOUT: Blitzortung WebSocket closed. Reconnecting in 5 seconds...
[06/Jul/2026:12:19:43 +0200] [upstream] [3760934] STDOUT: Blitzortung connected
[06/Jul/2026:12:20:43 +0200] [upstream] [3760934] STDOUT: Blitzortung WebSocket closed. Reconnecting in 5 seconds...
[06/Jul/2026:12:20:48 +0200] [upstream] [3760934] STDOUT: Blitzortung connected
[06/Jul/2026:12:21:48 +0200] [upstream] [3760934] STDOUT: Blitzortung WebSocket closed. Reconnecting in 5 seconds...
[06/Jul/2026:12:21:53 +0200] [upstream] [3760934] STDOUT: Blitzortung connected
[06/Jul/2026:12:22:53 +0200] [upstream] [3760934] STDOUT: Blitzortung WebSocket closed. Reconnecting in 5 seconds...
[06/Jul/2026:12:22:59 +0200] [upstream] [3760934] STDOUT: Blitzortung connected
[06/Jul/2026:12:23:59 +0200] [upstream] [3760934] STDOUT: Blitzortung WebSocket closed. Reconnecting in 5 seconds...
[06/Jul/2026:12:24:04 +0200] [upstream] [3760934] STDOUT: Blitzortung connected
[06/Jul/2026:12:25:04 +0200] [upstream] [3760934] STDOUT: Blitzortung WebSocket closed. Reconnecting in 5 seconds...
[06/Jul/2026:12:25:09 +0200] [upstream] [3760934] STDOUT: Blitzortung connected
[06/Jul/2026:12:26:09 +0200] [upstream] [3760934] STDOUT: Blitzortung WebSocket closed. Reconnecting in 5 seconds...
[06/Jul/2026:12:26:14 +0200] [upstream] [3760934] STDOUT: Blitzortung connected
[06/Jul/2026:12:27:14 +0200] [upstream] [3760934] STDOUT: Blitzortung WebSocket closed. Reconnecting in 5 seconds...
[06/Jul/2026:12:27:19 +0200] [upstream] [3760934] STDOUT: Blitzortung connected
[06/Jul/2026:12:28:19 +0200] [upstream] [3760934] STDOUT: Blitzortung WebSocket closed. Reconnecting in 5 seconds...
[06/Jul/2026:12:28:24 +0200] [upstream] [3760934] STDOUT: Blitzortung connected
[06/Jul/2026:12:29:24 +0200] [upstream] [3760934] STDOUT: Blitzortung WebSocket closed. Reconnecting in 5 seconds...
[06/Jul/2026:12:29:29 +0200] [upstream] [3760934] STDOUT: Blitzortung connected
[06/Jul/2026:12:30:29 +0200] [upstream] [3760934] STDOUT: Blitzortung WebSocket closed. Reconnecting in 5 seconds...
[06/Jul/2026:12:30:34 +0200] [upstream] [3760934] STDOUT: Blitzortung connected
[06/Jul/2026:12:31:34 +0200] [upstream] [3760934] STDOUT: Blitzortung WebSocket closed. Reconnecting in 5 seconds...
[06/Jul/2026:12:31:40 +0200] [upstream] [3760934] STDOUT: Blitzortung connected
[06/Jul/2026:12:32:40 +0200] [upstream] [3760934] STDOUT: Blitzortung WebSocket closed. Reconnecting in 5 seconds...
[06/Jul/2026:12:32:45 +0200] [upstream] [3760934] STDOUT: Blitzortung connected
[06/Jul/2026:12:33:45 +0200] [upstream] [3760934] STDOUT: Blitzortung WebSocket closed. Reconnecting in 5 seconds...
[06/Jul/2026:12:33:50 +0200] [upstream] [3760934] STDOUT: Blitzortung connected
[06/Jul/2026:12:34:50 +0200] [upstream] [3760934] STDOUT: Blitzortung WebSocket closed. Reconnecting in 5 seconds...
[06/Jul/2026:12:34:55 +0200] [upstream] [3760934] STDOUT: Blitzortung connected
[06/Jul/2026:12:35:55 +0200] [upstream] [3760934] STDOUT: Blitzortung WebSocket closed. Reconnecting in 5 seconds...
[06/Jul/2026:12:36:00 +0200] [upstream] [3760934] STDOUT: Blitzortung connected
[06/Jul/2026:12:37:00 +0200] [upstream] [3760934] STDOUT: Blitzortung WebSocket closed. Reconnecting in 5 seconds...
[06/Jul/2026:12:37:05 +0200] [upstream] [3760934] STDOUT: Blitzortung connected
[06/Jul/2026:12:38:05 +0200] [upstream] [3760934] STDOUT: Blitzortung WebSocket closed. Reconnecting in 5 seconds...
[06/Jul/2026:12:38:10 +0200] [upstream] [3760934] STDOUT: Blitzortung connected
[06/Jul/2026:12:39:10 +0200] [upstream] [3760934] STDOUT: Blitzortung WebSocket closed. Reconnecting in 5 seconds...
[06/Jul/2026:12:39:15 +0200] [upstream] [3760934] STDOUT: Blitzortung connected
[06/Jul/2026:12:40:15 +0200] [upstream] [3760934] STDOUT: Blitzortung WebSocket closed. Reconnecting in 5 seconds...
[06/Jul/2026:12:40:21 +0200] [upstream] [3760934] STDOUT: Blitzortung connected
[06/Jul/2026:12:41:21 +0200] [upstream] [3760934] STDOUT: Blitzortung WebSocket closed. Reconnecting in 5 seconds...
[06/Jul/2026:12:41:26 +0200] [upstream] [3760934] STDOUT: Blitzortung connected
[06/Jul/2026:12:42:26 +0200] [upstream] [3760934] STDOUT: Blitzortung WebSocket closed. Reconnecting in 5 seconds...
[06/Jul/2026:12:42:31 +0200] [upstream] [3760934] STDOUT: Blitzortung connected
[06/Jul/2026:12:43:31 +0200] [upstream] [3760934] STDOUT: Blitzortung WebSocket closed. Reconnecting in 5 seconds...
[06/Jul/2026:12:43:36 +0200] [upstream] [3760934] STDOUT: Blitzortung connected
[06/Jul/2026:12:44:36 +0200] [upstream] [3760934] STDOUT: Blitzortung WebSocket closed. Reconnecting in 5 seconds...
[06/Jul/2026:12:44:41 +0200] [upstream] [3760934] STDOUT: Blitzortung connected
[06/Jul/2026:12:45:41 +0200] [upstream] [3760934] STDOUT: Blitzortung WebSocket closed. Reconnecting in 5 seconds...
[06/Jul/2026:12:45:46 +0200] [upstream] [3760934] STDOUT: Blitzortung connected
[06/Jul/2026:12:46:46 +0200] [upstream] [3760934] STDOUT: Blitzortung WebSocket closed. Reconnecting in 5 seconds...
[06/Jul/2026:12:46:51 +0200] [upstream] [3760934] STDOUT: Blitzortung connected
[06/Jul/2026:12:47:51 +0200] [upstream] [3760934] STDOUT: Blitzortung WebSocket closed. Reconnecting in 5 seconds...
[06/Jul/2026:12:47:56 +0200] [upstream] [3760934] STDOUT: Blitzortung connected
[06/Jul/2026:12:48:56 +0200] [upstream] [3760934] STDOUT: Blitzortung WebSocket closed. Reconnecting in 5 seconds...
[06/Jul/2026:12:49:01 +0200] [upstream] [3760934] STDOUT: Blitzortung connected
[06/Jul/2026:12:50:01 +0200] [upstream] [3760934] STDOUT: Blitzortung WebSocket closed. Reconnecting in 5 seconds...
[06/Jul/2026:12:50:07 +0200] [upstream] [3760934] STDOUT: Blitzortung connected
[06/Jul/2026:12:51:07 +0200] [upstream] [3760934] STDOUT: Blitzortung WebSocket closed. Reconnecting in 5 seconds...
[06/Jul/2026:12:51:12 +0200] [upstream] [3760934] STDOUT: Blitzortung connected
[06/Jul/2026:12:52:12 +0200] [upstream] [3760934] STDOUT: Blitzortung WebSocket closed. Reconnecting in 5 seconds...
[06/Jul/2026:12:52:17 +0200] [upstream] [3760934] STDOUT: Blitzortung connected
[06/Jul/2026:12:53:17 +0200] [upstream] [3760934] STDOUT: Blitzortung WebSocket closed. Reconnecting in 5 seconds...
[06/Jul/2026:12:53:22 +0200] [upstream] [3760934] STDOUT: Blitzortung connected
[06/Jul/2026:12:54:22 +0200] [upstream] [3760934] STDOUT: Blitzortung WebSocket closed. Reconnecting in 5 seconds...
[06/Jul/2026:12:54:27 +0200] [upstream] [3760934] STDOUT: Blitzortung connected
[06/Jul/2026:12:55:27 +0200] [upstream] [3760934] STDOUT: Blitzortung WebSocket closed. Reconnecting in 5 seconds...
[06/Jul/2026:12:55:32 +0200] [upstream] [3760934] STDOUT: Blitzortung connected
[06/Jul/2026:12:56:32 +0200] [upstream] [3760934] STDOUT: Blitzortung WebSocket closed. Reconnecting in 5 seconds...
[06/Jul/2026:12:56:37 +0200] [upstream] [3760934] STDOUT: Blitzortung connected
[06/Jul/2026:12:57:37 +0200] [upstream] [3760934] STDOUT: Blitzortung WebSocket closed. Reconnecting in 5 seconds...
[06/Jul/2026:12:57:42 +0200] [upstream] [3760934] STDOUT: Blitzortung connected
[06/Jul/2026:12:58:42 +0200] [upstream] [3760934] STDOUT: Blitzortung WebSocket closed. Reconnecting in 5 seconds...
[06/Jul/2026:12:58:44 +0200] [upstream] [3760934] SIGTERM sent to upstream
[06/Jul/2026:12:58:44 +0200] [upstream] [3760934] Upstream stopped (reason: idle)
[06/Jul/2026:14:25:30 +0200] [upstream] Upstream starting: npm start (env: {'HOME': '/home/groza-bot', 'LANG': 'en_US.UTF-8', 'LC_ALL': 'en_US.UTF-8', 'PATH': '/home/groza-bot/.local/bin:/home/groza-bot/.local/share/gem/ruby/3.4.0/bin:/home/groza-bot/.gem/ruby/3.4.0/bin:/home/groza-bot/.composer/vendor/bin:/home/groza-bot/.npm-packages/bin:/usr/local/bin:/usr/bin:/bin', 'TMPDIR': '/home/groza-bot/admin/tmp', '# ': '=========================================', '# GROZA - PERSONAL LIGHTNING ROD (Zero-Cost)': '', '# Environment Variables Template': '', '# 1. TELEGRAM BOT': '', '# Обязательно: Получите токен у @BotFather': '', 'TELEGRAM_BOT_TOKEN': '8516017309:AAHZ4PVY46dywE1nmGLOFCclzy1MKA07Ppo', '# 2. TEMBO POSTGRES (PostGIS)': '', '# Обязательно: Строка подключения из Tembo Cloud': '', 'DATABASE_URL': 'postgresql://neondb_owner:npg_tWIvK3DGLl0w@ep-purple-morning-at630e0v-pooler.c-9.us-east-1.aws.neon.tech/neondb?sslmode=require&channel_binding=require', '# 3. UPSTASH REDIS': '', '# Обязательно: Данные из консоли Upstash для REST/ioredis': '', 'UPSTASH_REDIS_REST_URL': 'https://upstash-url.upstash.io', 'UPSTASH_REDIS_REST_TOKEN': 'your_rest_token_here', 'REDIS_URL': 'rediss://default:gQAAAAAAAbQnAAIgcDE2NDY2N2UyZmQ2ZGE0OTJmYmI0ZjUxMzQxNDc0YjljYw@valued-lion-111655.upstash.io:6379', '# 4. IMGUR API': '', '# Обязательно: Client ID для анонимной загрузки сгенерированных карт': '', '# Регистрация: https://api.imgur.com/oauth2/addclient': '', 'IMGUR_CLIENT_ID': 'your_client_id_here', '# 5. THREADS GRAPH API': '', '# Обязательно: User ID и Long-Lived Access Token (60 дней) ': '', '# Токен необходимо рефрешить раз в месяц через cron': '', 'THREADS_USER_ID': '123456789012345', 'THREADS_ACCESS_TOKEN': 'EAAXXXXXXX_long_lived_token_here', '# 6. PORT (Express Server)': '', 'PORT': '8100', 'NODEJS_VERSION': '', 'HOST': 'fd00::7:6dd4', 'IP': 'fd00::7:6dd4'}, cwd: /home/groza-bot/www)
[06/Jul/2026:14:25:30 +0200] [upstream] Upstream started PID: 3969789
[06/Jul/2026:14:25:30 +0200] [upstream] [3969789] STDOUT: 
[06/Jul/2026:14:25:30 +0200] [upstream] [3969789] STDOUT: > groza@1.0.0 start
[06/Jul/2026:14:25:30 +0200] [upstream] [3969789] STDOUT: > if [ -f modules.zip ]; then unzip -qo modules.zip && rm -f modules.zip; fi; node dist/index.js
[06/Jul/2026:14:25:30 +0200] [upstream] [3969789] STDOUT: 
[06/Jul/2026:14:25:30 +0200] [upstream] [3969789] STDOUT: ◇ injected env (1) from .env // tip: ⌘ suppress logs { quiet: true }
[06/Jul/2026:14:25:30 +0200] [upstream] [3969789] STDOUT: Bootstrapping Groza Single-Worker...
[06/Jul/2026:14:25:30 +0200] [upstream] [3969789] STDERR: (node:3969818) Warning: SECURITY WARNING: The SSL modes 'prefer', 'require', and 'verify-ca' are treated as aliases for 'verify-full'.
[06/Jul/2026:14:25:30 +0200] [upstream] [3969789] STDERR: In the next major version (pg-connection-string v3.0.0 and pg v9.0.0), these modes will adopt standard libpq semantics, which have weaker security guarantees.
[06/Jul/2026:14:25:30 +0200] [upstream] [3969789] STDERR: 
[06/Jul/2026:14:25:30 +0200] [upstream] [3969789] STDERR: To prepare for this change:
[06/Jul/2026:14:25:30 +0200] [upstream] [3969789] STDERR: - If you want the current behavior, explicitly use 'sslmode=verify-full'
[06/Jul/2026:14:25:30 +0200] [upstream] [3969789] STDERR: - If you want libpq compatibility now, use 'uselibpqcompat=true&sslmode=require'
[06/Jul/2026:14:25:30 +0200] [upstream] [3969789] STDERR: 
[06/Jul/2026:14:25:30 +0200] [upstream] [3969789] STDERR: See https://www.postgresql.org/docs/current/libpq-ssl.html for libpq SSL mode definitions.
[06/Jul/2026:14:25:30 +0200] [upstream] [3969789] STDERR: (Use `node --trace-warnings ...` to show where the warning was created)
[06/Jul/2026:14:25:32 +0200] [upstream] [3969789] STDOUT: Database initialized successfully.
[06/Jul/2026:14:25:32 +0200] [upstream] [3969789] STDOUT: Starting Telegram bot...
[06/Jul/2026:14:25:32 +0200] [upstream] [3969789] STDOUT: Starting Blitzortung real-time listener...
[06/Jul/2026:14:25:32 +0200] [upstream] [3969789] STDOUT: Groza Single-Worker is running.
[06/Jul/2026:14:25:32 +0200] [upstream] [3969789] STDOUT: API and Static server running on fd00::7:6dd4:8100
[06/Jul/2026:14:25:32 +0200] [upstream] [3969789] STDOUT: Blitzortung connected
[06/Jul/2026:14:25:32 +0200] [upstream] [3969789] STDERR: Failed to launch Telegram bot: TelegramError: 409: Conflict: terminated by setWebhook request
[06/Jul/2026:14:25:32 +0200] [upstream] [3969789] STDERR:     at Telegram.callApi (/home/groza-bot/www/node_modules/telegraf/lib/core/network/client.js:315:19)
[06/Jul/2026:14:25:32 +0200] [upstream] [3969789] STDERR:     at process.processTicksAndRejections (node:internal/process/task_queues:104:5)
[06/Jul/2026:14:25:32 +0200] [upstream] [3969789] STDERR:     at async [Symbol.asyncIterator] (/home/groza-bot/www/node_modules/telegraf/lib/core/network/polling.js:30:33)
[06/Jul/2026:14:25:32 +0200] [upstream] [3969789] STDERR:     at async Polling.loop (/home/groza-bot/www/node_modules/telegraf/lib/core/network/polling.js:73:30)
[06/Jul/2026:14:25:32 +0200] [upstream] [3969789] STDERR:     at async Telegraf.launch (/home/groza-bot/www/node_modules/telegraf/lib/telegraf.js:194:13)
[06/Jul/2026:14:25:32 +0200] [upstream] [3969789] STDERR:     at async startBot (/home/groza-bot/www/dist/bot/index.js:44:13) {
[06/Jul/2026:14:25:32 +0200] [upstream] [3969789] STDERR:   response: {
[06/Jul/2026:14:25:32 +0200] [upstream] [3969789] STDERR:     ok: false,
[06/Jul/2026:14:25:32 +0200] [upstream] [3969789] STDERR:     error_code: 409,
[06/Jul/2026:14:25:32 +0200] [upstream] [3969789] STDERR:     description: 'Conflict: terminated by setWebhook request'
[06/Jul/2026:14:25:32 +0200] [upstream] [3969789] STDERR:   },
[06/Jul/2026:14:25:32 +0200] [upstream] [3969789] STDERR:   on: {
[06/Jul/2026:14:25:32 +0200] [upstream] [3969789] STDERR:     method: 'getUpdates',
[06/Jul/2026:14:25:32 +0200] [upstream] [3969789] STDERR:     payload: { timeout: 50, offset: 0, allowed_updates: [] }
[06/Jul/2026:14:25:32 +0200] [upstream] [3969789] STDERR:   }
[06/Jul/2026:14:25:32 +0200] [upstream] [3969789] STDERR: }
[06/Jul/2026:14:25:32 +0200] [upstream] [3969789] STDERR: TelegramError: 409: Conflict: terminated by setWebhook request
[06/Jul/2026:14:25:32 +0200] [upstream] [3969789] STDERR:     at Telegram.callApi (/home/groza-bot/www/node_modules/telegraf/lib/core/network/client.js:315:19)
[06/Jul/2026:14:25:32 +0200] [upstream] [3969789] STDERR:     at process.processTicksAndRejections (node:internal/process/task_queues:104:5)
[06/Jul/2026:14:25:32 +0200] [upstream] [3969789] STDERR:     at async [Symbol.asyncIterator] (/home/groza-bot/www/node_modules/telegraf/lib/core/network/polling.js:30:33)
[06/Jul/2026:14:25:32 +0200] [upstream] [3969789] STDERR:     at async Polling.loop (/home/groza-bot/www/node_modules/telegraf/lib/core/network/polling.js:73:30)
[06/Jul/2026:14:25:32 +0200] [upstream] [3969789] STDERR:     at async Telegraf.launch (/home/groza-bot/www/node_modules/telegraf/lib/telegraf.js:194:13)
[06/Jul/2026:14:25:32 +0200] [upstream] [3969789] STDERR:     at async startBot (/home/groza-bot/www/dist/bot/index.js:44:13) {
[06/Jul/2026:14:25:32 +0200] [upstream] [3969789] STDERR:   response: {
[06/Jul/2026:14:25:32 +0200] [upstream] [3969789] STDERR:     ok: false,
[06/Jul/2026:14:25:32 +0200] [upstream] [3969789] STDERR:     error_code: 409,
[06/Jul/2026:14:25:32 +0200] [upstream] [3969789] STDERR:     description: 'Conflict: terminated by setWebhook request'
[06/Jul/2026:14:25:32 +0200] [upstream] [3969789] STDERR:   },
[06/Jul/2026:14:25:32 +0200] [upstream] [3969789] STDERR:   on: {
[06/Jul/2026:14:25:32 +0200] [upstream] [3969789] STDERR:     method: 'getUpdates',
[06/Jul/2026:14:25:32 +0200] [upstream] [3969789] STDERR:     payload: { timeout: 50, offset: 0, allowed_updates: [] }
[06/Jul/2026:14:25:32 +0200] [upstream] [3969789] STDERR:   }
[06/Jul/2026:14:25:32 +0200] [upstream] [3969789] STDERR: }
[06/Jul/2026:14:26:32 +0200] [upstream] [3969789] STDOUT: Blitzortung WebSocket closed. Reconnecting in 5 seconds...
[06/Jul/2026:14:26:37 +0200] [upstream] [3969789] STDOUT: Blitzortung connected
[06/Jul/2026:14:27:37 +0200] [upstream] [3969789] STDOUT: Blitzortung WebSocket closed. Reconnecting in 5 seconds...
[06/Jul/2026:14:27:42 +0200] [upstream] [3969789] STDOUT: Blitzortung connected
[06/Jul/2026:14:28:42 +0200] [upstream] [3969789] STDOUT: Blitzortung WebSocket closed. Reconnecting in 5 seconds...
[06/Jul/2026:14:28:47 +0200] [upstream] [3969789] STDOUT: Blitzortung connected
[06/Jul/2026:14:29:47 +0200] [upstream] [3969789] STDOUT: Blitzortung WebSocket closed. Reconnecting in 5 seconds...
[06/Jul/2026:14:29:53 +0200] [upstream] [3969789] STDOUT: Blitzortung connected
[06/Jul/2026:14:30:53 +0200] [upstream] [3969789] STDOUT: Blitzortung WebSocket closed. Reconnecting in 5 seconds...
[06/Jul/2026:14:30:58 +0200] [upstream] [3969789] STDOUT: Blitzortung connected
[06/Jul/2026:14:31:58 +0200] [upstream] [3969789] STDOUT: Blitzortung WebSocket closed. Reconnecting in 5 seconds...
[06/Jul/2026:14:32:03 +0200] [upstream] [3969789] STDOUT: Blitzortung connected
[06/Jul/2026:14:33:03 +0200] [upstream] [3969789] STDOUT: Blitzortung WebSocket closed. Reconnecting in 5 seconds...
[06/Jul/2026:14:33:08 +0200] [upstream] [3969789] STDOUT: Blitzortung connected
[06/Jul/2026:14:34:08 +0200] [upstream] [3969789] STDOUT: Blitzortung WebSocket closed. Reconnecting in 5 seconds...
[06/Jul/2026:14:34:13 +0200] [upstream] [3969789] STDOUT: Blitzortung connected
[06/Jul/2026:14:35:13 +0200] [upstream] [3969789] STDOUT: Blitzortung WebSocket closed. Reconnecting in 5 seconds...
[06/Jul/2026:14:35:18 +0200] [upstream] [3969789] STDOUT: Blitzortung connected
[06/Jul/2026:14:36:18 +0200] [upstream] [3969789] STDOUT: Blitzortung WebSocket closed. Reconnecting in 5 seconds...
[06/Jul/2026:14:36:23 +0200] [upstream] [3969789] STDOUT: Blitzortung connected
[06/Jul/2026:14:37:23 +0200] [upstream] [3969789] STDOUT: Blitzortung WebSocket closed. Reconnecting in 5 seconds...
[06/Jul/2026:14:37:28 +0200] [upstream] [3969789] STDOUT: Blitzortung connected
[06/Jul/2026:14:38:28 +0200] [upstream] [3969789] STDOUT: Blitzortung WebSocket closed. Reconnecting in 5 seconds...
[06/Jul/2026:14:38:34 +0200] [upstream] [3969789] STDOUT: Blitzortung connected
[06/Jul/2026:14:39:34 +0200] [upstream] [3969789] STDOUT: Blitzortung WebSocket closed. Reconnecting in 5 seconds...
[06/Jul/2026:14:39:39 +0200] [upstream] [3969789] STDOUT: Blitzortung connected
[06/Jul/2026:14:40:39 +0200] [upstream] [3969789] STDOUT: Blitzortung WebSocket closed. Reconnecting in 5 seconds...
[06/Jul/2026:14:40:44 +0200] [upstream] [3969789] STDOUT: Blitzortung connected
[06/Jul/2026:14:41:44 +0200] [upstream] [3969789] STDOUT: Blitzortung WebSocket closed. Reconnecting in 5 seconds...
[06/Jul/2026:14:41:49 +0200] [upstream] [3969789] STDOUT: Blitzortung connected
[06/Jul/2026:14:42:49 +0200] [upstream] [3969789] STDOUT: Blitzortung WebSocket closed. Reconnecting in 5 seconds...
[06/Jul/2026:14:42:54 +0200] [upstream] [3969789] STDOUT: Blitzortung connected
[06/Jul/2026:14:43:54 +0200] [upstream] [3969789] STDOUT: Blitzortung WebSocket closed. Reconnecting in 5 seconds...
[06/Jul/2026:14:43:59 +0200] [upstream] [3969789] STDOUT: Blitzortung connected
[06/Jul/2026:14:44:59 +0200] [upstream] [3969789] STDOUT: Blitzortung WebSocket closed. Reconnecting in 5 seconds...
[06/Jul/2026:14:45:04 +0200] [upstream] [3969789] STDOUT: Blitzortung connected
[06/Jul/2026:14:46:04 +0200] [upstream] [3969789] STDOUT: Blitzortung WebSocket closed. Reconnecting in 5 seconds...
[06/Jul/2026:14:46:09 +0200] [upstream] [3969789] STDOUT: Blitzortung connected
[06/Jul/2026:14:47:09 +0200] [upstream] [3969789] STDOUT: Blitzortung WebSocket closed. Reconnecting in 5 seconds...
[06/Jul/2026:14:47:15 +0200] [upstream] [3969789] STDOUT: Blitzortung connected
[06/Jul/2026:14:48:15 +0200] [upstream] [3969789] STDOUT: Blitzortung WebSocket closed. Reconnecting in 5 seconds...
[06/Jul/2026:14:48:20 +0200] [upstream] [3969789] STDOUT: Blitzortung connected
[06/Jul/2026:14:49:20 +0200] [upstream] [3969789] STDOUT: Blitzortung WebSocket closed. Reconnecting in 5 seconds...
[06/Jul/2026:14:49:25 +0200] [upstream] [3969789] STDOUT: Blitzortung connected
[06/Jul/2026:14:50:25 +0200] [upstream] [3969789] STDOUT: Blitzortung WebSocket closed. Reconnecting in 5 seconds...
[06/Jul/2026:14:50:30 +0200] [upstream] [3969789] STDOUT: Blitzortung connected
[06/Jul/2026:14:51:30 +0200] [upstream] [3969789] STDOUT: Blitzortung WebSocket closed. Reconnecting in 5 seconds...
[06/Jul/2026:14:51:35 +0200] [upstream] [3969789] STDOUT: Blitzortung connected
[06/Jul/2026:14:52:35 +0200] [upstream] [3969789] STDOUT: Blitzortung WebSocket closed. Reconnecting in 5 seconds...
[06/Jul/2026:14:52:40 +0200] [upstream] [3969789] STDOUT: Blitzortung connected
[06/Jul/2026:14:53:40 +0200] [upstream] [3969789] STDOUT: Blitzortung WebSocket closed. Reconnecting in 5 seconds...
[06/Jul/2026:14:53:45 +0200] [upstream] [3969789] STDOUT: Blitzortung connected
[06/Jul/2026:14:54:45 +0200] [upstream] [3969789] STDOUT: Blitzortung WebSocket closed. Reconnecting in 5 seconds...
[06/Jul/2026:14:54:50 +0200] [upstream] [3969789] STDOUT: Blitzortung connected
[06/Jul/2026:14:55:50 +0200] [upstream] [3969789] STDOUT: Blitzortung WebSocket closed. Reconnecting in 5 seconds...
[06/Jul/2026:14:55:56 +0200] [upstream] [3969789] STDOUT: Blitzortung connected
[06/Jul/2026:14:56:56 +0200] [upstream] [3969789] STDOUT: Blitzortung WebSocket closed. Reconnecting in 5 seconds...
[06/Jul/2026:14:57:01 +0200] [upstream] [3969789] STDOUT: Blitzortung connected
[06/Jul/2026:14:58:01 +0200] [upstream] [3969789] STDOUT: Blitzortung WebSocket closed. Reconnecting in 5 seconds...
[06/Jul/2026:14:58:06 +0200] [upstream] [3969789] STDOUT: Blitzortung connected
[06/Jul/2026:14:59:06 +0200] [upstream] [3969789] STDOUT: Blitzortung WebSocket closed. Reconnecting in 5 seconds...
[06/Jul/2026:14:59:11 +0200] [upstream] [3969789] STDOUT: Blitzortung connected
[06/Jul/2026:15:00:11 +0200] [upstream] [3969789] STDOUT: Blitzortung WebSocket closed. Reconnecting in 5 seconds...
[06/Jul/2026:15:00:16 +0200] [upstream] [3969789] STDOUT: Blitzortung connected
[06/Jul/2026:15:01:16 +0200] [upstream] [3969789] STDOUT: Blitzortung WebSocket closed. Reconnecting in 5 seconds...
[06/Jul/2026:15:01:21 +0200] [upstream] [3969789] STDOUT: Blitzortung connected
[06/Jul/2026:15:02:21 +0200] [upstream] [3969789] STDOUT: Blitzortung WebSocket closed. Reconnecting in 5 seconds...
[06/Jul/2026:15:02:26 +0200] [upstream] [3969789] STDOUT: Blitzortung connected
[06/Jul/2026:15:03:26 +0200] [upstream] [3969789] STDOUT: Blitzortung WebSocket closed. Reconnecting in 5 seconds...
[06/Jul/2026:15:03:31 +0200] [upstream] [3969789] STDOUT: Blitzortung connected
[06/Jul/2026:15:04:31 +0200] [upstream] [3969789] STDOUT: Blitzortung WebSocket closed. Reconnecting in 5 seconds...
[06/Jul/2026:15:04:37 +0200] [upstream] [3969789] STDOUT: Blitzortung connected
[06/Jul/2026:15:05:37 +0200] [upstream] [3969789] STDOUT: Blitzortung WebSocket closed. Reconnecting in 5 seconds...
[06/Jul/2026:15:05:42 +0200] [upstream] [3969789] STDOUT: Blitzortung connected
[06/Jul/2026:15:06:42 +0200] [upstream] [3969789] STDOUT: Blitzortung WebSocket closed. Reconnecting in 5 seconds...
[06/Jul/2026:15:06:47 +0200] [upstream] [3969789] STDOUT: Blitzortung connected
[06/Jul/2026:15:07:47 +0200] [upstream] [3969789] STDOUT: Blitzortung WebSocket closed. Reconnecting in 5 seconds...
[06/Jul/2026:15:07:52 +0200] [upstream] [3969789] STDOUT: Blitzortung connected
[06/Jul/2026:15:08:52 +0200] [upstream] [3969789] STDOUT: Blitzortung WebSocket closed. Reconnecting in 5 seconds...
[06/Jul/2026:15:08:57 +0200] [upstream] [3969789] STDOUT: Blitzortung connected
[06/Jul/2026:15:09:57 +0200] [upstream] [3969789] STDOUT: Blitzortung WebSocket closed. Reconnecting in 5 seconds...
[06/Jul/2026:15:10:02 +0200] [upstream] [3969789] STDOUT: Blitzortung connected
[06/Jul/2026:15:11:02 +0200] [upstream] [3969789] STDOUT: Blitzortung WebSocket closed. Reconnecting in 5 seconds...
[06/Jul/2026:15:11:07 +0200] [upstream] [3969789] STDOUT: Blitzortung connected
[06/Jul/2026:15:12:07 +0200] [upstream] [3969789] STDOUT: Blitzortung WebSocket closed. Reconnecting in 5 seconds...
[06/Jul/2026:15:12:12 +0200] [upstream] [3969789] STDOUT: Blitzortung connected
[06/Jul/2026:15:13:12 +0200] [upstream] [3969789] STDOUT: Blitzortung WebSocket closed. Reconnecting in 5 seconds...
[06/Jul/2026:15:13:18 +0200] [upstream] [3969789] STDOUT: Blitzortung connected
[06/Jul/2026:15:14:18 +0200] [upstream] [3969789] STDOUT: Blitzortung WebSocket closed. Reconnecting in 5 seconds...
[06/Jul/2026:15:14:23 +0200] [upstream] [3969789] STDOUT: Blitzortung connected
[06/Jul/2026:15:15:23 +0200] [upstream] [3969789] STDOUT: Blitzortung WebSocket closed. Reconnecting in 5 seconds...
[06/Jul/2026:15:15:28 +0200] [upstream] [3969789] STDOUT: Blitzortung connected
[06/Jul/2026:15:16:28 +0200] [upstream] [3969789] STDOUT: Blitzortung WebSocket closed. Reconnecting in 5 seconds...
[06/Jul/2026:15:16:33 +0200] [upstream] [3969789] STDOUT: Blitzortung connected
[06/Jul/2026:15:17:33 +0200] [upstream] [3969789] STDOUT: Blitzortung WebSocket closed. Reconnecting in 5 seconds...
[06/Jul/2026:15:17:38 +0200] [upstream] [3969789] STDOUT: Blitzortung connected
[06/Jul/2026:15:18:38 +0200] [upstream] [3969789] STDOUT: Blitzortung WebSocket closed. Reconnecting in 5 seconds...
[06/Jul/2026:15:18:43 +0200] [upstream] [3969789] STDOUT: Blitzortung connected
[06/Jul/2026:15:19:43 +0200] [upstream] [3969789] STDOUT: Blitzortung WebSocket closed. Reconnecting in 5 seconds...
[06/Jul/2026:15:19:48 +0200] [upstream] [3969789] STDOUT: Blitzortung connected
[06/Jul/2026:15:20:48 +0200] [upstream] [3969789] STDOUT: Blitzortung WebSocket closed. Reconnecting in 5 seconds...
[06/Jul/2026:15:20:53 +0200] [upstream] [3969789] STDOUT: Blitzortung connected
[06/Jul/2026:15:21:53 +0200] [upstream] [3969789] STDOUT: Blitzortung WebSocket closed. Reconnecting in 5 seconds...
[06/Jul/2026:15:21:59 +0200] [upstream] [3969789] STDOUT: Blitzortung connected
[06/Jul/2026:15:22:59 +0200] [upstream] [3969789] STDOUT: Blitzortung WebSocket closed. Reconnecting in 5 seconds...
[06/Jul/2026:15:23:04 +0200] [upstream] [3969789] STDOUT: Blitzortung connected
[06/Jul/2026:15:24:04 +0200] [upstream] [3969789] STDOUT: Blitzortung WebSocket closed. Reconnecting in 5 seconds...
[06/Jul/2026:15:24:09 +0200] [upstream] [3969789] STDOUT: Blitzortung connected
[06/Jul/2026:15:25:09 +0200] [upstream] [3969789] STDOUT: Blitzortung WebSocket closed. Reconnecting in 5 seconds...
[06/Jul/2026:15:25:14 +0200] [upstream] [3969789] STDOUT: Blitzortung connected
[06/Jul/2026:15:26:14 +0200] [upstream] [3969789] STDOUT: Blitzortung WebSocket closed. Reconnecting in 5 seconds...
[06/Jul/2026:15:26:19 +0200] [upstream] [3969789] STDOUT: Blitzortung connected
[06/Jul/2026:15:27:19 +0200] [upstream] [3969789] STDOUT: Blitzortung WebSocket closed. Reconnecting in 5 seconds...
[06/Jul/2026:15:27:24 +0200] [upstream] [3969789] STDOUT: Blitzortung connected
[06/Jul/2026:15:28:24 +0200] [upstream] [3969789] STDOUT: Blitzortung WebSocket closed. Reconnecting in 5 seconds...
[06/Jul/2026:15:28:29 +0200] [upstream] [3969789] STDOUT: Blitzortung connected
[06/Jul/2026:15:29:29 +0200] [upstream] [3969789] STDOUT: Blitzortung WebSocket closed. Reconnecting in 5 seconds...
[06/Jul/2026:15:29:34 +0200] [upstream] [3969789] STDOUT: Blitzortung connected
[06/Jul/2026:15:30:34 +0200] [upstream] [3969789] STDOUT: Blitzortung WebSocket closed. Reconnecting in 5 seconds...
[06/Jul/2026:15:30:39 +0200] [upstream] [3969789] STDOUT: Blitzortung connected
[06/Jul/2026:15:31:39 +0200] [upstream] [3969789] STDOUT: Blitzortung WebSocket closed. Reconnecting in 5 seconds...
[06/Jul/2026:15:31:45 +0200] [upstream] [3969789] STDOUT: Blitzortung connected
[06/Jul/2026:15:32:45 +0200] [upstream] [3969789] STDOUT: Blitzortung WebSocket closed. Reconnecting in 5 seconds...
[06/Jul/2026:15:32:50 +0200] [upstream] [3969789] STDOUT: Blitzortung connected
[06/Jul/2026:15:33:50 +0200] [upstream] [3969789] STDOUT: Blitzortung WebSocket closed. Reconnecting in 5 seconds...
[06/Jul/2026:15:33:55 +0200] [upstream] [3969789] STDOUT: Blitzortung connected
[06/Jul/2026:15:34:55 +0200] [upstream] [3969789] STDOUT: Blitzortung WebSocket closed. Reconnecting in 5 seconds...
[06/Jul/2026:15:35:00 +0200] [upstream] [3969789] STDOUT: Blitzortung connected
[06/Jul/2026:15:36:00 +0200] [upstream] [3969789] STDOUT: Blitzortung WebSocket closed. Reconnecting in 5 seconds...
[06/Jul/2026:15:36:05 +0200] [upstream] [3969789] STDOUT: Blitzortung connected
[06/Jul/2026:15:37:05 +0200] [upstream] [3969789] STDOUT: Blitzortung WebSocket closed. Reconnecting in 5 seconds...
[06/Jul/2026:15:37:10 +0200] [upstream] [3969789] STDOUT: Blitzortung connected
[06/Jul/2026:15:38:10 +0200] [upstream] [3969789] STDOUT: Blitzortung WebSocket closed. Reconnecting in 5 seconds...
[06/Jul/2026:15:38:15 +0200] [upstream] [3969789] STDOUT: Blitzortung connected
[06/Jul/2026:15:39:15 +0200] [upstream] [3969789] STDOUT: Blitzortung WebSocket closed. Reconnecting in 5 seconds...
[06/Jul/2026:15:39:20 +0200] [upstream] [3969789] STDOUT: Blitzortung connected
[06/Jul/2026:15:40:20 +0200] [upstream] [3969789] STDOUT: Blitzortung WebSocket closed. Reconnecting in 5 seconds...
[06/Jul/2026:15:40:26 +0200] [upstream] [3969789] STDOUT: Blitzortung connected
[06/Jul/2026:15:41:26 +0200] [upstream] [3969789] STDOUT: Blitzortung WebSocket closed. Reconnecting in 5 seconds...
[06/Jul/2026:15:41:31 +0200] [upstream] [3969789] STDOUT: Blitzortung connected
[06/Jul/2026:15:42:31 +0200] [upstream] [3969789] STDOUT: Blitzortung WebSocket closed. Reconnecting in 5 seconds...
[06/Jul/2026:15:42:36 +0200] [upstream] [3969789] STDOUT: Blitzortung connected
[06/Jul/2026:15:43:36 +0200] [upstream] [3969789] STDOUT: Blitzortung WebSocket closed. Reconnecting in 5 seconds...
[06/Jul/2026:15:43:41 +0200] [upstream] [3969789] STDOUT: Blitzortung connected
[06/Jul/2026:15:44:41 +0200] [upstream] [3969789] STDOUT: Blitzortung WebSocket closed. Reconnecting in 5 seconds...
[06/Jul/2026:15:44:46 +0200] [upstream] [3969789] STDOUT: Blitzortung connected
[06/Jul/2026:15:45:46 +0200] [upstream] [3969789] STDOUT: Blitzortung WebSocket closed. Reconnecting in 5 seconds...
[06/Jul/2026:15:45:51 +0200] [upstream] [3969789] STDOUT: Blitzortung connected
[06/Jul/2026:15:46:51 +0200] [upstream] [3969789] STDOUT: Blitzortung WebSocket closed. Reconnecting in 5 seconds...
[06/Jul/2026:15:46:56 +0200] [upstream] [3969789] STDOUT: Blitzortung connected
[06/Jul/2026:15:47:56 +0200] [upstream] [3969789] STDOUT: Blitzortung WebSocket closed. Reconnecting in 5 seconds...
[06/Jul/2026:15:48:01 +0200] [upstream] [3969789] STDOUT: Blitzortung connected
[06/Jul/2026:15:49:01 +0200] [upstream] [3969789] STDOUT: Blitzortung WebSocket closed. Reconnecting in 5 seconds...
[06/Jul/2026:15:49:07 +0200] [upstream] [3969789] STDOUT: Blitzortung connected
[06/Jul/2026:15:50:07 +0200] [upstream] [3969789] STDOUT: Blitzortung WebSocket closed. Reconnecting in 5 seconds...
[06/Jul/2026:15:50:12 +0200] [upstream] [3969789] STDOUT: Blitzortung connected
[06/Jul/2026:15:51:12 +0200] [upstream] [3969789] STDOUT: Blitzortung WebSocket closed. Reconnecting in 5 seconds...
[06/Jul/2026:15:51:17 +0200] [upstream] [3969789] STDOUT: Blitzortung connected
[06/Jul/2026:15:52:17 +0200] [upstream] [3969789] STDOUT: Blitzortung WebSocket closed. Reconnecting in 5 seconds...
[06/Jul/2026:15:52:22 +0200] [upstream] [3969789] STDOUT: Blitzortung connected
[06/Jul/2026:15:53:22 +0200] [upstream] [3969789] STDOUT: Blitzortung WebSocket closed. Reconnecting in 5 seconds...
[06/Jul/2026:15:53:27 +0200] [upstream] [3969789] STDOUT: Blitzortung connected
[06/Jul/2026:15:54:27 +0200] [upstream] [3969789] STDOUT: Blitzortung WebSocket closed. Reconnecting in 5 seconds...
[06/Jul/2026:15:54:32 +0200] [upstream] [3969789] STDOUT: Blitzortung connected
[06/Jul/2026:15:55:32 +0200] [upstream] [3969789] STDOUT: Blitzortung WebSocket closed. Reconnecting in 5 seconds...
[06/Jul/2026:15:55:37 +0200] [upstream] [3969789] STDOUT: Blitzortung connected
[06/Jul/2026:15:56:37 +0200] [upstream] [3969789] STDOUT: Blitzortung WebSocket closed. Reconnecting in 5 seconds...
[06/Jul/2026:15:56:42 +0200] [upstream] [3969789] STDOUT: Blitzortung connected
[06/Jul/2026:15:57:42 +0200] [upstream] [3969789] STDOUT: Blitzortung WebSocket closed. Reconnecting in 5 seconds...
[06/Jul/2026:15:57:48 +0200] [upstream] [3969789] STDOUT: Blitzortung connected
[06/Jul/2026:15:58:48 +0200] [upstream] [3969789] STDOUT: Blitzortung WebSocket closed. Reconnecting in 5 seconds...
[06/Jul/2026:15:58:53 +0200] [upstream] [3969789] STDOUT: Blitzortung connected
[06/Jul/2026:15:59:53 +0200] [upstream] [3969789] STDOUT: Blitzortung WebSocket closed. Reconnecting in 5 seconds...
[06/Jul/2026:15:59:58 +0200] [upstream] [3969789] STDOUT: Blitzortung connected
[06/Jul/2026:16:00:58 +0200] [upstream] [3969789] STDOUT: Blitzortung WebSocket closed. Reconnecting in 5 seconds...
[06/Jul/2026:16:01:03 +0200] [upstream] [3969789] STDOUT: Blitzortung connected
[06/Jul/2026:16:02:03 +0200] [upstream] [3969789] STDOUT: Blitzortung WebSocket closed. Reconnecting in 5 seconds...
[06/Jul/2026:16:02:08 +0200] [upstream] [3969789] STDOUT: Blitzortung connected
[06/Jul/2026:16:03:08 +0200] [upstream] [3969789] STDOUT: Blitzortung WebSocket closed. Reconnecting in 5 seconds...
[06/Jul/2026:16:03:13 +0200] [upstream] [3969789] STDOUT: Blitzortung connected
[06/Jul/2026:16:04:13 +0200] [upstream] [3969789] STDOUT: Blitzortung WebSocket closed. Reconnecting in 5 seconds...
[06/Jul/2026:16:04:18 +0200] [upstream] [3969789] STDOUT: Blitzortung connected
[06/Jul/2026:16:05:18 +0200] [upstream] [3969789] STDOUT: Blitzortung WebSocket closed. Reconnecting in 5 seconds...
[06/Jul/2026:16:05:23 +0200] [upstream] [3969789] STDOUT: Blitzortung connected
[06/Jul/2026:16:06:23 +0200] [upstream] [3969789] STDOUT: Blitzortung WebSocket closed. Reconnecting in 5 seconds...
[06/Jul/2026:16:06:29 +0200] [upstream] [3969789] STDOUT: Blitzortung connected
[06/Jul/2026:16:07:29 +0200] [upstream] [3969789] STDOUT: Blitzortung WebSocket closed. Reconnecting in 5 seconds...
[06/Jul/2026:16:07:34 +0200] [upstream] [3969789] STDOUT: Blitzortung connected
[06/Jul/2026:16:08:34 +0200] [upstream] [3969789] STDOUT: Blitzortung WebSocket closed. Reconnecting in 5 seconds...
[06/Jul/2026:16:08:39 +0200] [upstream] [3969789] STDOUT: Blitzortung connected
[06/Jul/2026:16:09:39 +0200] [upstream] [3969789] STDOUT: Blitzortung WebSocket closed. Reconnecting in 5 seconds...
[06/Jul/2026:16:09:44 +0200] [upstream] [3969789] STDOUT: Blitzortung connected
[06/Jul/2026:16:10:44 +0200] [upstream] [3969789] STDOUT: Blitzortung WebSocket closed. Reconnecting in 5 seconds...
[06/Jul/2026:16:10:49 +0200] [upstream] [3969789] STDOUT: Blitzortung connected
[06/Jul/2026:16:11:49 +0200] [upstream] [3969789] STDOUT: Blitzortung WebSocket closed. Reconnecting in 5 seconds...
[06/Jul/2026:16:11:54 +0200] [upstream] [3969789] STDOUT: Blitzortung connected
[06/Jul/2026:16:12:54 +0200] [upstream] [3969789] STDOUT: Blitzortung WebSocket closed. Reconnecting in 5 seconds...
[06/Jul/2026:16:12:59 +0200] [upstream] [3969789] STDOUT: Blitzortung connected
[06/Jul/2026:16:13:59 +0200] [upstream] [3969789] STDOUT: Blitzortung WebSocket closed. Reconnecting in 5 seconds...
[06/Jul/2026:16:14:04 +0200] [upstream] [3969789] STDOUT: Blitzortung connected
[06/Jul/2026:16:15:04 +0200] [upstream] [3969789] STDOUT: Blitzortung WebSocket closed. Reconnecting in 5 seconds...
[06/Jul/2026:16:15:10 +0200] [upstream] [3969789] STDOUT: Blitzortung connected
[06/Jul/2026:16:16:10 +0200] [upstream] [3969789] STDOUT: Blitzortung WebSocket closed. Reconnecting in 5 seconds...
[06/Jul/2026:16:16:15 +0200] [upstream] [3969789] STDOUT: Blitzortung connected
[06/Jul/2026:16:17:15 +0200] [upstream] [3969789] STDOUT: Blitzortung WebSocket closed. Reconnecting in 5 seconds...
[06/Jul/2026:16:17:20 +0200] [upstream] [3969789] STDOUT: Blitzortung connected
[06/Jul/2026:16:18:20 +0200] [upstream] [3969789] STDOUT: Blitzortung WebSocket closed. Reconnecting in 5 seconds...
[06/Jul/2026:16:18:25 +0200] [upstream] [3969789] STDOUT: Blitzortung connected
[06/Jul/2026:16:19:25 +0200] [upstream] [3969789] STDOUT: Blitzortung WebSocket closed. Reconnecting in 5 seconds...
[06/Jul/2026:16:19:30 +0200] [upstream] [3969789] STDOUT: Blitzortung connected
[06/Jul/2026:16:20:30 +0200] [upstream] [3969789] STDOUT: Blitzortung WebSocket closed. Reconnecting in 5 seconds...
[06/Jul/2026:16:20:35 +0200] [upstream] [3969789] STDOUT: Blitzortung connected
[06/Jul/2026:16:21:35 +0200] [upstream] [3969789] STDOUT: Blitzortung WebSocket closed. Reconnecting in 5 seconds...
[06/Jul/2026:16:21:40 +0200] [upstream] [3969789] STDOUT: Blitzortung connected
[06/Jul/2026:16:22:40 +0200] [upstream] [3969789] STDOUT: Blitzortung WebSocket closed. Reconnecting in 5 seconds...
[06/Jul/2026:16:22:45 +0200] [upstream] [3969789] STDOUT: Blitzortung connected
[06/Jul/2026:16:23:45 +0200] [upstream] [3969789] STDOUT: Blitzortung WebSocket closed. Reconnecting in 5 seconds...
[06/Jul/2026:16:23:51 +0200] [upstream] [3969789] STDOUT: Blitzortung connected
[06/Jul/2026:16:24:51 +0200] [upstream] [3969789] STDOUT: Blitzortung WebSocket closed. Reconnecting in 5 seconds...
[06/Jul/2026:16:24:56 +0200] [upstream] [3969789] STDOUT: Blitzortung connected
[06/Jul/2026:16:25:56 +0200] [upstream] [3969789] STDOUT: Blitzortung WebSocket closed. Reconnecting in 5 seconds...
[06/Jul/2026:16:26:01 +0200] [upstream] [3969789] STDOUT: Blitzortung connected
[06/Jul/2026:16:27:01 +0200] [upstream] [3969789] STDOUT: Blitzortung WebSocket closed. Reconnecting in 5 seconds...
[06/Jul/2026:16:27:06 +0200] [upstream] [3969789] STDOUT: Blitzortung connected
[06/Jul/2026:16:28:06 +0200] [upstream] [3969789] STDOUT: Blitzortung WebSocket closed. Reconnecting in 5 seconds...
[06/Jul/2026:16:28:11 +0200] [upstream] [3969789] STDOUT: Blitzortung connected
[06/Jul/2026:16:29:11 +0200] [upstream] [3969789] STDOUT: Blitzortung WebSocket closed. Reconnecting in 5 seconds...
[06/Jul/2026:16:29:16 +0200] [upstream] [3969789] STDOUT: Blitzortung connected
[06/Jul/2026:16:30:16 +0200] [upstream] [3969789] STDOUT: Blitzortung WebSocket closed. Reconnecting in 5 seconds...
[06/Jul/2026:16:30:21 +0200] [upstream] [3969789] STDOUT: Blitzortung connected
[06/Jul/2026:16:31:21 +0200] [upstream] [3969789] STDOUT: Blitzortung WebSocket closed. Reconnecting in 5 seconds...
[06/Jul/2026:16:31:26 +0200] [upstream] [3969789] STDOUT: Blitzortung connected
[06/Jul/2026:16:32:26 +0200] [upstream] [3969789] STDOUT: Blitzortung WebSocket closed. Reconnecting in 5 seconds...
[06/Jul/2026:16:32:31 +0200] [upstream] [3969789] STDOUT: Blitzortung connected
[06/Jul/2026:16:33:31 +0200] [upstream] [3969789] STDOUT: Blitzortung WebSocket closed. Reconnecting in 5 seconds...
[06/Jul/2026:16:33:37 +0200] [upstream] [3969789] STDOUT: Blitzortung connected
[06/Jul/2026:16:34:37 +0200] [upstream] [3969789] STDOUT: Blitzortung WebSocket closed. Reconnecting in 5 seconds...
[06/Jul/2026:16:34:42 +0200] [upstream] [3969789] STDOUT: Blitzortung connected
[06/Jul/2026:16:35:42 +0200] [upstream] [3969789] STDOUT: Blitzortung WebSocket closed. Reconnecting in 5 seconds...
[06/Jul/2026:16:35:47 +0200] [upstream] [3969789] STDOUT: Blitzortung connected
[06/Jul/2026:16:36:47 +0200] [upstream] [3969789] STDOUT: Blitzortung WebSocket closed. Reconnecting in 5 seconds...
[06/Jul/2026:16:36:52 +0200] [upstream] [3969789] STDOUT: Blitzortung connected
[06/Jul/2026:16:37:52 +0200] [upstream] [3969789] STDOUT: Blitzortung WebSocket closed. Reconnecting in 5 seconds...
[06/Jul/2026:16:37:57 +0200] [upstream] [3969789] STDOUT: Blitzortung connected
[06/Jul/2026:16:38:57 +0200] [upstream] [3969789] STDOUT: Blitzortung WebSocket closed. Reconnecting in 5 seconds...
[06/Jul/2026:16:39:02 +0200] [upstream] [3969789] STDOUT: Blitzortung connected
[06/Jul/2026:16:40:02 +0200] [upstream] [3969789] STDOUT: Blitzortung WebSocket closed. Reconnecting in 5 seconds...
[06/Jul/2026:16:40:07 +0200] [upstream] [3969789] STDOUT: Blitzortung connected
[06/Jul/2026:16:41:07 +0200] [upstream] [3969789] STDOUT: Blitzortung WebSocket closed. Reconnecting in 5 seconds...
[06/Jul/2026:16:41:12 +0200] [upstream] [3969789] STDOUT: Blitzortung connected
[06/Jul/2026:16:42:12 +0200] [upstream] [3969789] STDOUT: Blitzortung WebSocket closed. Reconnecting in 5 seconds...
[06/Jul/2026:16:42:18 +0200] [upstream] [3969789] STDOUT: Blitzortung connected
[06/Jul/2026:16:43:18 +0200] [upstream] [3969789] STDOUT: Blitzortung WebSocket closed. Reconnecting in 5 seconds...
[06/Jul/2026:16:43:23 +0200] [upstream] [3969789] STDOUT: Blitzortung connected
[06/Jul/2026:16:44:23 +0200] [upstream] [3969789] STDOUT: Blitzortung WebSocket closed. Reconnecting in 5 seconds...
[06/Jul/2026:16:44:28 +0200] [upstream] [3969789] STDOUT: Blitzortung connected
[06/Jul/2026:16:45:28 +0200] [upstream] [3969789] STDOUT: Blitzortung WebSocket closed. Reconnecting in 5 seconds...
[06/Jul/2026:16:45:33 +0200] [upstream] [3969789] STDOUT: Blitzortung connected
[06/Jul/2026:16:46:33 +0200] [upstream] [3969789] STDOUT: Blitzortung WebSocket closed. Reconnecting in 5 seconds...
[06/Jul/2026:16:46:38 +0200] [upstream] [3969789] STDOUT: Blitzortung connected
[06/Jul/2026:16:47:38 +0200] [upstream] [3969789] STDOUT: Blitzortung WebSocket closed. Reconnecting in 5 seconds...
[06/Jul/2026:16:47:43 +0200] [upstream] [3969789] STDOUT: Blitzortung connected
[06/Jul/2026:16:48:43 +0200] [upstream] [3969789] STDOUT: Blitzortung WebSocket closed. Reconnecting in 5 seconds...
[06/Jul/2026:16:48:48 +0200] [upstream] [3969789] STDOUT: Blitzortung connected
[06/Jul/2026:16:49:48 +0200] [upstream] [3969789] STDOUT: Blitzortung WebSocket closed. Reconnecting in 5 seconds...
[06/Jul/2026:16:49:53 +0200] [upstream] [3969789] STDOUT: Blitzortung connected
[06/Jul/2026:16:50:53 +0200] [upstream] [3969789] STDOUT: Blitzortung WebSocket closed. Reconnecting in 5 seconds...
[06/Jul/2026:16:50:59 +0200] [upstream] [3969789] STDOUT: Blitzortung connected
[06/Jul/2026:16:51:59 +0200] [upstream] [3969789] STDOUT: Blitzortung WebSocket closed. Reconnecting in 5 seconds...
[06/Jul/2026:16:52:04 +0200] [upstream] [3969789] STDOUT: Blitzortung connected
[06/Jul/2026:16:53:04 +0200] [upstream] [3969789] STDOUT: Blitzortung WebSocket closed. Reconnecting in 5 seconds...
[06/Jul/2026:16:53:09 +0200] [upstream] [3969789] STDOUT: Blitzortung connected
[06/Jul/2026:16:54:09 +0200] [upstream] [3969789] STDOUT: Blitzortung WebSocket closed. Reconnecting in 5 seconds...
[06/Jul/2026:16:54:14 +0200] [upstream] [3969789] STDOUT: Blitzortung connected
[06/Jul/2026:16:55:14 +0200] [upstream] [3969789] STDOUT: Blitzortung WebSocket closed. Reconnecting in 5 seconds...
[06/Jul/2026:16:55:19 +0200] [upstream] [3969789] STDOUT: Blitzortung connected
[06/Jul/2026:16:56:19 +0200] [upstream] [3969789] STDOUT: Blitzortung WebSocket closed. Reconnecting in 5 seconds...
[06/Jul/2026:16:56:24 +0200] [upstream] [3969789] STDOUT: Blitzortung connected
[06/Jul/2026:16:57:24 +0200] [upstream] [3969789] STDOUT: Blitzortung WebSocket closed. Reconnecting in 5 seconds...
[06/Jul/2026:16:57:29 +0200] [upstream] [3969789] STDOUT: Blitzortung connected
[06/Jul/2026:16:58:29 +0200] [upstream] [3969789] STDOUT: Blitzortung WebSocket closed. Reconnecting in 5 seconds...
[06/Jul/2026:16:58:34 +0200] [upstream] [3969789] STDOUT: Blitzortung connected
[06/Jul/2026:16:59:34 +0200] [upstream] [3969789] STDOUT: Blitzortung WebSocket closed. Reconnecting in 5 seconds...
[06/Jul/2026:16:59:40 +0200] [upstream] [3969789] STDOUT: Blitzortung connected
[06/Jul/2026:17:00:40 +0200] [upstream] [3969789] STDOUT: Blitzortung WebSocket closed. Reconnecting in 5 seconds...
[06/Jul/2026:17:00:45 +0200] [upstream] [3969789] STDOUT: Blitzortung connected
[06/Jul/2026:17:01:45 +0200] [upstream] [3969789] STDOUT: Blitzortung WebSocket closed. Reconnecting in 5 seconds...
[06/Jul/2026:17:01:50 +0200] [upstream] [3969789] STDOUT: Blitzortung connected
[06/Jul/2026:17:02:50 +0200] [upstream] [3969789] STDOUT: Blitzortung WebSocket closed. Reconnecting in 5 seconds...
[06/Jul/2026:17:02:55 +0200] [upstream] [3969789] STDOUT: Blitzortung connected
[06/Jul/2026:17:03:55 +0200] [upstream] [3969789] STDOUT: Blitzortung WebSocket closed. Reconnecting in 5 seconds...
[06/Jul/2026:17:04:00 +0200] [upstream] [3969789] STDOUT: Blitzortung connected
[06/Jul/2026:17:05:00 +0200] [upstream] [3969789] STDOUT: Blitzortung WebSocket closed. Reconnecting in 5 seconds...
[06/Jul/2026:17:05:05 +0200] [upstream] [3969789] STDOUT: Blitzortung connected
[06/Jul/2026:17:06:05 +0200] [upstream] [3969789] STDOUT: Blitzortung WebSocket closed. Reconnecting in 5 seconds...
[06/Jul/2026:17:06:10 +0200] [upstream] [3969789] STDOUT: Blitzortung connected
[06/Jul/2026:17:07:10 +0200] [upstream] [3969789] STDOUT: Blitzortung WebSocket closed. Reconnecting in 5 seconds...
[06/Jul/2026:17:07:15 +0200] [upstream] [3969789] STDOUT: Blitzortung connected
[06/Jul/2026:17:08:15 +0200] [upstream] [3969789] STDOUT: Blitzortung WebSocket closed. Reconnecting in 5 seconds...
[06/Jul/2026:17:08:21 +0200] [upstream] [3969789] STDOUT: Blitzortung connected
[06/Jul/2026:17:09:21 +0200] [upstream] [3969789] STDOUT: Blitzortung WebSocket closed. Reconnecting in 5 seconds...
[06/Jul/2026:17:09:26 +0200] [upstream] [3969789] STDOUT: Blitzortung connected
[06/Jul/2026:17:10:26 +0200] [upstream] [3969789] STDOUT: Blitzortung WebSocket closed. Reconnecting in 5 seconds...
[06/Jul/2026:17:10:31 +0200] [upstream] [3969789] STDOUT: Blitzortung connected
[06/Jul/2026:17:11:31 +0200] [upstream] [3969789] STDOUT: Blitzortung WebSocket closed. Reconnecting in 5 seconds...
[06/Jul/2026:17:11:36 +0200] [upstream] [3969789] STDOUT: Blitzortung connected
[06/Jul/2026:17:12:36 +0200] [upstream] [3969789] STDOUT: Blitzortung WebSocket closed. Reconnecting in 5 seconds...
[06/Jul/2026:17:12:41 +0200] [upstream] [3969789] STDOUT: Blitzortung connected
[06/Jul/2026:17:13:41 +0200] [upstream] [3969789] STDOUT: Blitzortung WebSocket closed. Reconnecting in 5 seconds...
[06/Jul/2026:17:13:46 +0200] [upstream] [3969789] STDOUT: Blitzortung connected
[06/Jul/2026:17:14:46 +0200] [upstream] [3969789] STDOUT: Blitzortung WebSocket closed. Reconnecting in 5 seconds...
[06/Jul/2026:17:14:51 +0200] [upstream] [3969789] STDOUT: Blitzortung connected
[06/Jul/2026:17:15:51 +0200] [upstream] [3969789] STDOUT: Blitzortung WebSocket closed. Reconnecting in 5 seconds...
[06/Jul/2026:17:15:56 +0200] [upstream] [3969789] STDOUT: Blitzortung connected
[06/Jul/2026:17:16:56 +0200] [upstream] [3969789] STDOUT: Blitzortung WebSocket closed. Reconnecting in 5 seconds...
[06/Jul/2026:17:17:02 +0200] [upstream] [3969789] STDOUT: Blitzortung connected
[06/Jul/2026:17:18:02 +0200] [upstream] [3969789] STDOUT: Blitzortung WebSocket closed. Reconnecting in 5 seconds...
[06/Jul/2026:17:18:07 +0200] [upstream] [3969789] STDOUT: Blitzortung connected
[06/Jul/2026:17:19:07 +0200] [upstream] [3969789] STDOUT: Blitzortung WebSocket closed. Reconnecting in 5 seconds...
[06/Jul/2026:17:19:12 +0200] [upstream] [3969789] STDOUT: Blitzortung connected
[06/Jul/2026:17:20:12 +0200] [upstream] [3969789] STDOUT: Blitzortung WebSocket closed. Reconnecting in 5 seconds...
[06/Jul/2026:17:20:17 +0200] [upstream] [3969789] STDOUT: Blitzortung connected
[06/Jul/2026:17:21:17 +0200] [upstream] [3969789] STDOUT: Blitzortung WebSocket closed. Reconnecting in 5 seconds...
[06/Jul/2026:17:21:22 +0200] [upstream] [3969789] STDOUT: Blitzortung connected
[06/Jul/2026:17:22:22 +0200] [upstream] [3969789] STDOUT: Blitzortung WebSocket closed. Reconnecting in 5 seconds...
[06/Jul/2026:17:22:27 +0200] [upstream] [3969789] STDOUT: Blitzortung connected
[06/Jul/2026:17:23:27 +0200] [upstream] [3969789] STDOUT: Blitzortung WebSocket closed. Reconnecting in 5 seconds...
[06/Jul/2026:17:23:32 +0200] [upstream] [3969789] STDOUT: Blitzortung connected
[06/Jul/2026:17:24:32 +0200] [upstream] [3969789] STDOUT: Blitzortung WebSocket closed. Reconnecting in 5 seconds...
[06/Jul/2026:17:24:37 +0200] [upstream] [3969789] STDOUT: Blitzortung connected
[06/Jul/2026:17:25:37 +0200] [upstream] [3969789] STDOUT: Blitzortung WebSocket closed. Reconnecting in 5 seconds...
[06/Jul/2026:17:25:43 +0200] [upstream] [3969789] STDOUT: Blitzortung connected
[06/Jul/2026:17:26:43 +0200] [upstream] [3969789] STDOUT: Blitzortung WebSocket closed. Reconnecting in 5 seconds...
[06/Jul/2026:17:26:48 +0200] [upstream] [3969789] STDOUT: Blitzortung connected
[06/Jul/2026:17:27:48 +0200] [upstream] [3969789] STDOUT: Blitzortung WebSocket closed. Reconnecting in 5 seconds...
[06/Jul/2026:17:27:53 +0200] [upstream] [3969789] STDOUT: Blitzortung connected
[06/Jul/2026:17:28:53 +0200] [upstream] [3969789] STDOUT: Blitzortung WebSocket closed. Reconnecting in 5 seconds...
[06/Jul/2026:17:28:58 +0200] [upstream] [3969789] STDOUT: Blitzortung connected
[06/Jul/2026:17:29:58 +0200] [upstream] [3969789] STDOUT: Blitzortung WebSocket closed. Reconnecting in 5 seconds...
[06/Jul/2026:17:30:03 +0200] [upstream] [3969789] STDOUT: Blitzortung connected
[06/Jul/2026:17:31:03 +0200] [upstream] [3969789] STDOUT: Blitzortung WebSocket closed. Reconnecting in 5 seconds...
[06/Jul/2026:17:31:08 +0200] [upstream] [3969789] STDOUT: Blitzortung connected
[06/Jul/2026:17:32:08 +0200] [upstream] [3969789] STDOUT: Blitzortung WebSocket closed. Reconnecting in 5 seconds...
[06/Jul/2026:17:32:13 +0200] [upstream] [3969789] STDOUT: Blitzortung connected
[06/Jul/2026:17:33:13 +0200] [upstream] [3969789] STDOUT: Blitzortung WebSocket closed. Reconnecting in 5 seconds...
[06/Jul/2026:17:33:18 +0200] [upstream] [3969789] STDOUT: Blitzortung connected
[06/Jul/2026:17:34:18 +0200] [upstream] [3969789] STDOUT: Blitzortung WebSocket closed. Reconnecting in 5 seconds...
[06/Jul/2026:17:34:23 +0200] [upstream] [3969789] STDOUT: Blitzortung connected
[06/Jul/2026:17:35:23 +0200] [upstream] [3969789] STDOUT: Blitzortung WebSocket closed. Reconnecting in 5 seconds...
[06/Jul/2026:17:35:29 +0200] [upstream] [3969789] STDOUT: Blitzortung connected
[06/Jul/2026:17:36:29 +0200] [upstream] [3969789] STDOUT: Blitzortung WebSocket closed. Reconnecting in 5 seconds...
[06/Jul/2026:17:36:34 +0200] [upstream] [3969789] STDOUT: Blitzortung connected
[06/Jul/2026:17:37:34 +0200] [upstream] [3969789] STDOUT: Blitzortung WebSocket closed. Reconnecting in 5 seconds...
[06/Jul/2026:17:37:39 +0200] [upstream] [3969789] STDOUT: Blitzortung connected
[06/Jul/2026:17:38:39 +0200] [upstream] [3969789] STDOUT: Blitzortung WebSocket closed. Reconnecting in 5 seconds...
[06/Jul/2026:17:38:44 +0200] [upstream] [3969789] STDOUT: Blitzortung connected
[06/Jul/2026:17:39:44 +0200] [upstream] [3969789] STDOUT: Blitzortung WebSocket closed. Reconnecting in 5 seconds...
[06/Jul/2026:17:39:49 +0200] [upstream] [3969789] STDOUT: Blitzortung connected
[06/Jul/2026:17:40:49 +0200] [upstream] [3969789] STDOUT: Blitzortung WebSocket closed. Reconnecting in 5 seconds...
[06/Jul/2026:17:40:54 +0200] [upstream] [3969789] STDOUT: Blitzortung connected
[06/Jul/2026:17:41:54 +0200] [upstream] [3969789] STDOUT: Blitzortung WebSocket closed. Reconnecting in 5 seconds...
[06/Jul/2026:17:41:59 +0200] [upstream] [3969789] STDOUT: Blitzortung connected
[06/Jul/2026:17:42:59 +0200] [upstream] [3969789] STDOUT: Blitzortung WebSocket closed. Reconnecting in 5 seconds...
[06/Jul/2026:17:43:04 +0200] [upstream] [3969789] STDOUT: Blitzortung connected
[06/Jul/2026:17:44:04 +0200] [upstream] [3969789] STDOUT: Blitzortung WebSocket closed. Reconnecting in 5 seconds...
[06/Jul/2026:17:44:10 +0200] [upstream] [3969789] STDOUT: Blitzortung connected
[06/Jul/2026:17:45:10 +0200] [upstream] [3969789] STDOUT: Blitzortung WebSocket closed. Reconnecting in 5 seconds...
[06/Jul/2026:17:45:15 +0200] [upstream] [3969789] STDOUT: Blitzortung connected
[06/Jul/2026:17:46:15 +0200] [upstream] [3969789] STDOUT: Blitzortung WebSocket closed. Reconnecting in 5 seconds...
[06/Jul/2026:17:46:20 +0200] [upstream] [3969789] STDOUT: Blitzortung connected
[06/Jul/2026:17:47:20 +0200] [upstream] [3969789] STDOUT: Blitzortung WebSocket closed. Reconnecting in 5 seconds...
[06/Jul/2026:17:47:25 +0200] [upstream] [3969789] STDOUT: Blitzortung connected
[06/Jul/2026:17:48:25 +0200] [upstream] [3969789] STDOUT: Blitzortung WebSocket closed. Reconnecting in 5 seconds...
[06/Jul/2026:17:48:30 +0200] [upstream] [3969789] STDOUT: Blitzortung connected
[06/Jul/2026:17:49:30 +0200] [upstream] [3969789] STDOUT: Blitzortung WebSocket closed. Reconnecting in 5 seconds...
[06/Jul/2026:17:49:35 +0200] [upstream] [3969789] STDOUT: Blitzortung connected
[06/Jul/2026:17:50:35 +0200] [upstream] [3969789] STDOUT: Blitzortung WebSocket closed. Reconnecting in 5 seconds...
[06/Jul/2026:17:50:40 +0200] [upstream] [3969789] STDOUT: Blitzortung connected
[06/Jul/2026:17:51:40 +0200] [upstream] [3969789] STDOUT: Blitzortung WebSocket closed. Reconnecting in 5 seconds...
[06/Jul/2026:17:51:45 +0200] [upstream] [3969789] STDOUT: Blitzortung connected
[06/Jul/2026:17:52:45 +0200] [upstream] [3969789] STDOUT: Blitzortung WebSocket closed. Reconnecting in 5 seconds...
[06/Jul/2026:17:52:51 +0200] [upstream] [3969789] STDOUT: Blitzortung connected
[06/Jul/2026:17:53:51 +0200] [upstream] [3969789] STDOUT: Blitzortung WebSocket closed. Reconnecting in 5 seconds...
[06/Jul/2026:17:53:56 +0200] [upstream] [3969789] STDOUT: Blitzortung connected
[06/Jul/2026:17:54:56 +0200] [upstream] [3969789] STDOUT: Blitzortung WebSocket closed. Reconnecting in 5 seconds...
[06/Jul/2026:17:55:01 +0200] [upstream] [3969789] STDOUT: Blitzortung connected
[06/Jul/2026:17:56:01 +0200] [upstream] [3969789] STDOUT: Blitzortung WebSocket closed. Reconnecting in 5 seconds...
[06/Jul/2026:17:56:06 +0200] [upstream] [3969789] STDOUT: Blitzortung connected
[06/Jul/2026:17:57:06 +0200] [upstream] [3969789] STDOUT: Blitzortung WebSocket closed. Reconnecting in 5 seconds...
[06/Jul/2026:17:57:11 +0200] [upstream] [3969789] STDOUT: Blitzortung connected
[06/Jul/2026:17:58:11 +0200] [upstream] [3969789] STDOUT: Blitzortung WebSocket closed. Reconnecting in 5 seconds...
[06/Jul/2026:17:58:16 +0200] [upstream] [3969789] STDOUT: Blitzortung connected
[06/Jul/2026:17:59:16 +0200] [upstream] [3969789] STDOUT: Blitzortung WebSocket closed. Reconnecting in 5 seconds...
[06/Jul/2026:17:59:21 +0200] [upstream] [3969789] STDOUT: Blitzortung connected
[06/Jul/2026:18:00:21 +0200] [upstream] [3969789] STDOUT: Blitzortung WebSocket closed. Reconnecting in 5 seconds...
[06/Jul/2026:18:00:26 +0200] [upstream] [3969789] STDOUT: Blitzortung connected
[06/Jul/2026:18:01:26 +0200] [upstream] [3969789] STDOUT: Blitzortung WebSocket closed. Reconnecting in 5 seconds...
[06/Jul/2026:18:01:32 +0200] [upstream] [3969789] STDOUT: Blitzortung connected
[06/Jul/2026:18:02:32 +0200] [upstream] [3969789] STDOUT: Blitzortung WebSocket closed. Reconnecting in 5 seconds...
[06/Jul/2026:18:02:37 +0200] [upstream] [3969789] STDOUT: Blitzortung connected
[06/Jul/2026:18:03:37 +0200] [upstream] [3969789] STDOUT: Blitzortung WebSocket closed. Reconnecting in 5 seconds...
[06/Jul/2026:18:03:42 +0200] [upstream] [3969789] STDOUT: Blitzortung connected
[06/Jul/2026:18:04:42 +0200] [upstream] [3969789] STDOUT: Blitzortung WebSocket closed. Reconnecting in 5 seconds...
[06/Jul/2026:18:04:47 +0200] [upstream] [3969789] STDOUT: Blitzortung connected
[06/Jul/2026:18:05:47 +0200] [upstream] [3969789] STDOUT: Blitzortung WebSocket closed. Reconnecting in 5 seconds...
[06/Jul/2026:18:05:52 +0200] [upstream] [3969789] STDOUT: Blitzortung connected
[06/Jul/2026:18:06:52 +0200] [upstream] [3969789] STDOUT: Blitzortung WebSocket closed. Reconnecting in 5 seconds...
[06/Jul/2026:18:06:57 +0200] [upstream] [3969789] STDOUT: Blitzortung connected
[06/Jul/2026:18:07:57 +0200] [upstream] [3969789] STDOUT: Blitzortung WebSocket closed. Reconnecting in 5 seconds...
[06/Jul/2026:18:08:02 +0200] [upstream] [3969789] STDOUT: Blitzortung connected
[06/Jul/2026:18:09:02 +0200] [upstream] [3969789] STDOUT: Blitzortung WebSocket closed. Reconnecting in 5 seconds...
[06/Jul/2026:18:09:07 +0200] [upstream] [3969789] STDOUT: Blitzortung connected
[06/Jul/2026:18:10:07 +0200] [upstream] [3969789] STDOUT: Blitzortung WebSocket closed. Reconnecting in 5 seconds...
[06/Jul/2026:18:10:13 +0200] [upstream] [3969789] STDOUT: Blitzortung connected
[06/Jul/2026:18:11:13 +0200] [upstream] [3969789] STDOUT: Blitzortung WebSocket closed. Reconnecting in 5 seconds...
[06/Jul/2026:18:11:18 +0200] [upstream] [3969789] STDOUT: Blitzortung connected
[06/Jul/2026:18:12:18 +0200] [upstream] [3969789] STDOUT: Blitzortung WebSocket closed. Reconnecting in 5 seconds...
[06/Jul/2026:18:12:23 +0200] [upstream] [3969789] STDOUT: Blitzortung connected
[06/Jul/2026:18:13:23 +0200] [upstream] [3969789] STDOUT: Blitzortung WebSocket closed. Reconnecting in 5 seconds...
[06/Jul/2026:18:13:28 +0200] [upstream] [3969789] STDOUT: Blitzortung connected
[06/Jul/2026:18:14:28 +0200] [upstream] [3969789] STDOUT: Blitzortung WebSocket closed. Reconnecting in 5 seconds...
[06/Jul/2026:18:14:33 +0200] [upstream] [3969789] STDOUT: Blitzortung connected
[06/Jul/2026:18:15:33 +0200] [upstream] [3969789] STDOUT: Blitzortung WebSocket closed. Reconnecting in 5 seconds...
[06/Jul/2026:18:15:38 +0200] [upstream] [3969789] STDOUT: Blitzortung connected
[06/Jul/2026:18:16:38 +0200] [upstream] [3969789] STDOUT: Blitzortung WebSocket closed. Reconnecting in 5 seconds...
[06/Jul/2026:18:16:43 +0200] [upstream] [3969789] STDOUT: Blitzortung connected
[06/Jul/2026:18:17:43 +0200] [upstream] [3969789] STDOUT: Blitzortung WebSocket closed. Reconnecting in 5 seconds...
[06/Jul/2026:18:17:48 +0200] [upstream] [3969789] STDOUT: Blitzortung connected
[06/Jul/2026:18:18:48 +0200] [upstream] [3969789] STDOUT: Blitzortung WebSocket closed. Reconnecting in 5 seconds...
[06/Jul/2026:18:18:54 +0200] [upstream] [3969789] STDOUT: Blitzortung connected
[06/Jul/2026:18:19:54 +0200] [upstream] [3969789] STDOUT: Blitzortung WebSocket closed. Reconnecting in 5 seconds...
[06/Jul/2026:18:19:59 +0200] [upstream] [3969789] STDOUT: Blitzortung connected
[06/Jul/2026:18:20:59 +0200] [upstream] [3969789] STDOUT: Blitzortung WebSocket closed. Reconnecting in 5 seconds...
[06/Jul/2026:18:21:04 +0200] [upstream] [3969789] STDOUT: Blitzortung connected
[06/Jul/2026:18:22:04 +0200] [upstream] [3969789] STDOUT: Blitzortung WebSocket closed. Reconnecting in 5 seconds...
[06/Jul/2026:18:22:09 +0200] [upstream] [3969789] STDOUT: Blitzortung connected
[06/Jul/2026:18:23:09 +0200] [upstream] [3969789] STDOUT: Blitzortung WebSocket closed. Reconnecting in 5 seconds...
[06/Jul/2026:18:23:14 +0200] [upstream] [3969789] STDOUT: Blitzortung connected
[06/Jul/2026:18:24:14 +0200] [upstream] [3969789] STDOUT: Blitzortung WebSocket closed. Reconnecting in 5 seconds...
[06/Jul/2026:18:24:19 +0200] [upstream] [3969789] STDOUT: Blitzortung connected
[06/Jul/2026:18:25:19 +0200] [upstream] [3969789] STDOUT: Blitzortung WebSocket closed. Reconnecting in 5 seconds...
[06/Jul/2026:18:25:24 +0200] [upstream] [3969789] STDOUT: Blitzortung connected
[06/Jul/2026:18:26:24 +0200] [upstream] [3969789] STDOUT: Blitzortung WebSocket closed. Reconnecting in 5 seconds...
[06/Jul/2026:18:26:29 +0200] [upstream] [3969789] STDOUT: Blitzortung connected
[06/Jul/2026:18:27:29 +0200] [upstream] [3969789] STDOUT: Blitzortung WebSocket closed. Reconnecting in 5 seconds...
[06/Jul/2026:18:27:35 +0200] [upstream] [3969789] STDOUT: Blitzortung connected
[06/Jul/2026:18:28:35 +0200] [upstream] [3969789] STDOUT: Blitzortung WebSocket closed. Reconnecting in 5 seconds...
[06/Jul/2026:18:28:40 +0200] [upstream] [3969789] STDOUT: Blitzortung connected
[06/Jul/2026:18:29:40 +0200] [upstream] [3969789] STDOUT: Blitzortung WebSocket closed. Reconnecting in 5 seconds...
[06/Jul/2026:18:29:45 +0200] [upstream] [3969789] STDOUT: Blitzortung connected
[06/Jul/2026:18:30:45 +0200] [upstream] [3969789] STDOUT: Blitzortung WebSocket closed. Reconnecting in 5 seconds...
[06/Jul/2026:18:30:50 +0200] [upstream] [3969789] STDOUT: Blitzortung connected
[06/Jul/2026:18:31:50 +0200] [upstream] [3969789] STDOUT: Blitzortung WebSocket closed. Reconnecting in 5 seconds...
[06/Jul/2026:18:31:55 +0200] [upstream] [3969789] STDOUT: Blitzortung connected
[06/Jul/2026:18:32:55 +0200] [upstream] [3969789] STDOUT: Blitzortung WebSocket closed. Reconnecting in 5 seconds...
[06/Jul/2026:18:33:00 +0200] [upstream] [3969789] STDOUT: Blitzortung connected
[06/Jul/2026:18:34:00 +0200] [upstream] [3969789] STDOUT: Blitzortung WebSocket closed. Reconnecting in 5 seconds...
[06/Jul/2026:18:34:05 +0200] [upstream] [3969789] STDOUT: Blitzortung connected
[06/Jul/2026:18:35:05 +0200] [upstream] [3969789] STDOUT: Blitzortung WebSocket closed. Reconnecting in 5 seconds...
[06/Jul/2026:18:35:10 +0200] [upstream] [3969789] STDOUT: Blitzortung connected
[06/Jul/2026:18:36:10 +0200] [upstream] [3969789] STDOUT: Blitzortung WebSocket closed. Reconnecting in 5 seconds...
[06/Jul/2026:18:36:15 +0200] [upstream] [3969789] STDOUT: Blitzortung connected
[06/Jul/2026:18:37:15 +0200] [upstream] [3969789] STDOUT: Blitzortung WebSocket closed. Reconnecting in 5 seconds...
[06/Jul/2026:18:37:21 +0200] [upstream] [3969789] STDOUT: Blitzortung connected
[06/Jul/2026:18:38:21 +0200] [upstream] [3969789] STDOUT: Blitzortung WebSocket closed. Reconnecting in 5 seconds...
[06/Jul/2026:18:38:26 +0200] [upstream] [3969789] STDOUT: Blitzortung connected
[06/Jul/2026:18:39:26 +0200] [upstream] [3969789] STDOUT: Blitzortung WebSocket closed. Reconnecting in 5 seconds...
[06/Jul/2026:18:39:31 +0200] [upstream] [3969789] STDOUT: Blitzortung connected
[06/Jul/2026:18:40:31 +0200] [upstream] [3969789] STDOUT: Blitzortung WebSocket closed. Reconnecting in 5 seconds...
[06/Jul/2026:18:40:36 +0200] [upstream] [3969789] STDOUT: Blitzortung connected
[06/Jul/2026:18:41:36 +0200] [upstream] [3969789] STDOUT: Blitzortung WebSocket closed. Reconnecting in 5 seconds...
[06/Jul/2026:18:41:41 +0200] [upstream] [3969789] STDOUT: Blitzortung connected
[06/Jul/2026:18:42:41 +0200] [upstream] [3969789] STDOUT: Blitzortung WebSocket closed. Reconnecting in 5 seconds...
[06/Jul/2026:18:42:46 +0200] [upstream] [3969789] STDOUT: Blitzortung connected
[06/Jul/2026:18:43:46 +0200] [upstream] [3969789] STDOUT: Blitzortung WebSocket closed. Reconnecting in 5 seconds...
[06/Jul/2026:18:43:51 +0200] [upstream] [3969789] STDOUT: Blitzortung connected
[06/Jul/2026:18:44:51 +0200] [upstream] [3969789] STDOUT: Blitzortung WebSocket closed. Reconnecting in 5 seconds...
[06/Jul/2026:18:44:56 +0200] [upstream] [3969789] STDOUT: Blitzortung connected
[06/Jul/2026:18:45:56 +0200] [upstream] [3969789] STDOUT: Blitzortung WebSocket closed. Reconnecting in 5 seconds...
[06/Jul/2026:18:46:02 +0200] [upstream] [3969789] STDOUT: Blitzortung connected
[06/Jul/2026:18:47:02 +0200] [upstream] [3969789] STDOUT: Blitzortung WebSocket closed. Reconnecting in 5 seconds...
[06/Jul/2026:18:47:07 +0200] [upstream] [3969789] STDOUT: Blitzortung connected
[06/Jul/2026:18:48:07 +0200] [upstream] [3969789] STDOUT: Blitzortung WebSocket closed. Reconnecting in 5 seconds...
[06/Jul/2026:18:48:12 +0200] [upstream] [3969789] STDOUT: Blitzortung connected
[06/Jul/2026:18:49:12 +0200] [upstream] [3969789] STDOUT: Blitzortung WebSocket closed. Reconnecting in 5 seconds...
[06/Jul/2026:18:49:17 +0200] [upstream] [3969789] STDOUT: Blitzortung connected
[06/Jul/2026:18:50:17 +0200] [upstream] [3969789] STDOUT: Blitzortung WebSocket closed. Reconnecting in 5 seconds...
[06/Jul/2026:18:50:22 +0200] [upstream] [3969789] STDOUT: Blitzortung connected
[06/Jul/2026:18:51:22 +0200] [upstream] [3969789] STDOUT: Blitzortung WebSocket closed. Reconnecting in 5 seconds...
[06/Jul/2026:18:51:27 +0200] [upstream] [3969789] STDOUT: Blitzortung connected
[06/Jul/2026:18:52:27 +0200] [upstream] [3969789] STDOUT: Blitzortung WebSocket closed. Reconnecting in 5 seconds...
[06/Jul/2026:18:52:32 +0200] [upstream] [3969789] STDOUT: Blitzortung connected
[06/Jul/2026:18:53:32 +0200] [upstream] [3969789] STDOUT: Blitzortung WebSocket closed. Reconnecting in 5 seconds...
[06/Jul/2026:18:53:37 +0200] [upstream] [3969789] STDOUT: Blitzortung connected
[06/Jul/2026:18:54:37 +0200] [upstream] [3969789] STDOUT: Blitzortung WebSocket closed. Reconnecting in 5 seconds...
[06/Jul/2026:18:54:43 +0200] [upstream] [3969789] STDOUT: Blitzortung connected
[06/Jul/2026:18:55:43 +0200] [upstream] [3969789] STDOUT: Blitzortung WebSocket closed. Reconnecting in 5 seconds...
[06/Jul/2026:18:55:48 +0200] [upstream] [3969789] STDOUT: Blitzortung connected
[06/Jul/2026:18:56:48 +0200] [upstream] [3969789] STDOUT: Blitzortung WebSocket closed. Reconnecting in 5 seconds...
[06/Jul/2026:18:56:53 +0200] [upstream] [3969789] STDOUT: Blitzortung connected
[06/Jul/2026:18:57:53 +0200] [upstream] [3969789] STDOUT: Blitzortung WebSocket closed. Reconnecting in 5 seconds...
[06/Jul/2026:18:57:58 +0200] [upstream] [3969789] STDOUT: Blitzortung connected
[06/Jul/2026:18:58:58 +0200] [upstream] [3969789] STDOUT: Blitzortung WebSocket closed. Reconnecting in 5 seconds...
[06/Jul/2026:18:59:03 +0200] [upstream] [3969789] STDOUT: Blitzortung connected
[06/Jul/2026:19:00:03 +0200] [upstream] [3969789] STDOUT: Blitzortung WebSocket closed. Reconnecting in 5 seconds...
[06/Jul/2026:19:00:08 +0200] [upstream] [3969789] STDOUT: Blitzortung connected
[06/Jul/2026:19:01:08 +0200] [upstream] [3969789] STDOUT: Blitzortung WebSocket closed. Reconnecting in 5 seconds...
[06/Jul/2026:19:01:13 +0200] [upstream] [3969789] STDOUT: Blitzortung connected
[06/Jul/2026:19:02:13 +0200] [upstream] [3969789] STDOUT: Blitzortung WebSocket closed. Reconnecting in 5 seconds...
[06/Jul/2026:19:02:18 +0200] [upstream] [3969789] STDOUT: Blitzortung connected
[06/Jul/2026:19:03:18 +0200] [upstream] [3969789] STDOUT: Blitzortung WebSocket closed. Reconnecting in 5 seconds...
[06/Jul/2026:19:03:24 +0200] [upstream] [3969789] STDOUT: Blitzortung connected
[06/Jul/2026:19:04:24 +0200] [upstream] [3969789] STDOUT: Blitzortung WebSocket closed. Reconnecting in 5 seconds...
[06/Jul/2026:19:04:29 +0200] [upstream] [3969789] STDOUT: Blitzortung connected
[06/Jul/2026:19:05:29 +0200] [upstream] [3969789] STDOUT: Blitzortung WebSocket closed. Reconnecting in 5 seconds...
[06/Jul/2026:19:05:34 +0200] [upstream] [3969789] STDOUT: Blitzortung connected
[06/Jul/2026:19:06:34 +0200] [upstream] [3969789] STDOUT: Blitzortung WebSocket closed. Reconnecting in 5 seconds...
[06/Jul/2026:19:06:39 +0200] [upstream] [3969789] STDOUT: Blitzortung connected
[06/Jul/2026:19:07:39 +0200] [upstream] [3969789] STDOUT: Blitzortung WebSocket closed. Reconnecting in 5 seconds...
[06/Jul/2026:19:07:44 +0200] [upstream] [3969789] STDOUT: Blitzortung connected
[06/Jul/2026:19:08:44 +0200] [upstream] [3969789] STDOUT: Blitzortung WebSocket closed. Reconnecting in 5 seconds...
[06/Jul/2026:19:08:49 +0200] [upstream] [3969789] STDOUT: Blitzortung connected
[06/Jul/2026:19:09:49 +0200] [upstream] [3969789] STDOUT: Blitzortung WebSocket closed. Reconnecting in 5 seconds...
[06/Jul/2026:19:09:54 +0200] [upstream] [3969789] STDOUT: Blitzortung connected
[06/Jul/2026:19:10:54 +0200] [upstream] [3969789] STDOUT: Blitzortung WebSocket closed. Reconnecting in 5 seconds...
[06/Jul/2026:19:10:59 +0200] [upstream] [3969789] STDOUT: Blitzortung connected
[06/Jul/2026:19:11:59 +0200] [upstream] [3969789] STDOUT: Blitzortung WebSocket closed. Reconnecting in 5 seconds...
[06/Jul/2026:19:12:05 +0200] [upstream] [3969789] STDOUT: Blitzortung connected
[06/Jul/2026:19:13:05 +0200] [upstream] [3969789] STDOUT: Blitzortung WebSocket closed. Reconnecting in 5 seconds...
[06/Jul/2026:19:13:10 +0200] [upstream] [3969789] STDOUT: Blitzortung connected
[06/Jul/2026:19:14:10 +0200] [upstream] [3969789] STDOUT: Blitzortung WebSocket closed. Reconnecting in 5 seconds...
[06/Jul/2026:19:14:15 +0200] [upstream] [3969789] STDOUT: Blitzortung connected
[06/Jul/2026:19:15:15 +0200] [upstream] [3969789] STDOUT: Blitzortung WebSocket closed. Reconnecting in 5 seconds...
[06/Jul/2026:19:15:20 +0200] [upstream] [3969789] STDOUT: Blitzortung connected
[06/Jul/2026:19:16:20 +0200] [upstream] [3969789] STDOUT: Blitzortung WebSocket closed. Reconnecting in 5 seconds...
[06/Jul/2026:19:16:25 +0200] [upstream] [3969789] STDOUT: Blitzortung connected
[06/Jul/2026:19:17:25 +0200] [upstream] [3969789] STDOUT: Blitzortung WebSocket closed. Reconnecting in 5 seconds...
[06/Jul/2026:19:17:30 +0200] [upstream] [3969789] STDOUT: Blitzortung connected
[06/Jul/2026:19:18:30 +0200] [upstream] [3969789] STDOUT: Blitzortung WebSocket closed. Reconnecting in 5 seconds...
[06/Jul/2026:19:18:35 +0200] [upstream] [3969789] STDOUT: Blitzortung connected
[06/Jul/2026:19:19:35 +0200] [upstream] [3969789] STDOUT: Blitzortung WebSocket closed. Reconnecting in 5 seconds...
[06/Jul/2026:19:19:40 +0200] [upstream] [3969789] STDOUT: Blitzortung connected
[06/Jul/2026:19:20:40 +0200] [upstream] [3969789] STDOUT: Blitzortung WebSocket closed. Reconnecting in 5 seconds...
[06/Jul/2026:19:20:46 +0200] [upstream] [3969789] STDOUT: Blitzortung connected
[06/Jul/2026:19:21:46 +0200] [upstream] [3969789] STDOUT: Blitzortung WebSocket closed. Reconnecting in 5 seconds...
[06/Jul/2026:19:21:51 +0200] [upstream] [3969789] STDOUT: Blitzortung connected
[06/Jul/2026:19:22:51 +0200] [upstream] [3969789] STDOUT: Blitzortung WebSocket closed. Reconnecting in 5 seconds...
[06/Jul/2026:19:22:56 +0200] [upstream] [3969789] STDOUT: Blitzortung connected
[06/Jul/2026:19:23:56 +0200] [upstream] [3969789] STDOUT: Blitzortung WebSocket closed. Reconnecting in 5 seconds...
[06/Jul/2026:19:24:01 +0200] [upstream] [3969789] STDOUT: Blitzortung connected
[06/Jul/2026:19:25:01 +0200] [upstream] [3969789] STDOUT: Blitzortung WebSocket closed. Reconnecting in 5 seconds...
[06/Jul/2026:19:25:06 +0200] [upstream] [3969789] STDOUT: Blitzortung connected
[06/Jul/2026:19:26:06 +0200] [upstream] [3969789] STDOUT: Blitzortung WebSocket closed. Reconnecting in 5 seconds...
[06/Jul/2026:19:26:11 +0200] [upstream] [3969789] STDOUT: Blitzortung connected
[06/Jul/2026:19:27:11 +0200] [upstream] [3969789] STDOUT: Blitzortung WebSocket closed. Reconnecting in 5 seconds...
[06/Jul/2026:19:27:16 +0200] [upstream] [3969789] STDOUT: Blitzortung connected
[06/Jul/2026:19:28:16 +0200] [upstream] [3969789] STDOUT: Blitzortung WebSocket closed. Reconnecting in 5 seconds...
[06/Jul/2026:19:28:21 +0200] [upstream] [3969789] STDOUT: Blitzortung connected
[06/Jul/2026:19:29:21 +0200] [upstream] [3969789] STDOUT: Blitzortung WebSocket closed. Reconnecting in 5 seconds...
[06/Jul/2026:19:29:27 +0200] [upstream] [3969789] STDOUT: Blitzortung connected
[06/Jul/2026:19:30:27 +0200] [upstream] [3969789] STDOUT: Blitzortung WebSocket closed. Reconnecting in 5 seconds...
[06/Jul/2026:19:30:32 +0200] [upstream] [3969789] STDOUT: Blitzortung connected
[06/Jul/2026:19:31:32 +0200] [upstream] [3969789] STDOUT: Blitzortung WebSocket closed. Reconnecting in 5 seconds...
[06/Jul/2026:19:31:37 +0200] [upstream] [3969789] STDOUT: Blitzortung connected
[06/Jul/2026:19:32:37 +0200] [upstream] [3969789] STDOUT: Blitzortung WebSocket closed. Reconnecting in 5 seconds...
[06/Jul/2026:19:32:42 +0200] [upstream] [3969789] STDOUT: Blitzortung connected
[06/Jul/2026:19:33:42 +0200] [upstream] [3969789] STDOUT: Blitzortung WebSocket closed. Reconnecting in 5 seconds...
[06/Jul/2026:19:33:47 +0200] [upstream] [3969789] STDOUT: Blitzortung connected
[06/Jul/2026:19:34:47 +0200] [upstream] [3969789] STDOUT: Blitzortung WebSocket closed. Reconnecting in 5 seconds...
[06/Jul/2026:19:34:52 +0200] [upstream] [3969789] STDOUT: Blitzortung connected
[06/Jul/2026:19:35:52 +0200] [upstream] [3969789] STDOUT: Blitzortung WebSocket closed. Reconnecting in 5 seconds...
[06/Jul/2026:19:35:57 +0200] [upstream] [3969789] STDOUT: Blitzortung connected
[06/Jul/2026:19:36:57 +0200] [upstream] [3969789] STDOUT: Blitzortung WebSocket closed. Reconnecting in 5 seconds...
[06/Jul/2026:19:37:02 +0200] [upstream] [3969789] STDOUT: Blitzortung connected
[06/Jul/2026:19:38:02 +0200] [upstream] [3969789] STDOUT: Blitzortung WebSocket closed. Reconnecting in 5 seconds...
[06/Jul/2026:19:38:07 +0200] [upstream] [3969789] STDOUT: Blitzortung connected
[06/Jul/2026:19:39:07 +0200] [upstream] [3969789] STDOUT: Blitzortung WebSocket closed. Reconnecting in 5 seconds...
[06/Jul/2026:19:39:13 +0200] [upstream] [3969789] STDOUT: Blitzortung connected
[06/Jul/2026:19:40:13 +0200] [upstream] [3969789] STDOUT: Blitzortung WebSocket closed. Reconnecting in 5 seconds...
[06/Jul/2026:19:40:18 +0200] [upstream] [3969789] STDOUT: Blitzortung connected
[06/Jul/2026:19:41:18 +0200] [upstream] [3969789] STDOUT: Blitzortung WebSocket closed. Reconnecting in 5 seconds...
[06/Jul/2026:19:41:23 +0200] [upstream] [3969789] STDOUT: Blitzortung connected
[06/Jul/2026:19:42:23 +0200] [upstream] [3969789] STDOUT: Blitzortung WebSocket closed. Reconnecting in 5 seconds...
[06/Jul/2026:19:42:28 +0200] [upstream] [3969789] STDOUT: Blitzortung connected
[06/Jul/2026:19:43:28 +0200] [upstream] [3969789] STDOUT: Blitzortung WebSocket closed. Reconnecting in 5 seconds...
[06/Jul/2026:19:43:33 +0200] [upstream] [3969789] STDOUT: Blitzortung connected
[06/Jul/2026:19:44:33 +0200] [upstream] [3969789] STDOUT: Blitzortung WebSocket closed. Reconnecting in 5 seconds...
[06/Jul/2026:19:44:38 +0200] [upstream] [3969789] STDOUT: Blitzortung connected
[06/Jul/2026:19:45:38 +0200] [upstream] [3969789] STDOUT: Blitzortung WebSocket closed. Reconnecting in 5 seconds...
[06/Jul/2026:19:45:43 +0200] [upstream] [3969789] STDOUT: Blitzortung connected
[06/Jul/2026:19:46:43 +0200] [upstream] [3969789] STDOUT: Blitzortung WebSocket closed. Reconnecting in 5 seconds...
[06/Jul/2026:19:46:48 +0200] [upstream] [3969789] STDOUT: Blitzortung connected
[06/Jul/2026:19:47:48 +0200] [upstream] [3969789] STDOUT: Blitzortung WebSocket closed. Reconnecting in 5 seconds...
[06/Jul/2026:19:47:54 +0200] [upstream] [3969789] STDOUT: Blitzortung connected
[06/Jul/2026:19:48:54 +0200] [upstream] [3969789] STDOUT: Blitzortung WebSocket closed. Reconnecting in 5 seconds...
[06/Jul/2026:19:48:59 +0200] [upstream] [3969789] STDOUT: Blitzortung connected
[06/Jul/2026:19:49:59 +0200] [upstream] [3969789] STDOUT: Blitzortung WebSocket closed. Reconnecting in 5 seconds...
[06/Jul/2026:19:50:04 +0200] [upstream] [3969789] STDOUT: Blitzortung connected
[06/Jul/2026:19:51:04 +0200] [upstream] [3969789] STDOUT: Blitzortung WebSocket closed. Reconnecting in 5 seconds...
[06/Jul/2026:19:51:09 +0200] [upstream] [3969789] STDOUT: Blitzortung connected
[06/Jul/2026:19:52:09 +0200] [upstream] [3969789] STDOUT: Blitzortung WebSocket closed. Reconnecting in 5 seconds...
[06/Jul/2026:19:52:14 +0200] [upstream] [3969789] STDOUT: Blitzortung connected
[06/Jul/2026:19:53:14 +0200] [upstream] [3969789] STDOUT: Blitzortung WebSocket closed. Reconnecting in 5 seconds...
[06/Jul/2026:19:53:19 +0200] [upstream] [3969789] STDOUT: Blitzortung connected
[06/Jul/2026:19:54:19 +0200] [upstream] [3969789] STDOUT: Blitzortung WebSocket closed. Reconnecting in 5 seconds...
[06/Jul/2026:19:54:24 +0200] [upstream] [3969789] STDOUT: Blitzortung connected
[06/Jul/2026:19:55:24 +0200] [upstream] [3969789] STDOUT: Blitzortung WebSocket closed. Reconnecting in 5 seconds...
[06/Jul/2026:19:55:29 +0200] [upstream] [3969789] STDOUT: Blitzortung connected
[06/Jul/2026:19:56:29 +0200] [upstream] [3969789] STDOUT: Blitzortung WebSocket closed. Reconnecting in 5 seconds...
[06/Jul/2026:19:56:35 +0200] [upstream] [3969789] STDOUT: Blitzortung connected
[06/Jul/2026:19:57:35 +0200] [upstream] [3969789] STDOUT: Blitzortung WebSocket closed. Reconnecting in 5 seconds...
[06/Jul/2026:19:57:40 +0200] [upstream] [3969789] STDOUT: Blitzortung connected
[06/Jul/2026:19:58:40 +0200] [upstream] [3969789] STDOUT: Blitzortung WebSocket closed. Reconnecting in 5 seconds...
[06/Jul/2026:19:58:45 +0200] [upstream] [3969789] STDOUT: Blitzortung connected
[06/Jul/2026:19:59:45 +0200] [upstream] [3969789] STDOUT: Blitzortung WebSocket closed. Reconnecting in 5 seconds...
[06/Jul/2026:19:59:50 +0200] [upstream] [3969789] STDOUT: Blitzortung connected
[06/Jul/2026:20:00:50 +0200] [upstream] [3969789] STDOUT: Blitzortung WebSocket closed. Reconnecting in 5 seconds...
[06/Jul/2026:20:00:55 +0200] [upstream] [3969789] STDOUT: Blitzortung connected
[06/Jul/2026:20:01:55 +0200] [upstream] [3969789] STDOUT: Blitzortung WebSocket closed. Reconnecting in 5 seconds...
[06/Jul/2026:20:02:00 +0200] [upstream] [3969789] STDOUT: Blitzortung connected
[06/Jul/2026:20:03:00 +0200] [upstream] [3969789] STDOUT: Blitzortung WebSocket closed. Reconnecting in 5 seconds...
[06/Jul/2026:20:03:05 +0200] [upstream] [3969789] STDOUT: Blitzortung connected
[06/Jul/2026:20:04:05 +0200] [upstream] [3969789] STDOUT: Blitzortung WebSocket closed. Reconnecting in 5 seconds...
[06/Jul/2026:20:04:10 +0200] [upstream] [3969789] STDOUT: Blitzortung connected
[06/Jul/2026:20:05:10 +0200] [upstream] [3969789] STDOUT: Blitzortung WebSocket closed. Reconnecting in 5 seconds...
[06/Jul/2026:20:05:16 +0200] [upstream] [3969789] STDOUT: Blitzortung connected
[06/Jul/2026:20:06:16 +0200] [upstream] [3969789] STDOUT: Blitzortung WebSocket closed. Reconnecting in 5 seconds...
[06/Jul/2026:20:06:21 +0200] [upstream] [3969789] STDOUT: Blitzortung connected
[06/Jul/2026:20:07:21 +0200] [upstream] [3969789] STDOUT: Blitzortung WebSocket closed. Reconnecting in 5 seconds...
[06/Jul/2026:20:07:26 +0200] [upstream] [3969789] STDOUT: Blitzortung connected
[06/Jul/2026:20:08:26 +0200] [upstream] [3969789] STDOUT: Blitzortung WebSocket closed. Reconnecting in 5 seconds...
[06/Jul/2026:20:08:31 +0200] [upstream] [3969789] STDOUT: Blitzortung connected
[06/Jul/2026:20:09:31 +0200] [upstream] [3969789] STDOUT: Blitzortung WebSocket closed. Reconnecting in 5 seconds...
[06/Jul/2026:20:09:36 +0200] [upstream] [3969789] STDOUT: Blitzortung connected
[06/Jul/2026:20:10:36 +0200] [upstream] [3969789] STDOUT: Blitzortung WebSocket closed. Reconnecting in 5 seconds...
[06/Jul/2026:20:10:41 +0200] [upstream] [3969789] STDOUT: Blitzortung connected
[06/Jul/2026:20:11:41 +0200] [upstream] [3969789] STDOUT: Blitzortung WebSocket closed. Reconnecting in 5 seconds...
[06/Jul/2026:20:11:46 +0200] [upstream] [3969789] STDOUT: Blitzortung connected
[06/Jul/2026:20:12:46 +0200] [upstream] [3969789] STDOUT: Blitzortung WebSocket closed. Reconnecting in 5 seconds...
[06/Jul/2026:20:12:51 +0200] [upstream] [3969789] STDOUT: Blitzortung connected
[06/Jul/2026:20:13:51 +0200] [upstream] [3969789] STDOUT: Blitzortung WebSocket closed. Reconnecting in 5 seconds...
[06/Jul/2026:20:13:57 +0200] [upstream] [3969789] STDOUT: Blitzortung connected
[06/Jul/2026:20:14:57 +0200] [upstream] [3969789] STDOUT: Blitzortung WebSocket closed. Reconnecting in 5 seconds...
[06/Jul/2026:20:15:02 +0200] [upstream] [3969789] STDOUT: Blitzortung connected
[06/Jul/2026:20:16:02 +0200] [upstream] [3969789] STDOUT: Blitzortung WebSocket closed. Reconnecting in 5 seconds...
[06/Jul/2026:20:16:07 +0200] [upstream] [3969789] STDOUT: Blitzortung connected
[06/Jul/2026:20:17:07 +0200] [upstream] [3969789] STDOUT: Blitzortung WebSocket closed. Reconnecting in 5 seconds...
[06/Jul/2026:20:17:12 +0200] [upstream] [3969789] STDOUT: Blitzortung connected
[06/Jul/2026:20:18:12 +0200] [upstream] [3969789] STDOUT: Blitzortung WebSocket closed. Reconnecting in 5 seconds...
[06/Jul/2026:20:18:17 +0200] [upstream] [3969789] STDOUT: Blitzortung connected
[06/Jul/2026:20:19:17 +0200] [upstream] [3969789] STDOUT: Blitzortung WebSocket closed. Reconnecting in 5 seconds...
[06/Jul/2026:20:19:22 +0200] [upstream] [3969789] STDOUT: Blitzortung connected
[06/Jul/2026:20:20:22 +0200] [upstream] [3969789] STDOUT: Blitzortung WebSocket closed. Reconnecting in 5 seconds...
[06/Jul/2026:20:20:27 +0200] [upstream] [3969789] STDOUT: Blitzortung connected
[06/Jul/2026:20:21:27 +0200] [upstream] [3969789] STDOUT: Blitzortung WebSocket closed. Reconnecting in 5 seconds...
[06/Jul/2026:20:21:32 +0200] [upstream] [3969789] STDOUT: Blitzortung connected
[06/Jul/2026:20:22:32 +0200] [upstream] [3969789] STDOUT: Blitzortung WebSocket closed. Reconnecting in 5 seconds...
[06/Jul/2026:20:22:37 +0200] [upstream] [3969789] STDOUT: Blitzortung connected
[06/Jul/2026:20:23:37 +0200] [upstream] [3969789] STDOUT: Blitzortung WebSocket closed. Reconnecting in 5 seconds...
[06/Jul/2026:20:23:43 +0200] [upstream] [3969789] STDOUT: Blitzortung connected
[06/Jul/2026:20:24:43 +0200] [upstream] [3969789] STDOUT: Blitzortung WebSocket closed. Reconnecting in 5 seconds...
[06/Jul/2026:20:24:48 +0200] [upstream] [3969789] STDOUT: Blitzortung connected
[06/Jul/2026:20:25:48 +0200] [upstream] [3969789] STDOUT: Blitzortung WebSocket closed. Reconnecting in 5 seconds...
[06/Jul/2026:20:25:53 +0200] [upstream] [3969789] STDOUT: Blitzortung connected
[06/Jul/2026:20:26:53 +0200] [upstream] [3969789] STDOUT: Blitzortung WebSocket closed. Reconnecting in 5 seconds...
[06/Jul/2026:20:26:58 +0200] [upstream] [3969789] STDOUT: Blitzortung connected
[06/Jul/2026:20:27:58 +0200] [upstream] [3969789] STDOUT: Blitzortung WebSocket closed. Reconnecting in 5 seconds...
[06/Jul/2026:20:28:03 +0200] [upstream] [3969789] STDOUT: Blitzortung connected
[06/Jul/2026:20:29:03 +0200] [upstream] [3969789] STDOUT: Blitzortung WebSocket closed. Reconnecting in 5 seconds...
[06/Jul/2026:20:29:08 +0200] [upstream] [3969789] STDOUT: Blitzortung connected
[06/Jul/2026:20:30:08 +0200] [upstream] [3969789] STDOUT: Blitzortung WebSocket closed. Reconnecting in 5 seconds...
[06/Jul/2026:20:30:13 +0200] [upstream] [3969789] STDOUT: Blitzortung connected
[06/Jul/2026:20:31:13 +0200] [upstream] [3969789] STDOUT: Blitzortung WebSocket closed. Reconnecting in 5 seconds...
[06/Jul/2026:20:31:18 +0200] [upstream] [3969789] STDOUT: Blitzortung connected
[06/Jul/2026:20:32:18 +0200] [upstream] [3969789] STDOUT: Blitzortung WebSocket closed. Reconnecting in 5 seconds...
[06/Jul/2026:20:32:24 +0200] [upstream] [3969789] STDOUT: Blitzortung connected
[06/Jul/2026:20:33:24 +0200] [upstream] [3969789] STDOUT: Blitzortung WebSocket closed. Reconnecting in 5 seconds...
[06/Jul/2026:20:33:29 +0200] [upstream] [3969789] STDOUT: Blitzortung connected
[06/Jul/2026:20:34:29 +0200] [upstream] [3969789] STDOUT: Blitzortung WebSocket closed. Reconnecting in 5 seconds...
[06/Jul/2026:20:34:34 +0200] [upstream] [3969789] STDOUT: Blitzortung connected
[06/Jul/2026:20:35:34 +0200] [upstream] [3969789] STDOUT: Blitzortung WebSocket closed. Reconnecting in 5 seconds...
[06/Jul/2026:20:35:39 +0200] [upstream] [3969789] STDOUT: Blitzortung connected
[06/Jul/2026:20:36:39 +0200] [upstream] [3969789] STDOUT: Blitzortung WebSocket closed. Reconnecting in 5 seconds...
[06/Jul/2026:20:36:44 +0200] [upstream] [3969789] STDOUT: Blitzortung connected
[06/Jul/2026:20:37:44 +0200] [upstream] [3969789] STDOUT: Blitzortung WebSocket closed. Reconnecting in 5 seconds...
[06/Jul/2026:20:37:49 +0200] [upstream] [3969789] STDOUT: Blitzortung connected
[06/Jul/2026:20:38:49 +0200] [upstream] [3969789] STDOUT: Blitzortung WebSocket closed. Reconnecting in 5 seconds...
[06/Jul/2026:20:38:54 +0200] [upstream] [3969789] STDOUT: Blitzortung connected
[06/Jul/2026:20:39:54 +0200] [upstream] [3969789] STDOUT: Blitzortung WebSocket closed. Reconnecting in 5 seconds...
[06/Jul/2026:20:39:59 +0200] [upstream] [3969789] STDOUT: Blitzortung connected
[06/Jul/2026:20:40:59 +0200] [upstream] [3969789] STDOUT: Blitzortung WebSocket closed. Reconnecting in 5 seconds...
[06/Jul/2026:20:41:05 +0200] [upstream] [3969789] STDOUT: Blitzortung connected
[06/Jul/2026:20:42:05 +0200] [upstream] [3969789] STDOUT: Blitzortung WebSocket closed. Reconnecting in 5 seconds...
[06/Jul/2026:20:42:10 +0200] [upstream] [3969789] STDOUT: Blitzortung connected
[06/Jul/2026:20:43:10 +0200] [upstream] [3969789] STDOUT: Blitzortung WebSocket closed. Reconnecting in 5 seconds...
[06/Jul/2026:20:43:15 +0200] [upstream] [3969789] STDOUT: Blitzortung connected
[06/Jul/2026:20:44:15 +0200] [upstream] [3969789] STDOUT: Blitzortung WebSocket closed. Reconnecting in 5 seconds...
[06/Jul/2026:20:44:20 +0200] [upstream] [3969789] STDOUT: Blitzortung connected
[06/Jul/2026:20:45:20 +0200] [upstream] [3969789] STDOUT: Blitzortung WebSocket closed. Reconnecting in 5 seconds...
[06/Jul/2026:20:45:25 +0200] [upstream] [3969789] STDOUT: Blitzortung connected
[06/Jul/2026:20:46:25 +0200] [upstream] [3969789] STDOUT: Blitzortung WebSocket closed. Reconnecting in 5 seconds...
[06/Jul/2026:20:46:30 +0200] [upstream] [3969789] STDOUT: Blitzortung connected
[06/Jul/2026:20:47:30 +0200] [upstream] [3969789] STDOUT: Blitzortung WebSocket closed. Reconnecting in 5 seconds...
[06/Jul/2026:20:47:35 +0200] [upstream] [3969789] STDOUT: Blitzortung connected
[06/Jul/2026:20:48:35 +0200] [upstream] [3969789] STDOUT: Blitzortung WebSocket closed. Reconnecting in 5 seconds...
[06/Jul/2026:20:48:40 +0200] [upstream] [3969789] STDOUT: Blitzortung connected
[06/Jul/2026:20:49:40 +0200] [upstream] [3969789] STDOUT: Blitzortung WebSocket closed. Reconnecting in 5 seconds...
[06/Jul/2026:20:49:46 +0200] [upstream] [3969789] STDOUT: Blitzortung connected
[06/Jul/2026:20:50:46 +0200] [upstream] [3969789] STDOUT: Blitzortung WebSocket closed. Reconnecting in 5 seconds...
[06/Jul/2026:20:50:51 +0200] [upstream] [3969789] STDOUT: Blitzortung connected
[06/Jul/2026:20:51:51 +0200] [upstream] [3969789] STDOUT: Blitzortung WebSocket closed. Reconnecting in 5 seconds...
[06/Jul/2026:20:51:56 +0200] [upstream] [3969789] STDOUT: Blitzortung connected
[06/Jul/2026:20:52:56 +0200] [upstream] [3969789] STDOUT: Blitzortung WebSocket closed. Reconnecting in 5 seconds...
[06/Jul/2026:20:53:01 +0200] [upstream] [3969789] STDOUT: Blitzortung connected
[06/Jul/2026:20:54:01 +0200] [upstream] [3969789] STDOUT: Blitzortung WebSocket closed. Reconnecting in 5 seconds...
[06/Jul/2026:20:54:06 +0200] [upstream] [3969789] STDOUT: Blitzortung connected
[06/Jul/2026:20:55:06 +0200] [upstream] [3969789] STDOUT: Blitzortung WebSocket closed. Reconnecting in 5 seconds...
[06/Jul/2026:20:55:11 +0200] [upstream] [3969789] STDOUT: Blitzortung connected
[06/Jul/2026:20:56:11 +0200] [upstream] [3969789] STDOUT: Blitzortung WebSocket closed. Reconnecting in 5 seconds...
[06/Jul/2026:20:56:16 +0200] [upstream] [3969789] STDOUT: Blitzortung connected
[06/Jul/2026:20:57:16 +0200] [upstream] [3969789] STDOUT: Blitzortung WebSocket closed. Reconnecting in 5 seconds...
[06/Jul/2026:20:57:21 +0200] [upstream] [3969789] STDOUT: Blitzortung connected
[06/Jul/2026:20:58:21 +0200] [upstream] [3969789] STDOUT: Blitzortung WebSocket closed. Reconnecting in 5 seconds...
[06/Jul/2026:20:58:27 +0200] [upstream] [3969789] STDOUT: Blitzortung connected
[06/Jul/2026:20:59:27 +0200] [upstream] [3969789] STDOUT: Blitzortung WebSocket closed. Reconnecting in 5 seconds...
[06/Jul/2026:20:59:32 +0200] [upstream] [3969789] STDOUT: Blitzortung connected
[06/Jul/2026:21:00:32 +0200] [upstream] [3969789] STDOUT: Blitzortung WebSocket closed. Reconnecting in 5 seconds...
[06/Jul/2026:21:00:37 +0200] [upstream] [3969789] STDOUT: Blitzortung connected
[06/Jul/2026:21:01:37 +0200] [upstream] [3969789] STDOUT: Blitzortung WebSocket closed. Reconnecting in 5 seconds...
[06/Jul/2026:21:01:42 +0200] [upstream] [3969789] STDOUT: Blitzortung connected
[06/Jul/2026:21:02:42 +0200] [upstream] [3969789] STDOUT: Blitzortung WebSocket closed. Reconnecting in 5 seconds...
[06/Jul/2026:21:02:47 +0200] [upstream] [3969789] STDOUT: Blitzortung connected
[06/Jul/2026:21:03:47 +0200] [upstream] [3969789] STDOUT: Blitzortung WebSocket closed. Reconnecting in 5 seconds...
[06/Jul/2026:21:03:52 +0200] [upstream] [3969789] STDOUT: Blitzortung connected
[06/Jul/2026:21:04:52 +0200] [upstream] [3969789] STDOUT: Blitzortung WebSocket closed. Reconnecting in 5 seconds...
[06/Jul/2026:21:04:57 +0200] [upstream] [3969789] STDOUT: Blitzortung connected
[06/Jul/2026:21:05:57 +0200] [upstream] [3969789] STDOUT: Blitzortung WebSocket closed. Reconnecting in 5 seconds...
[06/Jul/2026:21:06:02 +0200] [upstream] [3969789] STDOUT: Blitzortung connected
[06/Jul/2026:21:07:02 +0200] [upstream] [3969789] STDOUT: Blitzortung WebSocket closed. Reconnecting in 5 seconds...
[06/Jul/2026:21:07:08 +0200] [upstream] [3969789] STDOUT: Blitzortung connected
[06/Jul/2026:21:08:08 +0200] [upstream] [3969789] STDOUT: Blitzortung WebSocket closed. Reconnecting in 5 seconds...
[06/Jul/2026:21:08:13 +0200] [upstream] [3969789] STDOUT: Blitzortung connected
[06/Jul/2026:21:09:13 +0200] [upstream] [3969789] STDOUT: Blitzortung WebSocket closed. Reconnecting in 5 seconds...
[06/Jul/2026:21:09:18 +0200] [upstream] [3969789] STDOUT: Blitzortung connected
[06/Jul/2026:21:10:18 +0200] [upstream] [3969789] STDOUT: Blitzortung WebSocket closed. Reconnecting in 5 seconds...
[06/Jul/2026:21:10:23 +0200] [upstream] [3969789] STDOUT: Blitzortung connected
[06/Jul/2026:21:11:23 +0200] [upstream] [3969789] STDOUT: Blitzortung WebSocket closed. Reconnecting in 5 seconds...
[06/Jul/2026:21:11:28 +0200] [upstream] [3969789] STDOUT: Blitzortung connected
[06/Jul/2026:21:12:28 +0200] [upstream] [3969789] STDOUT: Blitzortung WebSocket closed. Reconnecting in 5 seconds...
[06/Jul/2026:21:12:33 +0200] [upstream] [3969789] STDOUT: Blitzortung connected
[06/Jul/2026:21:13:33 +0200] [upstream] [3969789] STDOUT: Blitzortung WebSocket closed. Reconnecting in 5 seconds...
[06/Jul/2026:21:13:38 +0200] [upstream] [3969789] STDOUT: Blitzortung connected
[06/Jul/2026:21:14:38 +0200] [upstream] [3969789] STDOUT: Blitzortung WebSocket closed. Reconnecting in 5 seconds...
[06/Jul/2026:21:14:43 +0200] [upstream] [3969789] STDOUT: Blitzortung connected
[06/Jul/2026:21:15:43 +0200] [upstream] [3969789] STDOUT: Blitzortung WebSocket closed. Reconnecting in 5 seconds...
[06/Jul/2026:21:15:48 +0200] [upstream] [3969789] STDOUT: Blitzortung connected
[06/Jul/2026:21:16:48 +0200] [upstream] [3969789] STDOUT: Blitzortung WebSocket closed. Reconnecting in 5 seconds...
[06/Jul/2026:21:16:54 +0200] [upstream] [3969789] STDOUT: Blitzortung connected
[06/Jul/2026:21:17:54 +0200] [upstream] [3969789] STDOUT: Blitzortung WebSocket closed. Reconnecting in 5 seconds...
[06/Jul/2026:21:17:59 +0200] [upstream] [3969789] STDOUT: Blitzortung connected
[06/Jul/2026:21:18:59 +0200] [upstream] [3969789] STDOUT: Blitzortung WebSocket closed. Reconnecting in 5 seconds...
[06/Jul/2026:21:19:04 +0200] [upstream] [3969789] STDOUT: Blitzortung connected
[06/Jul/2026:21:20:04 +0200] [upstream] [3969789] STDOUT: Blitzortung WebSocket closed. Reconnecting in 5 seconds...
[06/Jul/2026:21:20:09 +0200] [upstream] [3969789] STDOUT: Blitzortung connected
[06/Jul/2026:21:21:09 +0200] [upstream] [3969789] STDOUT: Blitzortung WebSocket closed. Reconnecting in 5 seconds...
[06/Jul/2026:21:21:14 +0200] [upstream] [3969789] STDOUT: Blitzortung connected
[06/Jul/2026:21:22:14 +0200] [upstream] [3969789] STDOUT: Blitzortung WebSocket closed. Reconnecting in 5 seconds...
[06/Jul/2026:21:22:19 +0200] [upstream] [3969789] STDOUT: Blitzortung connected
[06/Jul/2026:21:23:19 +0200] [upstream] [3969789] STDOUT: Blitzortung WebSocket closed. Reconnecting in 5 seconds...
[06/Jul/2026:21:23:24 +0200] [upstream] [3969789] STDOUT: Blitzortung connected
[06/Jul/2026:21:24:24 +0200] [upstream] [3969789] STDOUT: Blitzortung WebSocket closed. Reconnecting in 5 seconds...
[06/Jul/2026:21:24:29 +0200] [upstream] [3969789] STDOUT: Blitzortung connected
[06/Jul/2026:21:25:29 +0200] [upstream] [3969789] STDOUT: Blitzortung WebSocket closed. Reconnecting in 5 seconds...
[06/Jul/2026:21:25:35 +0200] [upstream] [3969789] STDOUT: Blitzortung connected
[06/Jul/2026:21:26:35 +0200] [upstream] [3969789] STDOUT: Blitzortung WebSocket closed. Reconnecting in 5 seconds...
[06/Jul/2026:21:26:40 +0200] [upstream] [3969789] STDOUT: Blitzortung connected
[06/Jul/2026:21:27:40 +0200] [upstream] [3969789] STDOUT: Blitzortung WebSocket closed. Reconnecting in 5 seconds...
[06/Jul/2026:21:27:45 +0200] [upstream] [3969789] STDOUT: Blitzortung connected
[06/Jul/2026:21:28:45 +0200] [upstream] [3969789] STDOUT: Blitzortung WebSocket closed. Reconnecting in 5 seconds...
[06/Jul/2026:21:28:50 +0200] [upstream] [3969789] STDOUT: Blitzortung connected
[06/Jul/2026:21:29:50 +0200] [upstream] [3969789] STDOUT: Blitzortung WebSocket closed. Reconnecting in 5 seconds...
[06/Jul/2026:21:29:55 +0200] [upstream] [3969789] STDOUT: Blitzortung connected
[06/Jul/2026:21:30:55 +0200] [upstream] [3969789] STDOUT: Blitzortung WebSocket closed. Reconnecting in 5 seconds...
[06/Jul/2026:21:31:00 +0200] [upstream] [3969789] STDOUT: Blitzortung connected
[06/Jul/2026:21:32:00 +0200] [upstream] [3969789] STDOUT: Blitzortung WebSocket closed. Reconnecting in 5 seconds...
[06/Jul/2026:21:32:05 +0200] [upstream] [3969789] STDOUT: Blitzortung connected
[06/Jul/2026:21:33:05 +0200] [upstream] [3969789] STDOUT: Blitzortung WebSocket closed. Reconnecting in 5 seconds...
[06/Jul/2026:21:33:10 +0200] [upstream] [3969789] STDOUT: Blitzortung connected
[06/Jul/2026:21:34:10 +0200] [upstream] [3969789] STDOUT: Blitzortung WebSocket closed. Reconnecting in 5 seconds...
[06/Jul/2026:21:34:16 +0200] [upstream] [3969789] STDOUT: Blitzortung connected
[06/Jul/2026:21:35:16 +0200] [upstream] [3969789] STDOUT: Blitzortung WebSocket closed. Reconnecting in 5 seconds...
[06/Jul/2026:21:35:21 +0200] [upstream] [3969789] STDOUT: Blitzortung connected
[06/Jul/2026:21:36:21 +0200] [upstream] [3969789] STDOUT: Blitzortung WebSocket closed. Reconnecting in 5 seconds...
[06/Jul/2026:21:36:26 +0200] [upstream] [3969789] STDOUT: Blitzortung connected
[06/Jul/2026:21:37:26 +0200] [upstream] [3969789] STDOUT: Blitzortung WebSocket closed. Reconnecting in 5 seconds...
[06/Jul/2026:21:37:31 +0200] [upstream] [3969789] STDOUT: Blitzortung connected
[06/Jul/2026:21:38:31 +0200] [upstream] [3969789] STDOUT: Blitzortung WebSocket closed. Reconnecting in 5 seconds...
[06/Jul/2026:21:38:36 +0200] [upstream] [3969789] STDOUT: Blitzortung connected
[06/Jul/2026:21:39:36 +0200] [upstream] [3969789] STDOUT: Blitzortung WebSocket closed. Reconnecting in 5 seconds...
[06/Jul/2026:21:39:41 +0200] [upstream] [3969789] STDOUT: Blitzortung connected
[06/Jul/2026:21:40:41 +0200] [upstream] [3969789] STDOUT: Blitzortung WebSocket closed. Reconnecting in 5 seconds...
[06/Jul/2026:21:40:46 +0200] [upstream] [3969789] STDOUT: Blitzortung connected
[06/Jul/2026:21:41:46 +0200] [upstream] [3969789] STDOUT: Blitzortung WebSocket closed. Reconnecting in 5 seconds...
[06/Jul/2026:21:41:51 +0200] [upstream] [3969789] STDOUT: Blitzortung connected
[06/Jul/2026:21:42:51 +0200] [upstream] [3969789] STDOUT: Blitzortung WebSocket closed. Reconnecting in 5 seconds...
[06/Jul/2026:21:42:57 +0200] [upstream] [3969789] STDOUT: Blitzortung connected
[06/Jul/2026:21:43:57 +0200] [upstream] [3969789] STDOUT: Blitzortung WebSocket closed. Reconnecting in 5 seconds...
[06/Jul/2026:21:44:02 +0200] [upstream] [3969789] STDOUT: Blitzortung connected
[06/Jul/2026:21:45:02 +0200] [upstream] [3969789] STDOUT: Blitzortung WebSocket closed. Reconnecting in 5 seconds...
[06/Jul/2026:21:45:07 +0200] [upstream] [3969789] STDOUT: Blitzortung connected
[06/Jul/2026:21:46:07 +0200] [upstream] [3969789] STDOUT: Blitzortung WebSocket closed. Reconnecting in 5 seconds...
[06/Jul/2026:21:46:12 +0200] [upstream] [3969789] STDOUT: Blitzortung connected
[06/Jul/2026:21:47:12 +0200] [upstream] [3969789] STDOUT: Blitzortung WebSocket closed. Reconnecting in 5 seconds...
[06/Jul/2026:21:47:17 +0200] [upstream] [3969789] STDOUT: Blitzortung connected
[06/Jul/2026:21:48:17 +0200] [upstream] [3969789] STDOUT: Blitzortung WebSocket closed. Reconnecting in 5 seconds...
[06/Jul/2026:21:48:22 +0200] [upstream] [3969789] STDOUT: Blitzortung connected
[06/Jul/2026:21:49:22 +0200] [upstream] [3969789] STDOUT: Blitzortung WebSocket closed. Reconnecting in 5 seconds...
[06/Jul/2026:21:49:27 +0200] [upstream] [3969789] STDOUT: Blitzortung connected
[06/Jul/2026:21:50:27 +0200] [upstream] [3969789] STDOUT: Blitzortung WebSocket closed. Reconnecting in 5 seconds...
[06/Jul/2026:21:50:32 +0200] [upstream] [3969789] STDOUT: Blitzortung connected
[06/Jul/2026:21:51:32 +0200] [upstream] [3969789] STDOUT: Blitzortung WebSocket closed. Reconnecting in 5 seconds...
[06/Jul/2026:21:51:38 +0200] [upstream] [3969789] STDOUT: Blitzortung connected
[06/Jul/2026:21:52:38 +0200] [upstream] [3969789] STDOUT: Blitzortung WebSocket closed. Reconnecting in 5 seconds...
[06/Jul/2026:21:52:43 +0200] [upstream] [3969789] STDOUT: Blitzortung connected
[06/Jul/2026:21:53:43 +0200] [upstream] [3969789] STDOUT: Blitzortung WebSocket closed. Reconnecting in 5 seconds...
[06/Jul/2026:21:53:48 +0200] [upstream] [3969789] STDOUT: Blitzortung connected
[06/Jul/2026:21:54:48 +0200] [upstream] [3969789] STDOUT: Blitzortung WebSocket closed. Reconnecting in 5 seconds...
[06/Jul/2026:21:54:53 +0200] [upstream] [3969789] STDOUT: Blitzortung connected
[06/Jul/2026:21:55:53 +0200] [upstream] [3969789] STDOUT: Blitzortung WebSocket closed. Reconnecting in 5 seconds...
[06/Jul/2026:21:55:58 +0200] [upstream] [3969789] STDOUT: Blitzortung connected
[06/Jul/2026:21:56:58 +0200] [upstream] [3969789] STDOUT: Blitzortung WebSocket closed. Reconnecting in 5 seconds...
[06/Jul/2026:21:57:03 +0200] [upstream] [3969789] STDOUT: Blitzortung connected
[06/Jul/2026:21:58:03 +0200] [upstream] [3969789] STDOUT: Blitzortung WebSocket closed. Reconnecting in 5 seconds...
[06/Jul/2026:21:58:08 +0200] [upstream] [3969789] STDOUT: Blitzortung connected
[06/Jul/2026:21:59:08 +0200] [upstream] [3969789] STDOUT: Blitzortung WebSocket closed. Reconnecting in 5 seconds...
[06/Jul/2026:21:59:13 +0200] [upstream] [3969789] STDOUT: Blitzortung connected
[06/Jul/2026:22:00:13 +0200] [upstream] [3969789] STDOUT: Blitzortung WebSocket closed. Reconnecting in 5 seconds...
[06/Jul/2026:22:00:19 +0200] [upstream] [3969789] STDOUT: Blitzortung connected
[06/Jul/2026:22:01:19 +0200] [upstream] [3969789] STDOUT: Blitzortung WebSocket closed. Reconnecting in 5 seconds...
[06/Jul/2026:22:01:24 +0200] [upstream] [3969789] STDOUT: Blitzortung connected
[06/Jul/2026:22:02:24 +0200] [upstream] [3969789] STDOUT: Blitzortung WebSocket closed. Reconnecting in 5 seconds...
[06/Jul/2026:22:02:29 +0200] [upstream] [3969789] STDOUT: Blitzortung connected
[06/Jul/2026:22:03:29 +0200] [upstream] [3969789] STDOUT: Blitzortung WebSocket closed. Reconnecting in 5 seconds...
[06/Jul/2026:22:03:34 +0200] [upstream] [3969789] STDOUT: Blitzortung connected
[06/Jul/2026:22:04:34 +0200] [upstream] [3969789] STDOUT: Blitzortung WebSocket closed. Reconnecting in 5 seconds...
[06/Jul/2026:22:04:39 +0200] [upstream] [3969789] STDOUT: Blitzortung connected
[06/Jul/2026:22:05:39 +0200] [upstream] [3969789] STDOUT: Blitzortung WebSocket closed. Reconnecting in 5 seconds...
[06/Jul/2026:22:05:44 +0200] [upstream] [3969789] STDOUT: Blitzortung connected
[06/Jul/2026:22:06:44 +0200] [upstream] [3969789] STDOUT: Blitzortung WebSocket closed. Reconnecting in 5 seconds...
[06/Jul/2026:22:06:49 +0200] [upstream] [3969789] STDOUT: Blitzortung connected
[06/Jul/2026:22:07:49 +0200] [upstream] [3969789] STDOUT: Blitzortung WebSocket closed. Reconnecting in 5 seconds...
[06/Jul/2026:22:07:54 +0200] [upstream] [3969789] STDOUT: Blitzortung connected
[06/Jul/2026:22:08:54 +0200] [upstream] [3969789] STDOUT: Blitzortung WebSocket closed. Reconnecting in 5 seconds...
[06/Jul/2026:22:08:59 +0200] [upstream] [3969789] STDOUT: Blitzortung connected
[06/Jul/2026:22:09:59 +0200] [upstream] [3969789] STDOUT: Blitzortung WebSocket closed. Reconnecting in 5 seconds...
[06/Jul/2026:22:10:05 +0200] [upstream] [3969789] STDOUT: Blitzortung connected
[06/Jul/2026:22:11:05 +0200] [upstream] [3969789] STDOUT: Blitzortung WebSocket closed. Reconnecting in 5 seconds...
[06/Jul/2026:22:11:10 +0200] [upstream] [3969789] STDOUT: Blitzortung connected
[06/Jul/2026:22:12:10 +0200] [upstream] [3969789] STDOUT: Blitzortung WebSocket closed. Reconnecting in 5 seconds...
[06/Jul/2026:22:12:15 +0200] [upstream] [3969789] STDOUT: Blitzortung connected
[06/Jul/2026:22:13:15 +0200] [upstream] [3969789] STDOUT: Blitzortung WebSocket closed. Reconnecting in 5 seconds...
[06/Jul/2026:22:13:20 +0200] [upstream] [3969789] STDOUT: Blitzortung connected
[06/Jul/2026:22:14:20 +0200] [upstream] [3969789] STDOUT: Blitzortung WebSocket closed. Reconnecting in 5 seconds...
[06/Jul/2026:22:14:25 +0200] [upstream] [3969789] STDOUT: Blitzortung connected
[06/Jul/2026:22:15:25 +0200] [upstream] [3969789] STDOUT: Blitzortung WebSocket closed. Reconnecting in 5 seconds...
[06/Jul/2026:22:15:30 +0200] [upstream] [3969789] STDOUT: Blitzortung connected
[06/Jul/2026:22:16:30 +0200] [upstream] [3969789] STDOUT: Blitzortung WebSocket closed. Reconnecting in 5 seconds...
[06/Jul/2026:22:16:35 +0200] [upstream] [3969789] STDOUT: Blitzortung connected
[06/Jul/2026:22:17:35 +0200] [upstream] [3969789] STDOUT: Blitzortung WebSocket closed. Reconnecting in 5 seconds...
[06/Jul/2026:22:17:40 +0200] [upstream] [3969789] STDOUT: Blitzortung connected
[06/Jul/2026:22:18:40 +0200] [upstream] [3969789] STDOUT: Blitzortung WebSocket closed. Reconnecting in 5 seconds...
[06/Jul/2026:22:18:46 +0200] [upstream] [3969789] STDOUT: Blitzortung connected
[06/Jul/2026:22:19:46 +0200] [upstream] [3969789] STDOUT: Blitzortung WebSocket closed. Reconnecting in 5 seconds...
[06/Jul/2026:22:19:51 +0200] [upstream] [3969789] STDOUT: Blitzortung connected
[06/Jul/2026:22:20:51 +0200] [upstream] [3969789] STDOUT: Blitzortung WebSocket closed. Reconnecting in 5 seconds...
[06/Jul/2026:22:20:56 +0200] [upstream] [3969789] STDOUT: Blitzortung connected
[06/Jul/2026:22:21:56 +0200] [upstream] [3969789] STDOUT: Blitzortung WebSocket closed. Reconnecting in 5 seconds...
[06/Jul/2026:22:22:01 +0200] [upstream] [3969789] STDOUT: Blitzortung connected
[06/Jul/2026:22:23:01 +0200] [upstream] [3969789] STDOUT: Blitzortung WebSocket closed. Reconnecting in 5 seconds...
[06/Jul/2026:22:23:06 +0200] [upstream] [3969789] STDOUT: Blitzortung connected
[06/Jul/2026:22:24:06 +0200] [upstream] [3969789] STDOUT: Blitzortung WebSocket closed. Reconnecting in 5 seconds...
[06/Jul/2026:22:24:11 +0200] [upstream] [3969789] STDOUT: Blitzortung connected
[06/Jul/2026:22:25:11 +0200] [upstream] [3969789] STDOUT: Blitzortung WebSocket closed. Reconnecting in 5 seconds...
[06/Jul/2026:22:25:16 +0200] [upstream] [3969789] STDOUT: Blitzortung connected
[06/Jul/2026:22:26:16 +0200] [upstream] [3969789] STDOUT: Blitzortung WebSocket closed. Reconnecting in 5 seconds...
[06/Jul/2026:22:26:21 +0200] [upstream] [3969789] STDOUT: Blitzortung connected
[06/Jul/2026:22:27:21 +0200] [upstream] [3969789] STDOUT: Blitzortung WebSocket closed. Reconnecting in 5 seconds...
[06/Jul/2026:22:27:27 +0200] [upstream] [3969789] STDOUT: Blitzortung connected
[06/Jul/2026:22:28:27 +0200] [upstream] [3969789] STDOUT: Blitzortung WebSocket closed. Reconnecting in 5 seconds...
[06/Jul/2026:22:28:32 +0200] [upstream] [3969789] STDOUT: Blitzortung connected
[06/Jul/2026:22:29:32 +0200] [upstream] [3969789] STDOUT: Blitzortung WebSocket closed. Reconnecting in 5 seconds...
[06/Jul/2026:22:29:37 +0200] [upstream] [3969789] STDOUT: Blitzortung connected
[06/Jul/2026:22:30:37 +0200] [upstream] [3969789] STDOUT: Blitzortung WebSocket closed. Reconnecting in 5 seconds...
[06/Jul/2026:22:30:42 +0200] [upstream] [3969789] STDOUT: Blitzortung connected
[06/Jul/2026:22:31:42 +0200] [upstream] [3969789] STDOUT: Blitzortung WebSocket closed. Reconnecting in 5 seconds...
[06/Jul/2026:22:31:47 +0200] [upstream] [3969789] STDOUT: Blitzortung connected
[06/Jul/2026:22:32:47 +0200] [upstream] [3969789] STDOUT: Blitzortung WebSocket closed. Reconnecting in 5 seconds...
[06/Jul/2026:22:32:52 +0200] [upstream] [3969789] STDOUT: Blitzortung connected
[06/Jul/2026:22:33:52 +0200] [upstream] [3969789] STDOUT: Blitzortung WebSocket closed. Reconnecting in 5 seconds...
[06/Jul/2026:22:33:57 +0200] [upstream] [3969789] STDOUT: Blitzortung connected
[06/Jul/2026:22:34:57 +0200] [upstream] [3969789] STDOUT: Blitzortung WebSocket closed. Reconnecting in 5 seconds...
[06/Jul/2026:22:35:02 +0200] [upstream] [3969789] STDOUT: Blitzortung connected
[06/Jul/2026:22:36:02 +0200] [upstream] [3969789] STDOUT: Blitzortung WebSocket closed. Reconnecting in 5 seconds...
[06/Jul/2026:22:36:08 +0200] [upstream] [3969789] STDOUT: Blitzortung connected
[06/Jul/2026:22:37:08 +0200] [upstream] [3969789] STDOUT: Blitzortung WebSocket closed. Reconnecting in 5 seconds...
[06/Jul/2026:22:37:13 +0200] [upstream] [3969789] STDOUT: Blitzortung connected
[06/Jul/2026:22:38:13 +0200] [upstream] [3969789] STDOUT: Blitzortung WebSocket closed. Reconnecting in 5 seconds...
[06/Jul/2026:22:38:18 +0200] [upstream] [3969789] STDOUT: Blitzortung connected
[06/Jul/2026:22:39:18 +0200] [upstream] [3969789] STDOUT: Blitzortung WebSocket closed. Reconnecting in 5 seconds...
[06/Jul/2026:22:39:23 +0200] [upstream] [3969789] STDOUT: Blitzortung connected
[06/Jul/2026:22:40:23 +0200] [upstream] [3969789] STDOUT: Blitzortung WebSocket closed. Reconnecting in 5 seconds...
[06/Jul/2026:22:40:28 +0200] [upstream] [3969789] STDOUT: Blitzortung connected
[06/Jul/2026:22:41:28 +0200] [upstream] [3969789] STDOUT: Blitzortung WebSocket closed. Reconnecting in 5 seconds...
[06/Jul/2026:22:41:33 +0200] [upstream] [3969789] STDOUT: Blitzortung connected
[06/Jul/2026:22:42:33 +0200] [upstream] [3969789] STDOUT: Blitzortung WebSocket closed. Reconnecting in 5 seconds...
[06/Jul/2026:22:42:38 +0200] [upstream] [3969789] STDOUT: Blitzortung connected
[06/Jul/2026:22:43:38 +0200] [upstream] [3969789] STDOUT: Blitzortung WebSocket closed. Reconnecting in 5 seconds...
[06/Jul/2026:22:43:43 +0200] [upstream] [3969789] STDOUT: Blitzortung connected
[06/Jul/2026:22:44:43 +0200] [upstream] [3969789] STDOUT: Blitzortung WebSocket closed. Reconnecting in 5 seconds...
[06/Jul/2026:22:44:49 +0200] [upstream] [3969789] STDOUT: Blitzortung connected
[06/Jul/2026:22:45:49 +0200] [upstream] [3969789] STDOUT: Blitzortung WebSocket closed. Reconnecting in 5 seconds...
[06/Jul/2026:22:45:54 +0200] [upstream] [3969789] STDOUT: Blitzortung connected
[06/Jul/2026:22:46:54 +0200] [upstream] [3969789] STDOUT: Blitzortung WebSocket closed. Reconnecting in 5 seconds...
[06/Jul/2026:22:46:59 +0200] [upstream] [3969789] STDOUT: Blitzortung connected
[06/Jul/2026:22:47:59 +0200] [upstream] [3969789] STDOUT: Blitzortung WebSocket closed. Reconnecting in 5 seconds...
[06/Jul/2026:22:48:04 +0200] [upstream] [3969789] STDOUT: Blitzortung connected
[06/Jul/2026:22:49:04 +0200] [upstream] [3969789] STDOUT: Blitzortung WebSocket closed. Reconnecting in 5 seconds...
[06/Jul/2026:22:49:09 +0200] [upstream] [3969789] STDOUT: Blitzortung connected
[06/Jul/2026:22:50:09 +0200] [upstream] [3969789] STDOUT: Blitzortung WebSocket closed. Reconnecting in 5 seconds...
[06/Jul/2026:22:50:14 +0200] [upstream] [3969789] STDOUT: Blitzortung connected
[06/Jul/2026:22:51:14 +0200] [upstream] [3969789] STDOUT: Blitzortung WebSocket closed. Reconnecting in 5 seconds...
[06/Jul/2026:22:51:19 +0200] [upstream] [3969789] STDOUT: Blitzortung connected
[06/Jul/2026:22:52:19 +0200] [upstream] [3969789] STDOUT: Blitzortung WebSocket closed. Reconnecting in 5 seconds...
[06/Jul/2026:22:52:24 +0200] [upstream] [3969789] STDOUT: Blitzortung connected
[06/Jul/2026:22:53:24 +0200] [upstream] [3969789] STDOUT: Blitzortung WebSocket closed. Reconnecting in 5 seconds...
[06/Jul/2026:22:53:30 +0200] [upstream] [3969789] STDOUT: Blitzortung connected
[06/Jul/2026:22:54:30 +0200] [upstream] [3969789] STDOUT: Blitzortung WebSocket closed. Reconnecting in 5 seconds...
[06/Jul/2026:22:54:35 +0200] [upstream] [3969789] STDOUT: Blitzortung connected
[06/Jul/2026:22:55:35 +0200] [upstream] [3969789] STDOUT: Blitzortung WebSocket closed. Reconnecting in 5 seconds...
[06/Jul/2026:22:55:40 +0200] [upstream] [3969789] STDOUT: Blitzortung connected
[06/Jul/2026:22:56:40 +0200] [upstream] [3969789] STDOUT: Blitzortung WebSocket closed. Reconnecting in 5 seconds...
[06/Jul/2026:22:56:45 +0200] [upstream] [3969789] STDOUT: Blitzortung connected
[06/Jul/2026:22:57:45 +0200] [upstream] [3969789] STDOUT: Blitzortung WebSocket closed. Reconnecting in 5 seconds...
[06/Jul/2026:22:57:50 +0200] [upstream] [3969789] STDOUT: Blitzortung connected
[06/Jul/2026:22:58:50 +0200] [upstream] [3969789] STDOUT: Blitzortung WebSocket closed. Reconnecting in 5 seconds...
[06/Jul/2026:22:58:55 +0200] [upstream] [3969789] STDOUT: Blitzortung connected
[06/Jul/2026:22:59:55 +0200] [upstream] [3969789] STDOUT: Blitzortung WebSocket closed. Reconnecting in 5 seconds...
[06/Jul/2026:23:00:00 +0200] [upstream] [3969789] STDOUT: Blitzortung connected
[06/Jul/2026:23:01:00 +0200] [upstream] [3969789] STDOUT: Blitzortung WebSocket closed. Reconnecting in 5 seconds...
[06/Jul/2026:23:01:05 +0200] [upstream] [3969789] STDOUT: Blitzortung connected
[06/Jul/2026:23:02:05 +0200] [upstream] [3969789] STDOUT: Blitzortung WebSocket closed. Reconnecting in 5 seconds...
[06/Jul/2026:23:02:11 +0200] [upstream] [3969789] STDOUT: Blitzortung connected
[06/Jul/2026:23:03:11 +0200] [upstream] [3969789] STDOUT: Blitzortung WebSocket closed. Reconnecting in 5 seconds...
[06/Jul/2026:23:03:16 +0200] [upstream] [3969789] STDOUT: Blitzortung connected
[06/Jul/2026:23:04:16 +0200] [upstream] [3969789] STDOUT: Blitzortung WebSocket closed. Reconnecting in 5 seconds...
[06/Jul/2026:23:04:21 +0200] [upstream] [3969789] STDOUT: Blitzortung connected
[06/Jul/2026:23:05:21 +0200] [upstream] [3969789] STDOUT: Blitzortung WebSocket closed. Reconnecting in 5 seconds...
[06/Jul/2026:23:05:26 +0200] [upstream] [3969789] STDOUT: Blitzortung connected
[06/Jul/2026:23:06:26 +0200] [upstream] [3969789] STDOUT: Blitzortung WebSocket closed. Reconnecting in 5 seconds...
[06/Jul/2026:23:06:31 +0200] [upstream] [3969789] STDOUT: Blitzortung connected
[06/Jul/2026:23:07:31 +0200] [upstream] [3969789] STDOUT: Blitzortung WebSocket closed. Reconnecting in 5 seconds...
[06/Jul/2026:23:07:36 +0200] [upstream] [3969789] STDOUT: Blitzortung connected
[06/Jul/2026:23:08:36 +0200] [upstream] [3969789] STDOUT: Blitzortung WebSocket closed. Reconnecting in 5 seconds...
[06/Jul/2026:23:08:41 +0200] [upstream] [3969789] STDOUT: Blitzortung connected
[06/Jul/2026:23:09:41 +0200] [upstream] [3969789] STDOUT: Blitzortung WebSocket closed. Reconnecting in 5 seconds...
[06/Jul/2026:23:09:46 +0200] [upstream] [3969789] STDOUT: Blitzortung connected
[06/Jul/2026:23:10:46 +0200] [upstream] [3969789] STDOUT: Blitzortung WebSocket closed. Reconnecting in 5 seconds...
[06/Jul/2026:23:10:52 +0200] [upstream] [3969789] STDOUT: Blitzortung connected
[06/Jul/2026:23:11:52 +0200] [upstream] [3969789] STDOUT: Blitzortung WebSocket closed. Reconnecting in 5 seconds...
[06/Jul/2026:23:11:57 +0200] [upstream] [3969789] STDOUT: Blitzortung connected
[06/Jul/2026:23:12:57 +0200] [upstream] [3969789] STDOUT: Blitzortung WebSocket closed. Reconnecting in 5 seconds...
[06/Jul/2026:23:13:02 +0200] [upstream] [3969789] STDOUT: Blitzortung connected
[06/Jul/2026:23:14:02 +0200] [upstream] [3969789] STDOUT: Blitzortung WebSocket closed. Reconnecting in 5 seconds...
[06/Jul/2026:23:14:07 +0200] [upstream] [3969789] STDOUT: Blitzortung connected
[06/Jul/2026:23:15:07 +0200] [upstream] [3969789] STDOUT: Blitzortung WebSocket closed. Reconnecting in 5 seconds...
[06/Jul/2026:23:15:12 +0200] [upstream] [3969789] STDOUT: Blitzortung connected
[06/Jul/2026:23:16:12 +0200] [upstream] [3969789] STDOUT: Blitzortung WebSocket closed. Reconnecting in 5 seconds...
[06/Jul/2026:23:16:17 +0200] [upstream] [3969789] STDOUT: Blitzortung connected
[06/Jul/2026:23:17:17 +0200] [upstream] [3969789] STDOUT: Blitzortung WebSocket closed. Reconnecting in 5 seconds...
[06/Jul/2026:23:17:22 +0200] [upstream] [3969789] STDOUT: Blitzortung connected
[06/Jul/2026:23:18:22 +0200] [upstream] [3969789] STDOUT: Blitzortung WebSocket closed. Reconnecting in 5 seconds...
[06/Jul/2026:23:18:27 +0200] [upstream] [3969789] STDOUT: Blitzortung connected
[06/Jul/2026:23:19:27 +0200] [upstream] [3969789] STDOUT: Blitzortung WebSocket closed. Reconnecting in 5 seconds...
[06/Jul/2026:23:19:32 +0200] [upstream] [3969789] STDOUT: Blitzortung connected
[06/Jul/2026:23:20:32 +0200] [upstream] [3969789] STDOUT: Blitzortung WebSocket closed. Reconnecting in 5 seconds...
[06/Jul/2026:23:20:38 +0200] [upstream] [3969789] STDOUT: Blitzortung connected
[06/Jul/2026:23:21:38 +0200] [upstream] [3969789] STDOUT: Blitzortung WebSocket closed. Reconnecting in 5 seconds...
[06/Jul/2026:23:21:43 +0200] [upstream] [3969789] STDOUT: Blitzortung connected
[06/Jul/2026:23:22:43 +0200] [upstream] [3969789] STDOUT: Blitzortung WebSocket closed. Reconnecting in 5 seconds...
[06/Jul/2026:23:22:48 +0200] [upstream] [3969789] STDOUT: Blitzortung connected
[06/Jul/2026:23:23:48 +0200] [upstream] [3969789] STDOUT: Blitzortung WebSocket closed. Reconnecting in 5 seconds...
[06/Jul/2026:23:23:53 +0200] [upstream] [3969789] STDOUT: Blitzortung connected
[06/Jul/2026:23:24:53 +0200] [upstream] [3969789] STDOUT: Blitzortung WebSocket closed. Reconnecting in 5 seconds...
[06/Jul/2026:23:24:58 +0200] [upstream] [3969789] STDOUT: Blitzortung connected
[06/Jul/2026:23:25:58 +0200] [upstream] [3969789] STDOUT: Blitzortung WebSocket closed. Reconnecting in 5 seconds...
[06/Jul/2026:23:26:03 +0200] [upstream] [3969789] STDOUT: Blitzortung connected
[06/Jul/2026:23:27:03 +0200] [upstream] [3969789] STDOUT: Blitzortung WebSocket closed. Reconnecting in 5 seconds...
[06/Jul/2026:23:27:08 +0200] [upstream] [3969789] STDOUT: Blitzortung connected
[06/Jul/2026:23:28:08 +0200] [upstream] [3969789] STDOUT: Blitzortung WebSocket closed. Reconnecting in 5 seconds...
[06/Jul/2026:23:28:13 +0200] [upstream] [3969789] STDOUT: Blitzortung connected
[06/Jul/2026:23:29:13 +0200] [upstream] [3969789] STDOUT: Blitzortung WebSocket closed. Reconnecting in 5 seconds...
[06/Jul/2026:23:29:19 +0200] [upstream] [3969789] STDOUT: Blitzortung connected
[06/Jul/2026:23:30:19 +0200] [upstream] [3969789] STDOUT: Blitzortung WebSocket closed. Reconnecting in 5 seconds...
[06/Jul/2026:23:30:24 +0200] [upstream] [3969789] STDOUT: Blitzortung connected
[06/Jul/2026:23:31:24 +0200] [upstream] [3969789] STDOUT: Blitzortung WebSocket closed. Reconnecting in 5 seconds...
[06/Jul/2026:23:31:29 +0200] [upstream] [3969789] STDOUT: Blitzortung connected
[06/Jul/2026:23:32:29 +0200] [upstream] [3969789] STDOUT: Blitzortung WebSocket closed. Reconnecting in 5 seconds...
[06/Jul/2026:23:32:34 +0200] [upstream] [3969789] STDOUT: Blitzortung connected
[06/Jul/2026:23:33:34 +0200] [upstream] [3969789] STDOUT: Blitzortung WebSocket closed. Reconnecting in 5 seconds...
[06/Jul/2026:23:33:39 +0200] [upstream] [3969789] STDOUT: Blitzortung connected
[06/Jul/2026:23:34:39 +0200] [upstream] [3969789] STDOUT: Blitzortung WebSocket closed. Reconnecting in 5 seconds...
[06/Jul/2026:23:34:44 +0200] [upstream] [3969789] STDOUT: Blitzortung connected
[06/Jul/2026:23:35:44 +0200] [upstream] [3969789] STDOUT: Blitzortung WebSocket closed. Reconnecting in 5 seconds...
[06/Jul/2026:23:35:49 +0200] [upstream] [3969789] STDOUT: Blitzortung connected
[06/Jul/2026:23:36:49 +0200] [upstream] [3969789] STDOUT: Blitzortung WebSocket closed. Reconnecting in 5 seconds...
[06/Jul/2026:23:36:54 +0200] [upstream] [3969789] STDOUT: Blitzortung connected
[06/Jul/2026:23:37:54 +0200] [upstream] [3969789] STDOUT: Blitzortung WebSocket closed. Reconnecting in 5 seconds...
[06/Jul/2026:23:38:00 +0200] [upstream] [3969789] STDOUT: Blitzortung connected
[06/Jul/2026:23:39:00 +0200] [upstream] [3969789] STDOUT: Blitzortung WebSocket closed. Reconnecting in 5 seconds...
[06/Jul/2026:23:39:05 +0200] [upstream] [3969789] STDOUT: Blitzortung connected
[06/Jul/2026:23:40:05 +0200] [upstream] [3969789] STDOUT: Blitzortung WebSocket closed. Reconnecting in 5 seconds...
[06/Jul/2026:23:40:10 +0200] [upstream] [3969789] STDOUT: Blitzortung connected
[06/Jul/2026:23:41:10 +0200] [upstream] [3969789] STDOUT: Blitzortung WebSocket closed. Reconnecting in 5 seconds...
[06/Jul/2026:23:41:15 +0200] [upstream] [3969789] STDOUT: Blitzortung connected
[06/Jul/2026:23:42:15 +0200] [upstream] [3969789] STDOUT: Blitzortung WebSocket closed. Reconnecting in 5 seconds...
[06/Jul/2026:23:42:20 +0200] [upstream] [3969789] STDOUT: Blitzortung connected
[06/Jul/2026:23:43:20 +0200] [upstream] [3969789] STDOUT: Blitzortung WebSocket closed. Reconnecting in 5 seconds...
[06/Jul/2026:23:43:25 +0200] [upstream] [3969789] STDOUT: Blitzortung connected
[06/Jul/2026:23:44:25 +0200] [upstream] [3969789] STDOUT: Blitzortung WebSocket closed. Reconnecting in 5 seconds...
[06/Jul/2026:23:44:30 +0200] [upstream] [3969789] STDOUT: Blitzortung connected
[06/Jul/2026:23:45:30 +0200] [upstream] [3969789] STDOUT: Blitzortung WebSocket closed. Reconnecting in 5 seconds...
[06/Jul/2026:23:45:35 +0200] [upstream] [3969789] STDOUT: Blitzortung connected
[06/Jul/2026:23:46:35 +0200] [upstream] [3969789] STDOUT: Blitzortung WebSocket closed. Reconnecting in 5 seconds...
[06/Jul/2026:23:46:41 +0200] [upstream] [3969789] STDOUT: Blitzortung connected
[06/Jul/2026:23:47:41 +0200] [upstream] [3969789] STDOUT: Blitzortung WebSocket closed. Reconnecting in 5 seconds...
[06/Jul/2026:23:47:46 +0200] [upstream] [3969789] STDOUT: Blitzortung connected
[06/Jul/2026:23:48:46 +0200] [upstream] [3969789] STDOUT: Blitzortung WebSocket closed. Reconnecting in 5 seconds...
[06/Jul/2026:23:48:51 +0200] [upstream] [3969789] STDOUT: Blitzortung connected
[06/Jul/2026:23:49:51 +0200] [upstream] [3969789] STDOUT: Blitzortung WebSocket closed. Reconnecting in 5 seconds...
[06/Jul/2026:23:49:56 +0200] [upstream] [3969789] STDOUT: Blitzortung connected
[06/Jul/2026:23:50:56 +0200] [upstream] [3969789] STDOUT: Blitzortung WebSocket closed. Reconnecting in 5 seconds...
[06/Jul/2026:23:51:01 +0200] [upstream] [3969789] STDOUT: Blitzortung connected
[06/Jul/2026:23:52:01 +0200] [upstream] [3969789] STDOUT: Blitzortung WebSocket closed. Reconnecting in 5 seconds...
[06/Jul/2026:23:52:06 +0200] [upstream] [3969789] STDOUT: Blitzortung connected
[06/Jul/2026:23:53:06 +0200] [upstream] [3969789] STDOUT: Blitzortung WebSocket closed. Reconnecting in 5 seconds...
[06/Jul/2026:23:53:11 +0200] [upstream] [3969789] STDOUT: Blitzortung connected
[06/Jul/2026:23:54:11 +0200] [upstream] [3969789] STDOUT: Blitzortung WebSocket closed. Reconnecting in 5 seconds...
[06/Jul/2026:23:54:16 +0200] [upstream] [3969789] STDOUT: Blitzortung connected
[06/Jul/2026:23:55:16 +0200] [upstream] [3969789] STDOUT: Blitzortung WebSocket closed. Reconnecting in 5 seconds...
[06/Jul/2026:23:55:22 +0200] [upstream] [3969789] STDOUT: Blitzortung connected
[06/Jul/2026:23:56:22 +0200] [upstream] [3969789] STDOUT: Blitzortung WebSocket closed. Reconnecting in 5 seconds...
[06/Jul/2026:23:56:27 +0200] [upstream] [3969789] STDOUT: Blitzortung connected
[06/Jul/2026:23:57:27 +0200] [upstream] [3969789] STDOUT: Blitzortung WebSocket closed. Reconnecting in 5 seconds...
[06/Jul/2026:23:57:32 +0200] [upstream] [3969789] STDOUT: Blitzortung connected
[06/Jul/2026:23:58:32 +0200] [upstream] [3969789] STDOUT: Blitzortung WebSocket closed. Reconnecting in 5 seconds...
[06/Jul/2026:23:58:37 +0200] [upstream] [3969789] STDOUT: Blitzortung connected
[06/Jul/2026:23:59:37 +0200] [upstream] [3969789] STDOUT: Blitzortung WebSocket closed. Reconnecting in 5 seconds...
[06/Jul/2026:23:59:42 +0200] [upstream] [3969789] STDOUT: Blitzortung connected
